track,kind,module,module_order,item_order,item_title,item_type,duration_seconds,status
A Day in the Life,craft,(no courses linked),,,,,,
Chemical Warranty,craft,Knowledge Notes 1,1,1,Warranty Anchor,cue,,draft
Chemical Warranty,craft,Knowledge Notes 1,1,2,Warranty Bridge,cue,,draft
Chemical Warranty,craft,Knowledge Notes 1,1,3,What's Covered,cue,,draft
Chemical Warranty,craft,Knowledge Notes 1,1,4,What's Not Covered,cue,,draft
Chemical Warranty,craft,Knowledge Notes 1,1,5,Chemical Warranty,cue,,draft
Chemical Warranty,craft,Knowledge Notes 1,1,6,Documentation,cue,,draft
Chemical Warranty,craft,Knowledge Notes 1,1,7,Claim Process,cue,,draft
Chemical Warranty,craft,Knowledge Notes 1,1,8,Bundle Warranty,cue,,draft
Chemical Warranty,craft,Knowledge Notes 2,2,9,"Sell Protection, Not Maintenance",cue,,draft
Chemical Warranty,craft,Knowledge Notes 2,2,10,Time-Based Coverage,cue,,draft
Chemical Warranty,craft,Knowledge Notes 2,2,11,Mileage-Based Coverage,cue,,draft
Chemical Warranty,craft,Knowledge Notes 2,2,12,Warranty Renewal,cue,,draft
Chemical Warranty,craft,Closing Strategies 1,3,13,"The MOC Products Limited Warranty is a vehicle protection program backed by MOC Products Company, Inc.",cue,,published
Chemical Warranty,craft,Closing Strategies 1,3,14,"TO QUALIFY: Vehicle must be (1) less than 100,000 miles on the odometer, (2) less than 10 years old as of January 1st of the model year, (3) maintained per the manufacturer's recommended schedule, (4) gross vehicle weight 12,500 lbs or less, (5) privately-owned passenger car, van, SUV, or pickup used exclusively for personal use.",cue,,draft
Chemical Warranty,craft,Closing Strategies 1,3,15,"TO MAINTAIN BENEFITS: Engine service every 10,000 miles.",cue,,draft
Chemical Warranty,craft,Closing Strategies 1,3,16,"WAITING PERIOD: Vehicle protection becomes effective only after 60 days OR 750 miles (1,200 km), whichever occurs LAST.",cue,,draft
Chemical Warranty,craft,Closing Strategies 1,3,17,"COVERAGE LIMITS: Up to $4,000 protection per covered system.",cue,,draft
Chemical Warranty,craft,Closing Strategies 1,3,18,"REPAIR PROCEDURE: If a covered failure occurs, the customer or shop must contact MOC Warranty Department at 800-928-9880 BEFORE any repair work begins.",cue,,draft
Chemical Warranty,craft,Closing Strategies 1,3,19,WHAT'S COVERED: Repair or replacement of specifically-listed lubricated parts within each covered system that fail due to abnormal wear or corrosion.,cue,,draft
Chemical Warranty,craft,Closing Strategies 1,3,20,"WHAT'S NOT COVERED (Universal Exclusions): Commercial use (taxi, fleet, delivery, rental, police, off-road, racing, snow removal, construction); vehicles for towing without factory tow package; vehicles with rebuilt or salvage titles; gray-market vehicles; vehicles with altered or non-functioning odometers; pre-existing conditions; collision/fire/theft/vandalism/flood/lightning/earthquake/hail/windstorm/freezing damage; manufacturer recall components; non-MOC fluid use; failure to maintain proper fluid levels; DIY service of any kind.",cue,,draft
Chemical Warranty,craft,Closing Strategies 2,4,21,EFL-046  ·  ENGINE SYSTEM,cue,,draft
Chemical Warranty,craft,Closing Strategies 2,4,22,FSC-017  ·  FUEL SYSTEM,cue,,draft
Chemical Warranty,craft,Closing Strategies 2,4,23,"TRF-011  ·  AUTO TRANSMISSION (incl. CVT, DSG/DCT)",cue,,draft
Chemical Warranty,craft,Closing Strategies 2,4,24,BFF-012  ·  BRAKE SYSTEM,cue,,draft
Chemical Warranty,craft,Closing Strategies 2,4,25,PSF-013  ·  POWER STEERING,cue,,draft
Chemical Warranty,craft,Closing Strategies 2,4,26,CLF-010  ·  COOLING SYSTEM,cue,,draft
Chemical Warranty,craft,Closing Strategies 2,4,27,DFF-014 + TCF-015 · DRIVELINE (Differential + Transfer Case),cue,,published
Chemical Warranty,craft,Closing Strategies 2,4,28,MANUAL TRANSMISSION (no dedicated op code — falls under TRF-011 family),cue,,draft
Chemical Warranty,craft,Closing Strategies 3,5,29,LOW TIER (1-9% — Word Track),cue,,draft
Chemical Warranty,craft,Closing Strategies 3,5,30,LOW TIER,cue,,draft
Chemical Warranty,craft,Closing Strategies 3,5,31,LOW TIER,cue,,draft
Chemical Warranty,craft,Closing Strategies 3,5,32,LOW TIER,cue,,draft
Chemical Warranty,craft,Closing Strategies 3,5,33,FLEET OWNER,cue,,draft
Chemical Warranty,craft,Closing Strategies 3,5,34,SINGLE-VEHICLE FAMILY,cue,,draft
Chemical Warranty,craft,Closing Strategies 3,5,35,"POST-WARRANTY CUSTOMER (60K+ miles, factory warranty expired)",cue,,draft
Chemical Warranty,craft,Closing Strategies 3,5,36,REPEAT CUSTOMER (already had MOC service before),cue,,draft
Chemical Warranty,craft,Closing Strategies 4,6,37,SKEPTICAL CUSTOMER ('Sounds too good to be true'),cue,,draft
Chemical Warranty,craft,Closing Strategies 4,6,38,PREMIUM-VEHICLE CUSTOMER (luxury / high-value vehicle),cue,,draft
Chemical Warranty,craft,Closing Strategies 4,6,39,MONEY: 'It's too expensive.',cue,,draft
Chemical Warranty,craft,Closing Strategies 4,6,40,MONEY: 'I don't have it right now.',cue,,draft
Chemical Warranty,craft,Closing Strategies 4,6,41,TIME: 'I don't have time today.',cue,,draft
Chemical Warranty,craft,Closing Strategies 4,6,42,TIME: 'How long does this warranty actually last?',cue,,draft
Menu Presentation,craft,(no courses linked),,,,,,
Phones and Tones,craft,(no courses linked),,,,,,
Battery,service,(via service_family_content),,,3-Year Rule,cue,,published
Battery,service,(via service_family_content),,,"A weak 12V battery causes phantom electronic faults — false ADAS warnings, suspension fault codes, infotainment reboots, EyeSight alerts — that look like expensive problems but are actually a $200 battery.",cue,,published
Battery,service,(via service_family_content),,,AGM (Absorbed Glass Mat) batteries are required for stop-start systems and 48V mild-hybrids — installing a standard flooded lead-acid disables stop-start and can damage the charging system.,cue,,published
Battery,service,(via service_family_content),,,AGM (Absorbed Glass Mat) batteries are required for stop-start systems and 48V mild-hybrids — installing a standard flooded lead-acid disables stop-start and can damage the charging system.,cue,,published
Battery,service,(via service_family_content),,,AGM vs Flooded,cue,,published
Battery,service,(via service_family_content),,,ATT-036 Alternator Test,cue,,published
Battery,service,(via service_family_content),,,BAT-033 Battery Replacement,cue,,published
Battery,service,(via service_family_content),,,BLB-037 Bulb Replacement,cue,,published
Battery,service,(via service_family_content),,,BTS-034 Battery Terminal Svc,cue,,published
Battery,service,(via service_family_content),,,BTT-035 Battery Test,cue,,published
Battery,service,(via service_family_content),,,Battery Purpose,cue,,published
Battery,service,(via service_family_content),,,Battery Terminals,cue,,published
Battery,service,(via service_family_content),,,Battery Testing,cue,,published
Battery,service,(via service_family_content),,,Battery Testing,cue,,published
Battery,service,(via service_family_content),,,"Battery testing should happen at every service visit — most OEMs explicitly recommend it, and most stores skip it. A free test is the highest-trust upsell available because the data does the selling.",cue,,published
Battery,service,(via service_family_content),,,"Battery testing should happen at every service visit — most OEMs explicitly recommend it, and most stores skip it. A free test is the highest-trust upsell available because the data does the selling.",cue,,published
Battery,service,(via service_family_content),,,Charging System,cue,,published
Battery,service,(via service_family_content),,,Charging System,cue,,published
Battery,service,(via service_family_content),,,Charging System Test,cue,,published
Battery,service,(via service_family_content),,,Cold Weather,cue,,published
Battery,service,(via service_family_content),,,"Common Ford EV issues: charge port contactor wear (perfect MOC PN 1097 application), infotainment lockups, 12V battery failures.",cue,,published
Battery,service,(via service_family_content),,,"Common GM EV issues: charge cord port wear (perfect MOC PN 1097 application), infotainment issues, 12V battery failures.",cue,,published
Battery,service,(via service_family_content),,,DieHard batteries are manufactured by Clarios and East Penn Manufacturing depending on line — both among the largest US battery manufacturers.,cue,,published
Battery,service,(via service_family_content),,,DieHard has strong brand recognition built over decades of Sears advertising — the 'DieHard' name itself has become synonymous with reliability — the brand benefits from this legacy.,cue,,published
Battery,service,(via service_family_content),,,"DieHard offers tiered options: Gold (premium flooded and AGM), Silver (mid-tier), and Red (economy) — covering most automotive applications.",cue,,published
Battery,service,(via service_family_content),,,"DieHard was originally a Sears-exclusive brand launched in 1967 — Sears's bankruptcy led to Advance Auto Parts acquiring the brand in 2019. Now sold primarily through Advance, Carquest, Walmart, and Amazon.",cue,,published
Battery,service,(via service_family_content),,,"DieHard was originally a Sears-exclusive brand launched in 1967 — Sears's bankruptcy led to Advance Auto Parts acquiring the brand in 2019. Now sold primarily through Advance, Carquest, Walmart, and Amazon.",cue,,published
Battery,service,(via service_family_content),,,Diesel Dual Battery,cue,,published
Battery,service,(via service_family_content),,,EV 12V Battery,cue,,published
Battery,service,(via service_family_content),,,EVs and hybrids still have a 12V battery — and a dead 12V will completely disable the vehicle even with a full traction battery. The 12V wakes the electronics that engage the traction battery contact,cue,,published
Battery,service,(via service_family_content),,,EVs and hybrids still have a 12V battery — and a dead 12V will completely disable the vehicle even with a full traction battery. The 12V wakes the electronics that engage the traction battery contactor.,cue,,published
Battery,service,(via service_family_content),,,Hot Weather,cue,,published
Battery,service,(via service_family_content),,,Hot Weather,cue,,published
Battery,service,(via service_family_content),,,"Interstate Batteries is one of the largest distributors of replacement automotive batteries in North America — over 200,000 dealer locations across independent shops, dealerships, and big-box retailers.",cue,,published
Battery,service,(via service_family_content),,,Interstate Tiered Options,cue,,published
Battery,service,(via service_family_content),,,Interstate doesn't manufacture all its own batteries — they're typically built by Clarios (formerly Johnson Controls) and other major manufacturers under the Interstate brand with their own warranty.,cue,,published
Battery,service,(via service_family_content),,,Interstate has been the official battery of NASCAR (since 1992) and many professional motorsports series — building brand recognition through racing.,cue,,published
Battery,service,(via service_family_content),,,"Interstate offers tiered options: M-Series (Mega-Tron), MTP-Series (premium flooded), MTX-Series (AGM), and MT7 (heavy-duty commercial) — covering economy through severe-duty.",cue,,published
Battery,service,(via service_family_content),,,Interstate's free battery testing and replacement service at dealer locations is a major customer-loyalty driver — the brand is widely trusted for honoring warranties without hassle.,cue,,published
Battery,service,(via service_family_content),,,"Modern vehicles require a BMS (Battery Management System) reset/relearn after 12V battery replacement — skip it and the alternator will over- or under-charge the new battery, killing it in 6–12 months.",cue,,published
Battery,service,(via service_family_content),,,"Modern vehicles require a BMS (Battery Management System) reset/relearn after 12V battery replacement — skip it and the alternator will over- or under-charge the new battery, killing it in 6–12 months.",cue,,published
Battery,service,(via service_family_content),,,"Optima batteries are popular in off-road, hot-rod, modified-vehicle, and motorsport communities — durability, vibration resistance, and ability to mount in non-standard orientations (sealed, won't leak).",cue,,published
Battery,service,(via service_family_content),,,"Optima batteries use SpiralCell technology (tightly wound spiral plates rather than flat plates) — claims include better vibration resistance and longer life, particularly relevant for off-road, racing, and severe-duty.",cue,,published
Battery,service,(via service_family_content),,,"Optima is famous for distinctive yellow, red, and blue-top spiral-cell AGM battery designs — revolutionary when introduced in the 1990s and visually iconic in the aftermarket.",cue,,published
Battery,service,(via service_family_content),,,"Optima is famous for distinctive yellow, red, and blue-top spiral-cell AGM battery designs — revolutionary when introduced in the 1990s and visually iconic in the aftermarket.",cue,,published
Battery,service,(via service_family_content),,,"Optima is owned by Clarios (formerly Johnson Controls Power Solutions), one of the world's largest automotive battery manufacturers — positioned as premium-tier above standard flooded.",cue,,published
Battery,service,(via service_family_content),,,Piggyback Wipers,cue,,published
Battery,service,(via service_family_content),,,STRATEGY 1: The Charging System Bundle — Battery Test + Alternator Test + Battery Terminal Service Together,cue,,published
Battery,service,(via service_family_content),,,STRATEGY 2: The Pre-Failure Replacement — Use Test Data to Drive the Close BEFORE the Customer Is Stranded,cue,,published
Battery,service,(via service_family_content),,,STRATEGY 2: The Pre-Failure Replacement — Use Test Data to Drive the Close BEFORE the Customer Is Stranded,cue,,published
Battery,service,(via service_family_content),,,STRATEGY 3: The EV/Hybrid 12V Education Sale — Most Owners Don't Know They Have One,cue,,published
Battery,service,(via service_family_content),,,STRATEGY 3: The EV/Hybrid 12V Education Sale — Most Owners Don't Know They Have One,cue,,published
Battery,service,(via service_family_content),,,Strategy 4: The 12V Battery Education Sale.,cue,,published
Battery,service,(via service_family_content),,,THE 12V BATTERY STILL EXISTS ON EVERY EV — FAILURE CAUSES TOTAL LOCKOUT.,cue,,published
Battery,service,(via service_family_content),,,Terminal Cleaning,cue,,published
Battery,service,(via service_family_content),,,"The DieHard Platinum AGM line is positioned for stop-start vehicles, performance applications, and luxury vehicles requiring AGM technology.",cue,,published
Battery,service,(via service_family_content),,,"The RedTop is a starting battery for standard vehicles, the YellowTop is deep-cycle/dual-purpose for high-electrical-load vehicles (audio, winches), and the BlueTop is for marine and RV.",cue,,published
Battery,service,(via service_family_content),,,Time + Mileage BTM,cue,,published
Battery,service,(via service_family_content),,,Warranty,cue,,published
Battery,service,(via service_family_content),,,Warranty Window Story,cue,,published
Belts & Cooling,service,(via service_family_content),,,After-MPI,advisor_video,210,published
Belts & Cooling,service,(via service_family_content),,,After-MPI,advisor_video,226,published
Belts & Cooling,service,(via service_family_content),,,After-MPI,advisor_video,308,published
Belts & Cooling,service,(via service_family_content),,,At the Kiosk,advisor_video,75,published
Belts & Cooling,service,(via service_family_content),,,At the Kiosk,advisor_video,67,published
Belts & Cooling,service,(via service_family_content),,,At the Kiosk,advisor_video,61,published
Belts & Cooling,service,(via service_family_content),,,MPI Setup,advisor_video,212,published
Belts & Cooling,service,(via service_family_content),,,MPI Setup,advisor_video,108,published
Belts & Cooling,service,(via service_family_content),,,MPI Setup,advisor_video,134,published
Belts & Cooling,service,(via service_family_content),,,On the Drive,advisor_video,334,published
Belts & Cooling,service,(via service_family_content),,,On the Drive,advisor_video,248,published
Belts & Cooling,service,(via service_family_content),,,On the Drive,advisor_video,320,published
Belts & Cooling,service,(via service_family_content),,,A coolant hose failure is rarely just a hose problem — it's a head gasket risk.,cue,,published
Belts & Cooling,service,(via service_family_content),,,ACDelco is GM's OE belt brand — options include Genuine GM (OE-identical) and Professional (OE-spec for service applications).,cue,,published
Belts & Cooling,service,(via service_family_content),,,ACDelco is GM's OE coolant hose brand — options include Genuine GM (OE-identical) and Professional (OE-spec for service applications).,cue,,published
Belts & Cooling,service,(via service_family_content),,,"ACDelco offers coolant hoses for police pursuit, fleet, and commercial applications (Tahoe PPV, Silverado SSV, Express vans) with higher temperature ratings for sustained idle and severe-duty operation.",cue,,published
Belts & Cooling,service,(via service_family_content),,,"ACDelco offers heavy-duty belts for police pursuit, fleet, and commercial applications (Tahoe PPV, Silverado SSV, Express vans) with higher temperature and load ratings.",cue,,published
Belts & Cooling,service,(via service_family_content),,,ACDelco offers timing chain kits and tensioners as service parts but largely doesn't carry timing belt kits — they're not needed for current production.,cue,,published
Belts & Cooling,service,(via service_family_content),,,"AMG models (M139 turbo-four, M177/178 V8 biturbo, M256 inline-six) have additional coolant hoses for the turbocharger, intercooler, and transmission cooling circuits.",cue,,published
Belts & Cooling,service,(via service_family_content),,,"AMG models (M139 turbo-four, M177/178 V8 biturbo, M256 inline-six) use heavy-duty belts validated for supercharger and turbocharger drive demands.",cue,,published
Belts & Cooling,service,(via service_family_content),,,"Acura applications (RDX, MDX, TLX, Integra) often have higher-grade hose materials and additional cooling circuits compared to equivalent Honda models — reflecting the luxury positioning.",cue,,published
Belts & Cooling,service,(via service_family_content),,,Aerospace and military pedigree — Flexfab's silicone hose technology was developed for aerospace and military applications where failure isn't an option.,cue,,published
Belts & Cooling,service,(via service_family_content),,,"All J-series Honda V6 engines are interference designs — belt failure causes catastrophic engine damage, making timing belt service genuinely critical, not optional.",cue,,published
Belts & Cooling,service,(via service_family_content),,,"Always replace water pump, tensioner, and idler pulleys at the same time as the timing belt — labor access is identical and these are matched-life wear components.",cue,,published
Belts & Cooling,service,(via service_family_content),,,"Aramid fiber tensile cord on Poly Rib HT — Dayco's heavy-duty belts use aramid (Kevlar-family) tensile cords instead of polyester, providing 30%+ higher load capacity and better stretch resistance over time.",cue,,published
Belts & Cooling,service,(via service_family_content),,,"Audi RS models (RS3, RS5, RS6, RS7) have additional coolant hoses — for the higher-performance demands of those engines.",cue,,published
Belts & Cooling,service,(via service_family_content),,,"Audi RS models (RS3, RS5, RS6, RS7) use heavy-duty belts validated for higher RPM operation and turbocharger drive demands.",cue,,published
Belts & Cooling,service,(via service_family_content),,,"Audi's W12 (A8, S8 some markets, Bentley Continental, VW Phaeton) used timing chains.",cue,,published
Belts & Cooling,service,(via service_family_content),,,Audi's adaptive air suspension and other electrical-load-heavy systems require consistent alternator output — depends on a properly tensioned and undamaged serpentine belt.,cue,,published
Belts & Cooling,service,(via service_family_content),,,"BMW M Performance and M models (M2, M3, M4, M5, M8, X3 M, X5 M, X6 M) use timing chains.",cue,,published
Belts & Cooling,service,(via service_family_content),,,"BMW M Performance applications (especially N20, N54, N55, S55) have known cooling system weak points where hoses, water pumps, thermostats, and expansion tanks all fail at similar intervals — a complete cooling system refresh is often more cost-effective than addressing failures one at a time.",cue,,published
Belts & Cooling,service,(via service_family_content),,,"BMW belt tensioners on N20 (2.0L turbo, 2012–2016) and certain N52 inline-six applications are known wear items — often need replacement before the belt itself.",cue,,published
Belts & Cooling,service,(via service_family_content),,,BMW coolant specifications (BMW Coolant or HOAT-based formulas) have specific compatibility requirements — using non-BMW coolant can cause premature hose and component degradation.,cue,,published
Belts & Cooling,service,(via service_family_content),,,"BMW is notorious for plastic coolant components — water pump impellers, expansion tanks, thermostat housings — that fail at predictable intervals, often along with hoses.",cue,,published
Belts & Cooling,service,(via service_family_content),,,"BMW recommends coolant replacement every 50,000 miles or 4 years on most modern applications — with hose inspection at each service visit.",cue,,published
Belts & Cooling,service,(via service_family_content),,,"BMW recommends serpentine belt replacement every 60,000–100,000 miles depending on application — the CBS system may flag earlier replacement based on detected wear.",cue,,published
Belts & Cooling,service,(via service_family_content),,,"BMW uses OE belts supplied primarily by Continental, Gates, and other European manufacturers — specifications validated for the brand's tight engineering tolerances.",cue,,published
Belts & Cooling,service,(via service_family_content),,,"BMW uses OE coolant hoses supplied primarily by Continental, Cooper Standard, Rein (a Continental subsidiary), and other European manufacturers — specifications validated for the brand's tight engineering tolerances.",cue,,published
Belts & Cooling,service,(via service_family_content),,,BMW's timing chain failures (especially N20 2.0L turbo 2012–2016 and N52 inline-six on some applications) have been more significant maintenance concerns than timing belts in the modern BMW era.,cue,,published
Belts & Cooling,service,(via service_family_content),,,BMW's transition away from timing belts happened earlier than most automakers — meaning even early-2000s BMWs largely use chains.,cue,,published
Belts & Cooling,service,(via service_family_content),,,CVT belt expertise transfers to serpentine engineering — Bando is one of the world's largest CVT belt manufacturers (steel push-belts in CVT transmissions).,cue,,published
Belts & Cooling,service,(via service_family_content),,,"Cadillac Blackwing models (CT4-V Blackwing, CT5-V Blackwing) use heavy-duty belts validated for supercharger drive (LT4) and twin-turbo applications.",cue,,published
Belts & Cooling,service,(via service_family_content),,,"Color and customization options for performance and showcar applications — Flexfab silicone hoses available in multiple colors (red, blue, black, others) — popular in performance, off-road, and showcar communities where engine bay aesthetics matter alongside performance.",cue,,published
Belts & Cooling,service,(via service_family_content),,,"Complete CT timing belt kits — Continental's CT line offers complete service kits with everything needed (belt, water pump, tensioner, idlers, seals) — particularly relevant for European applications where component-matching is critical.",cue,,published
Belts & Cooling,service,(via service_family_content),,,"Complete kit availability — Gates is one of the few brands offering complete timing belt service kits with belt, water pump, tensioner, idler pulleys, and seals — significant since these components share labor access and should always be replaced together.",cue,,published
Belts & Cooling,service,(via service_family_content),,,Comprehensive coverage including molded and shaped hoses — Gates manufactures both straight stock and complex molded shapes that match OE routing exactly.,cue,,published
Belts & Cooling,service,(via service_family_content),,,"Comprehensive timing kit coverage — Dayco offers complete timing belt kits with belt, water pump, tensioner, and idlers for most legacy applications still in regular service — strong coverage of Honda J-series, Toyota 1MZ, VW 1.8T, and Subaru EJ-series.",cue,,published
Belts & Cooling,service,(via service_family_content),,,Coolant hoses must be replaced as part of the coolant flush service — not as a separate visit later.,cue,,published
Belts & Cooling,service,(via service_family_content),,,"Corvette (C7, C8) cooling systems have extensive front-radiator-to-rear-engine hose routing on the C8 due to the mid-engine layout — making hose service more complex than typical applications.",cue,,published
Belts & Cooling,service,(via service_family_content),,,"Corvette (C7, C8) uses a serpentine belt with specific routing validated for the LT-series engine — the C8's mid-engine packaging adds further validation requirements.",cue,,published
Belts & Cooling,service,(via service_family_content),,,"Diesel applications (legacy OM642, OM651, OM654) have extensive coolant hose networks — including EGR cooling, oil cooling, and turbo cooling circuits.",cue,,published
Belts & Cooling,service,(via service_family_content),,,"Diesel applications (legacy OM642, OM651, OM654) use heavy-duty belts validated for the higher accessory loads of diesel engines.",cue,,published
Belts & Cooling,service,(via service_family_content),,,"Diesel applications (legacy TDI 1.9L, 2.0L) have extensive coolant hose networks — including EGR cooling, oil cooler, and turbo-related circuits.",cue,,published
Belts & Cooling,service,(via service_family_content),,,EJ-series engines are interference designs — meaning belt failure causes valve damage — making timing belt service genuinely critical.,cue,,published
Belts & Cooling,service,(via service_family_content),,,EPDM compound with industry-leading temperature range — Gates Premium hoses use proprietary EPDM rubber compound rated for continuous operation from –40°F to 257°F.,cue,,published
Belts & Cooling,service,(via service_family_content),,,"EPDM construction with Stress Relief Grooves — Gates Micro-V belts use EPDM rubber compound rated for 100,000+ miles of service life.",cue,,published
Belts & Cooling,service,(via service_family_content),,,"EVs and hybrids that use Atkinson-cycle gas engines (Toyota Prius, Camry Hybrid, RAV4 Hybrid, Honda Accord Hybrid, Mazda CX-90 PHEV, etc.) all use timing chains — meaning timing belt service does NOT apply to any current hybrid or EV in the US market.",cue,,published
Belts & Cooling,service,(via service_family_content),,,EVs don't have serpentine belts — electric motors drive accessories directly.,cue,,published
Belts & Cooling,service,(via service_family_content),,,"EcoBoost engines (1.0L, 1.5L, 2.0L, 2.3L, 2.7L, 3.5L) often use stretch-fit belts requiring a specialized installation tool — incorrect installation damages the belt or pulleys.",cue,,published
Belts & Cooling,service,(via service_family_content),,,EcoBoost engines have known coolant hose vulnerabilities at the turbocharger water lines — high temperatures cycle hoses repeatedly between hot and cold.,cue,,published
Belts & Cooling,service,(via service_family_content),,,Electrochemical degradation (ECD) is the #1 cause of premature coolant hose failure — over 60% of failures — and ECD attacks from the INSIDE OUT.,cue,,published
Belts & Cooling,service,(via service_family_content),,,Electrochemical degradation (ECD) resistance — the #1 cause of premature hose failure.,cue,,published
Belts & Cooling,service,(via service_family_content),,,"Engineered fluid transfer assemblies, not just hoses — Cooper Standard's modern coolant hose products are increasingly complete assemblies that include quick-connect fittings, plastic connectors, integrated sensors, and specific routing.",cue,,published
Belts & Cooling,service,(via service_family_content),,,Engineered for 'wet belt' applications — Continental developed timing belt technology specifically for oil-immersed (wet belt) designs used in some VW EA288 diesels and later applications.,cue,,published
Belts & Cooling,service,(via service_family_content),,,"F-150 and Super Duty trucks with the 6.7L Power Stroke diesel have an extensive coolant hose network — engine cooling, EGR cooling, oil cooler, and air-to-water intercooler circuits — far more hoses than gasoline counterparts.",cue,,published
Belts & Cooling,service,(via service_family_content),,,F-150 and Super Duty trucks with the 6.7L Power Stroke diesel use a separate belt for the supercharger-driven secondary cooling system in addition to the main serpentine belt.,cue,,published
Belts & Cooling,service,(via service_family_content),,,"For legacy EJ-series Subarus still in service, the timing belt service is a significant job — the boxer engine layout makes access different from inline engines, but the work is well-documented.",cue,,published
Belts & Cooling,service,(via service_family_content),,,"For legacy Toyota and Lexus applications still requiring timing belt service (especially the 1MZ V6), the timing belt service typically costs $700–$1,200 at independent shops and includes the water pump, tensioner, and idlers.",cue,,published
Belts & Cooling,service,(via service_family_content),,,"For older GM vehicles still requiring timing belt service, ACDelco and aftermarket suppliers (Gates, Continental, Dayco) cover legacy applications adequately.",cue,,published
Belts & Cooling,service,(via service_family_content),,,"Ford recommends coolant hose inspection at every oil change — thorough visual and squeeze test for soft spots, swelling, or hardening.",cue,,published
Belts & Cooling,service,(via service_family_content),,,"Ford recommends serpentine belt inspection every 30,000 miles, with replacement typically needed every 60,000–100,000 miles depending on application.",cue,,published
Belts & Cooling,service,(via service_family_content),,,"Ford recommends timing belt replacement on wet-belt applications at 100,000–150,000 miles — but real-world failures often occur much earlier.",cue,,published
Belts & Cooling,service,(via service_family_content),,,Ford service bulletins on the 2.0L EcoBoost wet belt have led to extended warranties and class-action lawsuits in some markets — making customer education important when servicing affected vehicles.,cue,,published
Belts & Cooling,service,(via service_family_content),,,"Ford uses a mix of conventional rubber hoses and quick-connect plastic-to-rubber assemblies — the plastic connectors are common failure points, often requiring replacing the entire assembly rather than just the hose.",cue,,published
Belts & Cooling,service,(via service_family_content),,,"Ford's coolant specifications have shifted multiple times — Gold (legacy), Orange (Motorcraft Specialty Orange), Yellow (newer applications) — using the wrong coolant can chemically degrade hoses prematurely.",cue,,published
Belts & Cooling,service,(via service_family_content),,,"Ford's modern engines (EcoBoost 1.0L through 3.5L, Coyote 5.0L V8, 6.7L Power Stroke diesel) operate at significantly higher coolant temperatures and pressures than legacy engines — placing greater demands on hoses than vehicles from even 15 years ago.",cue,,published
Belts & Cooling,service,(via service_family_content),,,Ford's tensioner and idler pulley assemblies wear together with belts — replacing the belt without inspecting tensioners is a common source of comeback complaints from belt squeal returning quickly.,cue,,published
Belts & Cooling,service,(via service_family_content),,,Frontier and Titan applications with the current 3.8L V6 and legacy 4.0L V6 use timing chains.,cue,,published
Belts & Cooling,service,(via service_family_content),,,"Frontier, Titan, Pathfinder, and Armada applications often see severe-duty conditions — warrant more frequent hose inspection.",cue,,published
Belts & Cooling,service,(via service_family_content),,,"Frontier, Titan, Pathfinder, and Armada applications with the legacy VK56 V8 (Titan, Armada legacy) and current 3.8L V6 (Frontier) use serpentine belts with truck-specific accessory loads.",cue,,published
Belts & Cooling,service,(via service_family_content),,,GM heater hoses and bypass hoses on V8 trucks are particularly known wear items — often failing before main upper/lower radiator hoses.,cue,,published
Belts & Cooling,service,(via service_family_content),,,"GM recommends serpentine belt inspection every 30,000 miles, with replacement typically needed every 60,000–100,000 miles.",cue,,published
Belts & Cooling,service,(via service_family_content),,,GM trucks with Active Fuel Management or Dynamic Fuel Management cylinder deactivation depend on consistent engine temperatures — a degraded hose causing slow coolant loss can create driveability issues attributed elsewhere.,cue,,published
Belts & Cooling,service,(via service_family_content),,,GM's Dex-Cool coolant has specific hose compatibility requirements — using non-Dex-Cool products in Dex-Cool applications can cause gel formation that clogs heater cores and degrades hose interiors.,cue,,published
Belts & Cooling,service,(via service_family_content),,,"GM's Hummer EV, Silverado EV, Lyriq, Bolt EV, and Bolt EUV don't have timing belts since electric motors don't require valve timing.",cue,,published
Belts & Cooling,service,(via service_family_content),,,GM's StabiliTrak and Active Brake Control depend on the engine running consistently — a broken belt that causes engine shutdown also disables those systems immediately.,cue,,published
Belts & Cooling,service,(via service_family_content),,,"GM's recent 1.2L and 1.3L turbo three-cylinder engines (Trailblazer, Encore GX, some international markets) use timing chains.",cue,,published
Belts & Cooling,service,(via service_family_content),,,"Genesis G70, G80, G90, GV70, GV80, and the Hyundai Sonata N Line, Kia Stinger, and Genesis Sport applications use specific belts for performance trims.",cue,,published
Belts & Cooling,service,(via service_family_content),,,Genesis applications often have higher-grade hose materials and additional cooling circuits — reflecting the luxury positioning.,cue,,published
Belts & Cooling,service,(via service_family_content),,,"HNBR construction with aramid cords — Bando's timing belts use HNBR rubber compound and aramid tensile cords (Kevlar-family) — providing both heat resistance and stretch resistance critical for maintaining precise valve timing over 100,000+ miles.",cue,,published
Belts & Cooling,service,(via service_family_content),,,"HSN (high stress) belt construction for performance applications — Dayco's HSN line uses upgraded materials and construction validated for performance applications including legacy Subaru STI, VW/Audi 1.8T performance builds, and other high-RPM uses.",cue,,published
Belts & Cooling,service,(via service_family_content),,,"Heavy-duty diesel timing belt validation — Dayco's timing belts are extensively validated for diesel applications (legacy VW TDI, EcoDiesel, Mercedes diesel) where higher cylinder pressures and continuous high-load operation impose greater demands than gasoline engines.",cue,,published
Belts & Cooling,service,(via service_family_content),,,"Heavy-duty fleet validation — Dayco belts are extensively used in commercial fleet applications (UPS, FedEx, USPS, municipal fleets) where belt failure means costly downtime.",cue,,published
Belts & Cooling,service,(via service_family_content),,,"Higher rubber compound density — Continental belts use higher-density EPDM than industry average, providing better resistance to oil contamination.",cue,,published
Belts & Cooling,service,(via service_family_content),,,"Honda Hybrid models (Accord Hybrid, CR-V Hybrid, Civic Hybrid) have additional cooling circuits for the hybrid components.",cue,,published
Belts & Cooling,service,(via service_family_content),,,"Honda Hybrid models (Accord Hybrid, CR-V Hybrid, Civic Hybrid) use serpentine belts on the gasoline engine.",cue,,published
Belts & Cooling,service,(via service_family_content),,,"Honda OE belts are typically supplied by Bando, Mitsuboshi, and Honda-validated manufacturers — specifications validated for Honda's high-revving engine philosophy.",cue,,published
Belts & Cooling,service,(via service_family_content),,,"Honda OE coolant hoses are typically supplied by Sumitomo Riko, Toyoda Gosei, and Honda-validated manufacturers — specifications matched to specific engine families.",cue,,published
Belts & Cooling,service,(via service_family_content),,,Honda Type 2 Long Life Coolant (blue) is the OEM-spec for current applications — has specific chemistry that works with Honda's hose materials.,cue,,published
Belts & Cooling,service,(via service_family_content),,,"Honda recommends J-series timing belt replacement at 100,000–105,000 miles or 7 years, whichever comes first; the water pump should always be replaced at the same time.",cue,,published
Belts & Cooling,service,(via service_family_content),,,"Honda recommends coolant replacement every 60,000 miles for the first service and every 30,000 miles thereafter — with hose inspection at each coolant service.",cue,,published
Belts & Cooling,service,(via service_family_content),,,"Honda recommends serpentine belt inspection every 30,000 miles, with replacement typically needed every 60,000–100,000 miles.",cue,,published
Belts & Cooling,service,(via service_family_content),,,Honda's maintenance minder system flags cooling system inspection through specific sub-codes — coolant and hose service are typically grouped.,cue,,published
Belts & Cooling,service,(via service_family_content),,,Honda's maintenance minder system flags serpentine belt inspection via specific sub-codes — the belt is typically inspected at every B-service visit.,cue,,published
Belts & Cooling,service,(via service_family_content),,,"Hybrid Toyotas (Prius, Camry Hybrid, RAV4 Hybrid, Highlander Hybrid) have additional cooling circuits for the inverter, hybrid battery, and electric motor — with specific hose specifications for those circuits.",cue,,published
Belts & Cooling,service,(via service_family_content),,,"Hybrid Toyotas (Prius, Camry Hybrid, RAV4 Hybrid, Highlander Hybrid) use serpentine belts on the gasoline engine — the hybrid system's electric motor drives some accessories independently when the gas engine is off.",cue,,published
Belts & Cooling,service,(via service_family_content),,,"Hybrid models (Tucson Hybrid, Sportage Hybrid, Sorento Hybrid, Niro Hybrid) have additional cooling circuits for the hybrid components.",cue,,published
Belts & Cooling,service,(via service_family_content),,,"Hybrid models (Tucson Hybrid, Sportage Hybrid, Sorento Hybrid, Niro Hybrid) use serpentine belts on the gasoline engine.",cue,,published
Belts & Cooling,service,(via service_family_content),,,"Hybrid models (Tucson Hybrid, Sportage Hybrid, Sorento Hybrid, Niro Hybrid) use the Smartstream 1.6L turbo with timing chains.",cue,,published
Belts & Cooling,service,(via service_family_content),,,Hyundai/Kia Long Life Coolant (pink) is the OEM-spec for current applications — has specific chemistry compatibility with their hose materials.,cue,,published
Belts & Cooling,service,(via service_family_content),,,"Hyundai/Kia OE belts are typically supplied by Bando, Mitsuboshi, and Korean manufacturers — specifications validated for the brand's specific engine families.",cue,,published
Belts & Cooling,service,(via service_family_content),,,"Hyundai/Kia OE coolant hoses are typically supplied by DongSung, Pyung Hwa, and other Korean manufacturers — specifications validated for the brand's specific engine families.",cue,,published
Belts & Cooling,service,(via service_family_content),,,"Hyundai/Kia recommend coolant replacement every 10 years/120,000 miles initially — then every 30,000 miles thereafter.",cue,,published
Belts & Cooling,service,(via service_family_content),,,"Hyundai/Kia recommend serpentine belt inspection every 30,000 miles, with replacement typically needed every 60,000–100,000 miles.",cue,,published
Belts & Cooling,service,(via service_family_content),,,Hyundai/Kia's transition to timing chains across the lineup means timing belt service is rapidly fading from the dealer service portfolio — though independent shops still see legacy applications.,cue,,published
Belts & Cooling,service,(via service_family_content),,,"Industry-leading R&D investment — Continental AG invests over $3 billion annually in R&D, with significant portions going to ContiTech belt and hose engineering.",cue,,published
Belts & Cooling,service,(via service_family_content),,,"Industry-leading temperature range — validated for continuous operation –40°F to 257°F, with short-term spikes to 300°F+.",cue,,published
Belts & Cooling,service,(via service_family_content),,,"Industry-leading warranty on premium kits — Gates' premium PowerGrip kits often carry warranties up to 4 years/48,000 miles, providing both customer confidence and shop margin protection on a service that has catastrophic failure modes.",cue,,published
Belts & Cooling,service,(via service_family_content),,,"Infiniti applications (Q50, Q60, QX50, QX55, QX60, QX80) often have additional cooling circuits and higher-grade hose materials — reflecting the luxury positioning.",cue,,published
Belts & Cooling,service,(via service_family_content),,,"Infiniti applications (Q50, Q60, QX50, QX55, QX60, QX80) often have specific belt routing for adaptive suspension and luxury-feature accessory drives.",cue,,published
Belts & Cooling,service,(via service_family_content),,,"Jeep Wrangler and Gladiator with off-road use see accelerated belt wear from dust, mud, and water exposure — severe-duty belts are widely available through Mopar.",cue,,published
Belts & Cooling,service,(via service_family_content),,,"Jeep Wrangler and Gladiator with off-road use see accelerated hose wear — heat, water exposure, and trail debris that can puncture hoses.",cue,,published
Belts & Cooling,service,(via service_family_content),,,"Legacy VW/Audi 1.8T timing belt service is one of the most common timing belt jobs at independent shops — water pump, tensioner, idlers always replaced together for $800–$1,500 typical total cost.",cue,,published
Belts & Cooling,service,(via service_family_content),,,"Lexus performance applications (IS500, RC F, LC500) have heavier-duty hose specifications — for the 5.0L V8 with high-RPM cooling demands.",cue,,published
Belts & Cooling,service,(via service_family_content),,,"Lexus performance applications (IS500, RC F, LC500) have heavy-duty belts for the 2UR-GSE 5.0L V8 with high-RPM accessory drive demands.",cue,,published
Belts & Cooling,service,(via service_family_content),,,Lightweight innovations for fuel economy and EV range — Cooper Standard has invested heavily in lightweight hose technologies that reduce vehicle weight without sacrificing durability.,cue,,published
Belts & Cooling,service,(via service_family_content),,,"Lincoln Navigator, Aviator, and Nautilus often have additional hoses for transmission cooling, oil cooling, and turbocharger circuits — making the cooling system more complex and inspection more important.",cue,,published
Belts & Cooling,service,(via service_family_content),,,"M Performance and M models (M2, M3, M4, M5, M8, X3 M, X5 M, X6 M) have additional coolant hoses — for the higher-performance demands of those engines.",cue,,published
Belts & Cooling,service,(via service_family_content),,,"M Performance and M models (M2, M3, M4, M5, M8, X3 M, X5 M, X6 M) use heavy-duty belts validated for sustained high-RPM operation and track use.",cue,,published
Belts & Cooling,service,(via service_family_content),,,"MINI applications (Cooper, Cooper S, JCW, Countryman) use serpentine belts validated for the BMW-derived engines used across the lineup.",cue,,published
Belts & Cooling,service,(via service_family_content),,,"Mach-E, F-150 Lightning, and Ford EVs don't have timing belts since electric motors don't require valve timing.",cue,,published
Belts & Cooling,service,(via service_family_content),,,"Mach-E, F-150 Lightning, and other Ford EVs don't use serpentine belts — electric motors drive accessories directly.",cue,,published
Belts & Cooling,service,(via service_family_content),,,"Mach-E, F-150 Lightning, and other Ford EVs still have coolant hoses — for traction battery cooling, motor cooling, and cabin climate.",cue,,published
Belts & Cooling,service,(via service_family_content),,,"Many MQB-platform vehicles share belt sizes and accessory drive designs across brands — Golf/A3, Tiguan/Q3, Atlas/Q7.",cue,,published
Belts & Cooling,service,(via service_family_content),,,"Many MQB-platform vehicles share cooling system components and hose dimensions across brands — Golf/A3, Tiguan/Q3, Atlas/Q7 — simplifying inventory.",cue,,published
Belts & Cooling,service,(via service_family_content),,,Many modern BMW engines (especially B58 and updated versions) use a 48V mild-hybrid system with a belt-driven integrated starter-generator — more demanding on the serpentine belt.,cue,,published
Belts & Cooling,service,(via service_family_content),,,"Many modern Ford engines (especially EcoBoost and Coyote V8) integrate the water pump into the front timing cover, driven by the serpentine belt — belt failure means immediate engine overheating.",cue,,published
Belts & Cooling,service,(via service_family_content),,,Many modern VW and Audi engines use 48V mild-hybrid systems with belt-driven integrated starter-generators — placing higher demands on belt and tensioner components.,cue,,published
Belts & Cooling,service,(via service_family_content),,,Mazda FL-22 Long Life Coolant (green) is the OEM-spec for SkyActiv engines — has specific chemistry compatibility.,cue,,published
Belts & Cooling,service,(via service_family_content),,,"Mazda OE belts are typically supplied by Bando, Mitsuboshi, and other Japanese manufacturers — specifications validated for the SkyActiv engine family.",cue,,published
Belts & Cooling,service,(via service_family_content),,,"Mazda OE coolant hoses are typically supplied by Sumitomo Riko, Toyoda Gosei, and other Japanese manufacturers — specifications validated for the SkyActiv engine family.",cue,,published
Belts & Cooling,service,(via service_family_content),,,"Mazda recommends coolant replacement every 10 years/120,000 miles initially — then every 5 years/75,000 miles thereafter, with hose inspection at every service visit.",cue,,published
Belts & Cooling,service,(via service_family_content),,,"Mazda recommends serpentine belt inspection every 30,000 miles, with replacement typically needed every 60,000–100,000 miles.",cue,,published
Belts & Cooling,service,(via service_family_content),,,"Mazda's 'Jinba Ittai' driving philosophy emphasizes consistent vehicle performance — cooling system reliability is part of that experience, making OE-spec hose replacement part of preserving the brand's intended driving feel.",cue,,published
Belts & Cooling,service,(via service_family_content),,,"Mazda's 'human-centered' engineering means belt-related noise (squeal, chirp) is particularly noticeable to enthusiast customers — making OE belt quality important for retaining the brand's NVH character.",cue,,published
Belts & Cooling,service,(via service_family_content),,,Mazda's i-stop (stop-start) system requires consistent belt and tensioner condition for proper restart cycles — a worn belt can produce noisy or hesitant engine restarts.,cue,,published
Belts & Cooling,service,(via service_family_content),,,Mazda's i-stop system depends on consistent thermal management — a degraded hose causing temperature variations can affect stop-start operation.,cue,,published
Belts & Cooling,service,(via service_family_content),,,"Mazda's transition to timing chains across the lineup means timing belt service is largely a legacy concern — for shops servicing older Miatas, MPVs, and Tribute applications.",cue,,published
Belts & Cooling,service,(via service_family_content),,,Mercedes belt tensioners are often hydraulic on V8 and AMG applications — requiring specific service procedures different from standard mechanical tensioners.,cue,,published
Belts & Cooling,service,(via service_family_content),,,"Mercedes coolant specifications (G05, G40, G48 depending on application) have specific compatibility requirements — using incompatible coolant can cause premature hose and component degradation.",cue,,published
Belts & Cooling,service,(via service_family_content),,,Mercedes recommends coolant hose replacement at the same interval as coolant changes — not waiting for visible failure.,cue,,published
Belts & Cooling,service,(via service_family_content),,,"Mercedes recommends serpentine belt inspection at every Service A or B visit — replacement typically needed every 60,000–100,000 miles.",cue,,published
Belts & Cooling,service,(via service_family_content),,,Mercedes service intervals (Service A and Service B) include belt inspection on a defined schedule per the FSS (Flexible Service System).,cue,,published
Belts & Cooling,service,(via service_family_content),,,Mercedes service intervals (Service A and Service B) include cooling system inspection per the FSS (Flexible Service System) indicator.,cue,,published
Belts & Cooling,service,(via service_family_content),,,Mercedes uses high-spec OE belts validated for the brand's specific engine families and accessory loads — belts typically supplied by Continental and other European manufacturers.,cue,,published
Belts & Cooling,service,(via service_family_content),,,"Mercedes uses high-spec OE coolant hoses validated for the brand's specific engine families and demanding thermal cycles — typically supplied by Continental, Cooper Standard, and other European manufacturers.",cue,,published
Belts & Cooling,service,(via service_family_content),,,Mercedes' diesel lineup (legacy CDI engines) used timing chains across the modern era — eliminating timing belt service on Mercedes diesels for over two decades.,cue,,published
Belts & Cooling,service,(via service_family_content),,,Mercedes' transition to timing chains has been complete for many years — chain stretch issues on M271 and M272/M273 V6/V8 applications have been more notable than timing belt service in recent decades.,cue,,published
Belts & Cooling,service,(via service_family_content),,,"Modern 48V mild-hybrid systems with belt-driven integrated starter-generators (ISGs) place dramatically higher loads on the serpentine belt — up to 12+ kW of regenerative load through the belt, far beyond conventional accessory drives.",cue,,published
Belts & Cooling,service,(via service_family_content),,,"Modern EPDM belts hide their wear — over 90% of EPDM belt failures occur with no visible cracking, glazing, or fraying.",cue,,published
Belts & Cooling,service,(via service_family_content),,,Modern engines run 16-20 PSI cooling system pressure — versus 4-8 PSI on legacy engines.,cue,,published
Belts & Cooling,service,(via service_family_content),,,"Mopar offers OE belt options including standard service and heavy-duty for fleet, police, and severe-duty applications.",cue,,published
Belts & Cooling,service,(via service_family_content),,,"Mopar offers OE coolant hose options including standard service and severe-duty for fleet, police, and heavy-duty applications.",cue,,published
Belts & Cooling,service,(via service_family_content),,,"Mopar recommends serpentine belt inspection every 30,000 miles, with replacement typically needed every 60,000–100,000 miles.",cue,,published
Belts & Cooling,service,(via service_family_content),,,Mopar's OAT (organic acid technology) coolant has specific chemistry requirements — using incompatible coolant can cause premature hose degradation.,cue,,published
Belts & Cooling,service,(via service_family_content),,,"Most BMW engines for over 20 years have used timing chains — M50/M52/M54 inline-six (legacy 3 Series, 5 Series), N52, N54, N55, B58, S55, S58, V8/V12 applications.",cue,,published
Belts & Cooling,service,(via service_family_content),,,"Most OEMs recommend serpentine belt inspection every 30,000 miles, with replacement typically needed every 60,000–100,000 miles — a cadence customers and shops both routinely skip.",cue,,published
Belts & Cooling,service,(via service_family_content),,,"Most modern Ford and Lincoln engines have moved to timing chains — Coyote 5.0L V8, EcoBoost 2.3L/2.7L/3.5L, the new 3.0L V6 — eliminating timing belt service on most current applications.",cue,,published
Belts & Cooling,service,(via service_family_content),,,"Most modern Ford and Lincoln vehicles use a single serpentine belt to drive alternator, A/C compressor, power steering pump (where applicable), and water pump (on some engines).",cue,,published
Belts & Cooling,service,(via service_family_content),,,"Most modern GM engines use timing chains — LS/LT V8 family, Ecotec 2.0L turbo, the new 3.0L Duramax inline-six diesel, the high-feature V6 — eliminating timing belt service on most current GM vehicles.",cue,,published
Belts & Cooling,service,(via service_family_content),,,"Most modern GM vehicles use a single serpentine belt — LS-based V8s, LT-series small blocks, and the new high-feature V6 all share similar accessory drive layouts.",cue,,published
Belts & Cooling,service,(via service_family_content),,,"Most modern Honda and Acura engines use timing chains — K-series (K20A, K24A, K20C), L15B7 1.5L turbo (Civic, CR-V, Accord), 2.0L turbo (Civic Si, Accord, Acura TLX, Integra), K20C1 (Civic Type R, Integra Type S).",cue,,published
Belts & Cooling,service,(via service_family_content),,,"Most modern Hondas and Acuras use a single serpentine belt for accessory drive — the newer L15B7 1.5L turbo (Civic, CR-V) has a relatively compact accessory drive layout.",cue,,published
Belts & Cooling,service,(via service_family_content),,,"Most modern Hyundai/Kia/Genesis engines use a single serpentine belt — Theta II 2.0L/2.4L (legacy), Smartstream 2.5L, Lambda V6, and Tau V8 all share this approach.",cue,,published
Belts & Cooling,service,(via service_family_content),,,"Most modern Hyundai/Kia/Genesis engines use timing chains — Smartstream 2.5L, Theta II 2.0L/2.4L, Lambda V6 (3.3L, 3.5L, 3.8L), and Tau V8.",cue,,published
Belts & Cooling,service,(via service_family_content),,,"Most modern Mazda engines use timing chains — SkyActiv-G 2.0L, 2.5L, 2.5L turbo, SkyActiv-D 2.2L diesel, the new SkyActiv-G inline-six in CX-90 and CX-70.",cue,,published
Belts & Cooling,service,(via service_family_content),,,"Most modern Mazdas (CX-5, CX-50, CX-90, CX-70, CX-30, Mazda3, Mazda6, MX-5) use single serpentine belt accessory drives.",cue,,published
Belts & Cooling,service,(via service_family_content),,,"Most modern Mercedes engines use timing chains — M254/M256 inline-four and inline-six, M177/178 V8 biturbo, M139 turbo-four, OM656 inline-six diesel.",cue,,published
Belts & Cooling,service,(via service_family_content),,,"Most modern Nissan/Infiniti engines use timing chains — VQ35 V6, VR30DDTT twin-turbo V6, legacy VK56 V8 (Titan, Armada legacy), QR25DE 2.5L four-cylinder.",cue,,published
Belts & Cooling,service,(via service_family_content),,,"Most modern Stellantis engines use timing chains — Pentastar 3.6L V6, 5.7L/6.4L HEMI V8, 2.0L turbo (Wrangler, Cherokee, Compass, 200), and the new Hurricane inline-six.",cue,,published
Belts & Cooling,service,(via service_family_content),,,"Most modern Stellantis vehicles use a single serpentine belt — including the Pentastar 3.6L V6, the 5.7L/6.4L HEMI V8, and the new Hurricane inline-six.",cue,,published
Belts & Cooling,service,(via service_family_content),,,Most modern Toyota and Lexus engines use a single serpentine belt; some older V6 and V8 applications have separate belts for different accessories.,cue,,published
Belts & Cooling,service,(via service_family_content),,,"Most modern Toyota and Lexus engines use timing chains — 2.5L Dynamic Force, 3.5L V6 (2GR-FKS), V35A 3.5L twin-turbo V6, 5.0L V8 (2UR-GSE/GUE), and i-FORCE MAX hybrid powertrain.",cue,,published
Belts & Cooling,service,(via service_family_content),,,Most modern engines have transitioned to timing chains — meaning timing belt service is now largely a legacy-vehicle specialty.,cue,,published
Belts & Cooling,service,(via service_family_content),,,"Motorcraft is Ford's OE belt brand — engineered to match the specific pulley diameters, accessory loads, and engine bay temperatures of Ford and Lincoln applications.",cue,,published
Belts & Cooling,service,(via service_family_content),,,"Motorcraft is Ford's OE coolant hose brand — engineered to match the specific engine bay temperatures, coolant chemistry, and routing of Ford and Lincoln applications.",cue,,published
Belts & Cooling,service,(via service_family_content),,,Multi-layer reinforcement for high-pressure and pressure-spike resistance — Flexfab's premium hoses use multi-layer aramid (Kevlar-family) braided reinforcement that handles both sustained high pressure and pressure spikes from rapid temperature changes.,cue,,published
Belts & Cooling,service,(via service_family_content),,,"Mustang GT, Mach 1, Dark Horse, and Shelby applications have heavier-duty hose specifications — validated for sustained high-RPM operation and (on Shelby) the supercharger intercooler coolant circuit.",cue,,published
Belts & Cooling,service,(via service_family_content),,,"Mustang GT, Mach 1, Dark Horse, and Shelby applications often have heavy-duty belts validated for higher RPM and supercharger drive (where applicable on Shelby GT500).",cue,,published
Belts & Cooling,service,(via service_family_content),,,"Newer Honda engines (1.5L turbo, 2.0L turbo, K-series) use timing chains — eliminating timing belt replacement but still requiring serpentine belt service.",cue,,published
Belts & Cooling,service,(via service_family_content),,,Nissan Long Life Antifreeze/Coolant (blue) is the OEM-spec for current applications — has specific chemistry compatibility.,cue,,published
Belts & Cooling,service,(via service_family_content),,,"Nissan OE belts are typically supplied by Bando, Mitsuboshi, and Nissan-validated manufacturers — specifications matching factory engine layouts.",cue,,published
Belts & Cooling,service,(via service_family_content),,,"Nissan OE coolant hoses are typically supplied by Sumitomo Riko, Toyoda Gosei, and Nissan-validated manufacturers — specifications matched to factory engine layouts.",cue,,published
Belts & Cooling,service,(via service_family_content),,,"Nissan e-POWER (gas-engine series-hybrid, popular internationally) uses a timing chain on the small gasoline engine that serves as a generator.",cue,,published
Belts & Cooling,service,(via service_family_content),,,"Nissan recommends coolant replacement every 10 years/135,000 miles initially — then every 5 years/60,000 miles thereafter.",cue,,published
Belts & Cooling,service,(via service_family_content),,,"Nissan recommends serpentine belt inspection every 30,000 miles, with replacement typically needed every 60,000–105,000 miles.",cue,,published
Belts & Cooling,service,(via service_family_content),,,Nissan's CVT-equipped models depend on consistent engine accessory drive operation — the CVT relies on stable hydraulic pressure from the engine.,cue,,published
Belts & Cooling,service,(via service_family_content),,,Nissan/Infiniti CVT-equipped models have additional coolant circuits for transmission cooling that share the cooling system — a coolant leak can affect CVT operation.,cue,,published
Belts & Cooling,service,(via service_family_content),,,"OE supplier across the global automotive industry — Cooper Standard is one of the world's largest OE suppliers of fluid handling systems with extensive contracts across Ford, GM, Stellantis, BMW, Mercedes, and many Asian automakers.",cue,,published
Belts & Cooling,service,(via service_family_content),,,"OE supplier credibility on legacy applications — Gates is the original equipment timing belt supplier for many Honda J-series V6 applications, the legacy Toyota 1MZ V6, and many other Japanese, American, and European applications.",cue,,published
Belts & Cooling,service,(via service_family_content),,,"OE supplier credibility — Gates is the original equipment coolant hose supplier for many Ford, GM, Stellantis, and import applications.",cue,,published
Belts & Cooling,service,(via service_family_content),,,"OE supplier credibility — Gates is the original equipment supplier on Ford EcoBoost, GM LS/LT V8s, Stellantis HEMI, and many import applications.",cue,,published
Belts & Cooling,service,(via service_family_content),,,"OE supplier to Honda J-series V6 timing belts — Bando is the primary OE supplier for many Honda J-series V6 applications (Pilot, Odyssey, Ridgeline, Acura MDX, RL, TL) — making aftermarket Bando the same product as factory-installed.",cue,,published
Belts & Cooling,service,(via service_family_content),,,"OE supplier to Stellantis EcoDiesel and several other applications — Dayco supplies OE timing components for many Stellantis applications, particularly the 3.0L EcoDiesel high-pressure fuel pump timing belt and various legacy applications.",cue,,published
Belts & Cooling,service,(via service_family_content),,,"OE supplier to Stellantis HEMI and Pentastar — Dayco is OE belt supplier for many Stellantis applications including 5.7L/6.4L HEMI V8, 3.6L Pentastar V6, and 6.7L Cummins diesel.",cue,,published
Belts & Cooling,service,(via service_family_content),,,"OE supplier to most Japanese automakers — Bando supplies OE belts to Toyota, Honda, Nissan, Mazda, Subaru, and Mitsubishi.",cue,,published
Belts & Cooling,service,(via service_family_content),,,"OE supplier to virtually all German automakers — Continental supplies OE belts to BMW, Mercedes-Benz, Audi, VW, Porsche, and most other German automakers.",cue,,published
Belts & Cooling,service,(via service_family_content),,,"OE supplier to virtually all German timing belt applications — Continental is the OE supplier for legacy VW/Audi 1.8T, 2.0L TDI, and many other German applications.",cue,,published
Belts & Cooling,service,(via service_family_content),,,"Older Chrysler/Dodge applications (2.7L LH V6, 3.5L LH V6, Mitsubishi-derived V6s) used timing belts — many are out of regular service today.",cue,,published
Belts & Cooling,service,(via service_family_content),,,"Older Ford applications with traditional timing belts (Escort ZX2, pre-2008 Focus, pre-2010 Ranger 2.3L) are interference engines — meaning belt failure causes catastrophic engine damage.",cue,,published
Belts & Cooling,service,(via service_family_content),,,"Older GM applications with timing belts (3.0L Cadillac CTS V6, some legacy Saturn, Daewoo-derived 1.5L/1.6L) are largely out of regular service today.",cue,,published
Belts & Cooling,service,(via service_family_content),,,"Older Hondas with timing belts (J-series V6 pre-2018, etc.) have both a serpentine belt and a timing belt — confusion between the two is common, with separate replacement intervals.",cue,,published
Belts & Cooling,service,(via service_family_content),,,"Older Mazda applications with timing belts (B6 1.6L in early Miata, BP 1.8L in Miata NA/NB, FE3 2.2L in B-series pickup) are largely out of regular service or are enthusiast vehicles.",cue,,published
Belts & Cooling,service,(via service_family_content),,,Older Mercedes applications with timing belts (M111 1.8L/2.3L through early 2000s; some V6/V8 applications) are largely out of regular service today.,cue,,published
Belts & Cooling,service,(via service_family_content),,,"Older Nissan applications with timing belts (VG30E V6 in 300ZX, Pathfinder, Maxima, D21 pickup; Z24/Z22 four-cylinder) are largely out of regular service today.",cue,,published
Belts & Cooling,service,(via service_family_content),,,"Older Subarus with the EJ25 (legacy Forester, Outback, Impreza, Legacy) used a timing belt in addition to the serpentine belt — newer FA/FB engines use timing chains.",cue,,published
Belts & Cooling,service,(via service_family_content),,,"Optimized for noise reduction — Continental belts use asymmetric groove patterns that interrupt resonant frequencies, reducing chirping and squealing on cold starts and in humid weather.",cue,,published
Belts & Cooling,service,(via service_family_content),,,"Outback, Forester, Crosstrek, and Ascent in outdoor and off-road use can see accelerated hose wear — gravel, water exposure, and temperature cycling.",cue,,published
Belts & Cooling,service,(via service_family_content),,,"Outback, Forester, Crosstrek, and Ascent owners often see gravel-road and outdoor use that can shorten belt life from contamination.",cue,,published
Belts & Cooling,service,(via service_family_content),,,"Power Ace Cog technology for high-RPM applications — Bando developed cogged belt technology for high-RPM applications (motorcycles, performance cars) that resists centrifugal flexing causing belt failure at sustained high engine speeds.",cue,,published
Belts & Cooling,service,(via service_family_content),,,PowerGrip and PowerGrip Premium tiers — Gates offers tiered timing belt options including PowerGrip (OE-equivalent) and PowerGrip Premium (validated for extended service intervals and high-stress applications) — letting shops match price and customer expectations.,cue,,published
Belts & Cooling,service,(via service_family_content),,,R&D investment for new wet-belt technology — Continental's significant R&D budget funds advanced compound development including the next generation of wet-belt timing belt technology aimed at addressing the durability concerns of early-generation wet-belt designs.,cue,,published
Belts & Cooling,service,(via service_family_content),,,Reinforcement layer engineered for pressure cycling — Gates hoses use polyester or aramid (Kevlar-family) braided reinforcement specifically engineered for the pressure cycles modern cooling systems impose.,cue,,published
Belts & Cooling,service,(via service_family_content),,,"S-Class, Maybach, and other premium applications use the most sophisticated accessory drive systems — with belt-driven A/C compressors that integrate with the cabin climate's 'Air Balance' and other premium features.",cue,,published
Belts & Cooling,service,(via service_family_content),,,"SRT and Hellcat applications (Charger, Challenger, Durango SRT, Trackhawk) have additional coolant hoses for the supercharger intercooler heat exchanger and oil cooler circuits.",cue,,published
Belts & Cooling,service,(via service_family_content),,,"SRT and Hellcat applications (Charger, Challenger, Durango SRT, Trackhawk) use heavy-duty belts validated for supercharger drive on the supercharged 6.2L HEMI.",cue,,published
Belts & Cooling,service,(via service_family_content),,,STRATEGY 1: The Accessory Drive Service Bundle — Belt + Tensioner + Idler Pulley Together,cue,,published
Belts & Cooling,service,(via service_family_content),,,STRATEGY 1: The Cooling System Service Bundle — Hose + Flush + Plastic Components Together,cue,,published
Belts & Cooling,service,(via service_family_content),,,STRATEGY 1: The Timing Belt Kit Job — Belt + Water Pump + Tensioner + Idlers Together (Never Belt Alone),cue,,published
Belts & Cooling,service,(via service_family_content),,,STRATEGY 2: The 48V Mild-Hybrid Awareness Sale — Most Owners Don't Know Their Belt Drives Their Hybrid System,cue,,published
Belts & Cooling,service,(via service_family_content),,,STRATEGY 2: The Inside-Out Failure Education Sale — Why Visual Inspection Isn't Enough,cue,,published
Belts & Cooling,service,(via service_family_content),,,STRATEGY 2: The Wet-Belt Early-Replacement Sale — Customer Protection on Ford EcoBoost and VW EA288 TDI,cue,,published
Belts & Cooling,service,(via service_family_content),,,STRATEGY 3: The Chain-vs-Belt Education Sale — Stop Overselling AND Stop Underselling,cue,,published
Belts & Cooling,service,(via service_family_content),,,"STRATEGY 3: The Head Gasket Insurance Frame — The $80 Hose vs the $3,000 Repair",cue,,published
Belts & Cooling,service,(via service_family_content),,,STRATEGY 3: The Wear Gauge Demonstration — Show the Customer the Rib-Depth Number,cue,,published
Belts & Cooling,service,(via service_family_content),,,"Sealing and fluid containment expertise — Beyond hoses, Cooper Standard manufactures the seals, gaskets, and sealing systems that interface with hoses at every connection point.",cue,,published
Belts & Cooling,service,(via service_family_content),,,"Severe-duty diesel and heavy equipment validation — Flexfab supplies hoses extensively to commercial truck (Cummins, Detroit, Mack), agricultural equipment (John Deere, Caterpillar), and military applications where failure means costly downtime.",cue,,published
Belts & Cooling,service,(via service_family_content),,,Silicone hose construction for extreme temperature applications — Flexfab specializes in silicone-reinforced hoses that handle continuous operating temperatures up to 350°F and intermittent peaks above 500°F — far beyond what EPDM rubber can handle.,cue,,published
Belts & Cooling,service,(via service_family_content),,,"Silverado, Sierra, Tahoe, Yukon, Suburban, and Escalade with Active Fuel Management or Dynamic Fuel Management depend on consistent accessory drive operation — these systems rely on stable engine vacuum and electrical loads.",cue,,published
Belts & Cooling,service,(via service_family_content),,,"Specialty material engineering for severe-duty applications — Cooper Standard developed proprietary HNBR and silicone-based compounds for diesel, hybrid, and EV thermal management applications where standard EPDM compounds aren't sufficient.",cue,,published
Belts & Cooling,service,(via service_family_content),,,"Stellantis's 48V mild-hybrid eTorque system (Ram 1500, Wrangler 4xe) has additional coolant hoses for the integrated motor-generator cooling.",cue,,published
Belts & Cooling,service,(via service_family_content),,,"Stretch Fit installation tool included — Gates pioneered the stretch-fit serpentine belt design used on modern Ford 1.5L EcoBoost, Honda 1.5T, and many compact-engine applications.",cue,,published
Belts & Cooling,service,(via service_family_content),,,"Strong Japanese vehicle aftermarket coverage — Bando's coverage of legacy Toyota 1MZ V6, Honda J-series, and other Japanese applications makes it a go-to brand for shops specializing in Japanese vehicles.",cue,,published
Belts & Cooling,service,(via service_family_content),,,Strong aftermarket distribution — Dayco's North American distribution network covers virtually every parts retailer and independent shop — making timing belt kits readily available for shops servicing legacy applications.,cue,,published
Belts & Cooling,service,(via service_family_content),,,"Subaru OE belts are typically supplied by Bando, Mitsuboshi, and other Japanese manufacturers — specifications validated for the boxer engine's unique accessory drive layout.",cue,,published
Belts & Cooling,service,(via service_family_content),,,"Subaru OE coolant hoses are typically supplied by Sumitomo Riko, Toyoda Gosei, and other Japanese manufacturers — specifications validated for the boxer engine's unique thermal characteristics.",cue,,published
Belts & Cooling,service,(via service_family_content),,,Subaru has fully transitioned to timing chains for new production — but the existing fleet of EJ-series Subarus on the road means timing belt knowledge remains relevant for shops servicing these vehicles.,cue,,published
Belts & Cooling,service,(via service_family_content),,,"Subaru recommends coolant replacement at the initial 137,500-mile interval (Super Coolant) — and every 30,000 miles thereafter, with hose inspection at every service visit.",cue,,published
Belts & Cooling,service,(via service_family_content),,,"Subaru recommends serpentine belt inspection every 30,000 miles, with replacement typically needed every 60,000–100,000 miles depending on application.",cue,,published
Belts & Cooling,service,(via service_family_content),,,"Subaru's EJ-series (legacy Forester, Outback, Impreza, Legacy) had a known issue with coolant hose degradation around 100,000 miles — particularly the heater hoses.",cue,,published
Belts & Cooling,service,(via service_family_content),,,"Subaru's Super Coolant (blue, current spec) has specific chemistry that works with Subaru's hose materials — using incompatible coolant can cause premature degradation.",cue,,published
Belts & Cooling,service,(via service_family_content),,,"Subaru's customer base often keeps vehicles 200,000+ miles — making consistent hose inspection a meaningful part of avoiding the head gasket failures that have historically plagued the brand's older engines.",cue,,published
Belts & Cooling,service,(via service_family_content),,,Subaru's flat-four boxer layout means the timing belt drives both cylinder heads' camshafts plus accessories like the oil pump on some applications.,cue,,published
Belts & Cooling,service,(via service_family_content),,,"Subaru's long-time customer loyalty (200,000+ miles common) makes consistent belt and tensioner inspection a meaningful part of hitting those milestones without accessory-drive failures.",cue,,published
Belts & Cooling,service,(via service_family_content),,,"Tacoma, 4Runner, Tundra, and Sequoia in severe-duty conditions (off-road, towing in heat) place additional thermal load on hoses — warranting more frequent inspection.",cue,,published
Belts & Cooling,service,(via service_family_content),,,"Tacoma, 4Runner, and 4Runner-platform vehicles often see severe-duty conditions (off-road dust, mud) that can shorten belt life from contamination and abrasion.",cue,,published
Belts & Cooling,service,(via service_family_content),,,"The 'wet belt' design used in some Ford EcoBoost (1.0L, 1.5L, 1.6L, 2.0L) and VW EA288 TDI engines runs the timing belt in oil — and has been associated with widely reported premature failures.",cue,,published
Belts & Cooling,service,(via service_family_content),,,"The 'wet belt' timing belt design used in some Ford EcoBlue diesel engines (Europe/global, limited US) runs in oil — different from a serpentine belt but often confused.",cue,,published
Belts & Cooling,service,(via service_family_content),,,The 'wet belt' timing belt design used in some VW EA288 diesel engines and some recent gasoline engines runs in oil — different from a serpentine belt but often confused.,cue,,published
Belts & Cooling,service,(via service_family_content),,,"The 1.0L EcoBoost three-cylinder (Fiesta, Focus) and 1.5L/1.6L EcoBoost (Escape, Fusion, MKZ, Fiesta ST) all use wet timing belt designs with similar premature-failure concerns.",cue,,published
Belts & Cooling,service,(via service_family_content),,,"The 1.4L MultiAir turbo (Dart, 200, Renegade, 500 Abarth) uses a timing belt with a 60,000–100,000 mile replacement interval depending on application.",cue,,published
Belts & Cooling,service,(via service_family_content),,,"The 1.4L turbo (Cruze, Sonic, Trax, Encore, Buick Verano) has had timing chain stretch issues — a chain problem, not a belt problem — but does not use a timing belt.",cue,,published
Belts & Cooling,service,(via service_family_content),,,"The 10-year/100,000-mile powertrain warranty covers timing chain failures (a defect, not wear) but not timing belts (a wear item) on legacy applications.",cue,,published
Belts & Cooling,service,(via service_family_content),,,"The 10-year/100,000-mile powertrain warranty does not cover coolant hoses (a wear item) — making consistent inspection a customer-education talking point.",cue,,published
Belts & Cooling,service,(via service_family_content),,,"The 10-year/100,000-mile powertrain warranty does not cover serpentine belts — a wear item — making consistent inspection a customer-education talking point.",cue,,published
Belts & Cooling,service,(via service_family_content),,,The 1MZ-FE is technically a non-interference engine — meaning belt failure typically doesn't cause valve damage.,cue,,published
Belts & Cooling,service,(via service_family_content),,,"The 2.0L EcoBoost (2013–2018, in Escape, Fusion, Edge, Explorer, Focus ST) uses a timing belt that runs in oil ('wet belt') — a controversial design with widely reported premature failures.",cue,,published
Belts & Cooling,service,(via service_family_content),,,The 2.4L K-series and all current Honda four-cylinders use timing chains.,cue,,published
Belts & Cooling,service,(via service_family_content),,,"The 2.4L Tigershark four-cylinder (Compass, Renegade, 200, Dart, Cherokee) uses a timing chain.",cue,,published
Belts & Cooling,service,(via service_family_content),,,"The 2AZ-FE 2.4L four-cylinder (Camry, RAV4, Solara, Scion tC, Highlander) uses a timing chain, not a belt.",cue,,published
Belts & Cooling,service,(via service_family_content),,,"The 2GR-FE 3.5L V6 (Camry, Avalon, RAV4, Highlander, Sienna, ES350, RX350, Venza, IS350) used a timing chain when it replaced the 1MZ in 2005–2007 — eliminating timing belt service on these model years and forward.",cue,,published
Belts & Cooling,service,(via service_family_content),,,"The 3.0L EcoDiesel V6 has specific hose configurations for diesel-specific components — including the EGR cooler, which is a known failure point.",cue,,published
Belts & Cooling,service,(via service_family_content),,,"The 3.0L EcoDiesel V6 uses a serpentine belt that requires specific service procedures — some related components (tensioner, idler pulleys) are known wear items.",cue,,published
Belts & Cooling,service,(via service_family_content),,,The 3.0L EcoDiesel V6 uses a timing chain for the camshafts and a timing belt for the high-pressure fuel pump — a known wear item that requires specific service procedures.,cue,,published
Belts & Cooling,service,(via service_family_content),,,"The 3.5L V35A twin-turbo V6 in the Tundra, Sequoia, Lexus LX, and Land Cruiser has a more complex coolant hose system than naturally aspirated engines — due to turbo cooling circuits.",cue,,published
Belts & Cooling,service,(via service_family_content),,,"The 3.5L V6 in older Maxima, Murano, Pathfinder, Quest, 350Z, and 370Z all use timing chains.",cue,,published
Belts & Cooling,service,(via service_family_content),,,"The 3.5L twin-turbo V35A V6 in the Tundra, Sequoia, Lexus LX, and Land Cruiser uses a heavy-duty serpentine belt validated for the higher loads of turbo applications.",cue,,published
Belts & Cooling,service,(via service_family_content),,,"The 3.5L twin-turbo V6 (Genesis G80, GV80, Hyundai Palisade Calligraphy) has more complex coolant routing than naturally aspirated V6s.",cue,,published
Belts & Cooling,service,(via service_family_content),,,"The 3.5L twin-turbo V6 (Genesis G80, GV80, Hyundai Palisade Calligraphy) uses timing chains with specific service procedures.",cue,,published
Belts & Cooling,service,(via service_family_content),,,"The 3.5L twin-turbo V6 in the Genesis G80, GV80, and Hyundai Palisade Calligraphy uses a heavy-duty serpentine belt for the turbocharged accessory loads.",cue,,published
Belts & Cooling,service,(via service_family_content),,,"The 4Runner 4.0L V6 (1GR-FE) and 5.7L V8 (3UR-FE — legacy Tundra, Sequoia, Land Cruiser, Lexus LX) both use timing chains.",cue,,published
Belts & Cooling,service,(via service_family_content),,,The 5.7L 3UR-FE V8 (legacy Tundra and Land Cruiser) uses a serpentine belt that's relatively easy to access and inspect — making it a good upsell during routine service for older Toyota truck owners.,cue,,published
Belts & Cooling,service,(via service_family_content),,,"The 5.7L and 6.4L HEMI V8s, the 3.6L Pentastar V6, and the new Hurricane inline-six all have specific hose routings validated for those engine families.",cue,,published
Belts & Cooling,service,(via service_family_content),,,"The 6.2L Supercharged LT4 and LT5 (Cadillac Blackwing, Corvette Z06/ZR1, Camaro ZL1) have additional coolant hoses for the supercharger intercooler heat exchanger circuit — running separately from the main engine cooling system.",cue,,published
Belts & Cooling,service,(via service_family_content),,,"The 6.2L supercharged HEMI (Hellcat, Demon, Trackhawk, TRX) uses a timing chain.",cue,,published
Belts & Cooling,service,(via service_family_content),,,"The 6.6L Duramax diesel (Silverado HD, Sierra HD) has extensive coolant hose networks — engine cooling, EGR cooling, oil cooler, and turbo-related circuits.",cue,,published
Belts & Cooling,service,(via service_family_content),,,"The 6.6L Duramax diesel (Silverado HD, Sierra HD) uses timing gears — not a belt or chain — essentially maintenance-free for the engine's life.",cue,,published
Belts & Cooling,service,(via service_family_content),,,"The 6.6L Duramax diesel uses a heavier-duty serpentine belt rated for the larger water pump, alternator, and air conditioning loads typical of HD trucks.",cue,,published
Belts & Cooling,service,(via service_family_content),,,"The 6.7L Cummins diesel in Ram heavy-duty trucks has an extensive coolant hose network — engine cooling, EGR cooling, oil cooler, and air-to-water intercooler circuits.",cue,,published
Belts & Cooling,service,(via service_family_content),,,The 6.7L Cummins diesel in heavy-duty Ram trucks uses a heavy-duty serpentine belt rated for the larger accessories typical of HD diesel applications.,cue,,published
Belts & Cooling,service,(via service_family_content),,,The 6.7L Cummins diesel uses timing gears (no belt or chain) — essentially maintenance-free for engine life.,cue,,published
Belts & Cooling,service,(via service_family_content),,,"The 6.7L Power Stroke diesel (F-250, F-350, F-450, F-550) uses a timing chain, not a belt — eliminating timing belt service on Ford's heavy-duty diesel trucks.",cue,,published
Belts & Cooling,service,(via service_family_content),,,The Acura NSX (1991–2005) used a timing belt with specific service procedures; the 2017–2022 NSX used a chain.,cue,,published
Belts & Cooling,service,(via service_family_content),,,The Acura NSX (when in production) used a specialized accessory drive for the twin-turbo V6 hybrid powertrain — significantly different service requirements than mainstream Acura models.,cue,,published
Belts & Cooling,service,(via service_family_content),,,"The Audi 4.2L V8 (legacy A8, S4, RS4) used a timing chain — at the back of the engine, requiring engine removal for service.",cue,,published
Belts & Cooling,service,(via service_family_content),,,"The B58 inline-six (used in many M Performance and base applications) and the S58 (M3, M4, M2) both have specific hose routings.",cue,,published
Belts & Cooling,service,(via service_family_content),,,"The B58 inline-six (used in many M Performance and base applications) and the S58 (M3, M4, M2) both use serpentine belts with specific routing.",cue,,published
Belts & Cooling,service,(via service_family_content),,,The BMW M Hybrid V8 (LMDh racing program) uses a specialized hybrid powertrain validated for endurance racing — different from production BMW serpentine belt service.,cue,,published
Belts & Cooling,service,(via service_family_content),,,The BRZ shares its serpentine belt platform with the Toyota GR86 — they use the same FA24 boxer engine.,cue,,published
Belts & Cooling,service,(via service_family_content),,,The CX-50 Turbo and CX-90 Turbo S use heavier-duty hose specifications — for the higher-output engines.,cue,,published
Belts & Cooling,service,(via service_family_content),,,"The CX-50, CX-70, and CX-90 are positioned for active-lifestyle customers who often see severe-duty conditions warranting more frequent belt inspection.",cue,,published
Belts & Cooling,service,(via service_family_content),,,The CX-90 PHEV has additional coolant circuits for the hybrid components — beyond the SkyActiv-G 2.5L's standard cooling.,cue,,published
Belts & Cooling,service,(via service_family_content),,,The CX-90 PHEV uses a serpentine belt on the gasoline portion of the powertrain.,cue,,published
Belts & Cooling,service,(via service_family_content),,,The CX-90 PHEV uses the SkyActiv-G 2.5L with a timing chain.,cue,,published
Belts & Cooling,service,(via service_family_content),,,The CX-90 and CX-70 use the new SkyActiv-G inline-six with specific cooling system routing for the larger engine bay packaging.,cue,,published
Belts & Cooling,service,(via service_family_content),,,"The Charger Daytona EV, Wagoneer EV (upcoming), and other Stellantis EVs don't have timing belts.",cue,,published
Belts & Cooling,service,(via service_family_content),,,"The Charger Daytona EV, Wagoneer EV (upcoming), and other Stellantis EVs don't use serpentine belts.",cue,,published
Belts & Cooling,service,(via service_family_content),,,"The Charger Daytona EV, Wagoneer EV (upcoming), and other Stellantis EVs have coolant hoses for traction battery thermal management.",cue,,published
Belts & Cooling,service,(via service_family_content),,,The Condition-Based Service (CBS) system flags belt service when needed — belt inspection is recommended at every CBS interval.,cue,,published
Belts & Cooling,service,(via service_family_content),,,"The Condition-Based Service (CBS) system flags cooling system service when needed — but proactive hose replacement is widely recommended at 80,000–100,000 miles regardless of CBS prompts.",cue,,published
Belts & Cooling,service,(via service_family_content),,,"The Corvette (C5, C6, C7, C8) and all LS/LT V8 applications use timing chains.",cue,,published
Belts & Cooling,service,(via service_family_content),,,The EA888 2.0L turbo (used across many VW and Audi applications) and the EA839 3.0L turbo V6 both use serpentine belts with specific routing.,cue,,published
Belts & Cooling,service,(via service_family_content),,,The EA888 2.0L turbo (used across many VW and Audi applications) and the EA839 3.0L turbo V6 use timing chains.,cue,,published
Belts & Cooling,service,(via service_family_content),,,"The EA888 2.0L turbo (used across many VW and Audi applications) has known coolant system weak points — water pump assembly, thermostat housing, and various hoses — often failing together around 80,000–100,000 miles.",cue,,published
Belts & Cooling,service,(via service_family_content),,,"The EJ-series timing belt service should always include water pump, tensioner, idler pulleys, and crankshaft seal — total parts cost typically $400–$700, with labor adding $400–$800.",cue,,published
Belts & Cooling,service,(via service_family_content),,,"The EQS, EQE, EQB, EQS SUV, and other Mercedes EVs don't have timing belts.",cue,,published
Belts & Cooling,service,(via service_family_content),,,"The EQS, EQE, EQB, EQS SUV, and other Mercedes EVs don't use serpentine belts.",cue,,published
Belts & Cooling,service,(via service_family_content),,,"The EQS, EQE, EQB, EQS SUV, and other Mercedes EVs have extensive coolant hose networks — for traction battery cooling, motor cooling, and inverter cooling.",cue,,published
Belts & Cooling,service,(via service_family_content),,,"The FA24D in the BRZ (and Toyota GR86) and the FB25 in the current Outback, Forester, Ascent, and Legacy all use timing chains.",cue,,published
Belts & Cooling,service,(via service_family_content),,,The Frontier and older Titan PRO-4X applications often see severe-duty conditions that can shorten belt life from dust and water exposure.,cue,,published
Belts & Cooling,service,(via service_family_content),,,The GT-R uses a serpentine belt for the VR38DETT twin-turbo V6 — specific OE specifications validated for the high-output engine.,cue,,published
Belts & Cooling,service,(via service_family_content),,,"The GT-R's VR38DETT twin-turbo V6 has an extensive coolant hose network — engine, turbo, and air-to-water intercooler circuits.",cue,,published
Belts & Cooling,service,(via service_family_content),,,The GT-R's VR38DETT twin-turbo V6 uses a timing chain — with specific service procedures.,cue,,published
Belts & Cooling,service,(via service_family_content),,,The Honda Prologue EV and Acura ZDX EV don't have timing belts — built on GM's Ultium platform.,cue,,published
Belts & Cooling,service,(via service_family_content),,,The Honda Prologue EV and Acura ZDX EV don't use serpentine belts (built on GM's Ultium platform).,cue,,published
Belts & Cooling,service,(via service_family_content),,,The Honda Prologue EV and Acura ZDX EV have coolant hoses validated for GM's Ultium platform — these vehicles are built on GM EV architecture.,cue,,published
Belts & Cooling,service,(via service_family_content),,,"The Hummer EV, Silverado EV, Lyriq, Bolt EV, and Bolt EUV don't use serpentine belts — electric motors drive accessories directly.",cue,,published
Belts & Cooling,service,(via service_family_content),,,"The Hummer EV, Silverado EV, Lyriq, Bolt EV, and other GM EVs have coolant hoses for traction battery thermal management — critical for performance and longevity in extreme temperatures.",cue,,published
Belts & Cooling,service,(via service_family_content),,,"The ID.4, ID.Buzz, Audi Q4 e-tron, Q6 e-tron, Q8 e-tron, e-tron GT, and other VW/Audi EVs don't have timing belts.",cue,,published
Belts & Cooling,service,(via service_family_content),,,"The ID.4, ID.Buzz, Audi Q4 e-tron, Q6 e-tron, Q8 e-tron, e-tron GT, and other VW/Audi EVs don't use serpentine belts.",cue,,published
Belts & Cooling,service,(via service_family_content),,,"The ID.4, ID.Buzz, Audi Q4 e-tron, Q6 e-tron, Q8 e-tron, e-tron GT, and other VW/Audi EVs have extensive coolant hose networks — for traction battery thermal management.",cue,,published
Belts & Cooling,service,(via service_family_content),,,"The Ioniq 5, Ioniq 6, EV6, EV9, Genesis GV60, and Electrified GV70/G80 all have extensive coolant hose networks for traction battery thermal management — critical for the 800V architecture's fast-charging capability.",cue,,published
Belts & Cooling,service,(via service_family_content),,,"The Ioniq 5, Ioniq 6, EV6, EV9, and Genesis EVs don't have timing belts.",cue,,published
Belts & Cooling,service,(via service_family_content),,,"The Ioniq 5, Ioniq 6, EV6, EV9, and Genesis EVs don't use serpentine belts.",cue,,published
Belts & Cooling,service,(via service_family_content),,,"The J-series V6 (J35Y6 in Pilot, Passport, Odyssey, Ridgeline, MDX) has specific hose configurations validated for the V-configuration engine layout.",cue,,published
Belts & Cooling,service,(via service_family_content),,,"The K-series 2.0L turbo (Civic Si, Civic Type R, Acura Integra Type S, Accord) has more complex coolant routing than naturally aspirated K-series — due to turbo and intercooler circuits.",cue,,published
Belts & Cooling,service,(via service_family_content),,,"The K20C1 (Civic Type R), K24 (Accord, Acura TLX), and J35 (Pilot, Passport, Odyssey, Acura MDX) all use serpentine belts with Honda-specific routing.",cue,,published
Belts & Cooling,service,(via service_family_content),,,The Kia Telluride and Hyundai Palisade share the Lambda 3.8L V6 cooling system architecture — simplifying inventory for shops servicing both brands.,cue,,published
Belts & Cooling,service,(via service_family_content),,,The Kia Telluride and Hyundai Palisade share the Lambda 3.8L V6 serpentine belt platform — simplifying inventory for shops servicing both brands.,cue,,published
Belts & Cooling,service,(via service_family_content),,,"The L15B7 1.5L turbo (Civic, CR-V) has compact coolant routing with a smaller-than-average hose system — but the higher boost pressures of turbo applications mean more demanding hose conditions.",cue,,published
Belts & Cooling,service,(via service_family_content),,,"The LS-based V8s, LT-series small blocks, and LM/L8T truck engines all use specific hose routings validated for the engine and chassis combination.",cue,,published
Belts & Cooling,service,(via service_family_content),,,The Leaf and Ariya EVs don't have timing belts.,cue,,published
Belts & Cooling,service,(via service_family_content),,,The Leaf and Ariya EVs don't use serpentine belts.,cue,,published
Belts & Cooling,service,(via service_family_content),,,"The Leaf and Ariya EVs have coolant hoses for traction battery thermal management — particularly important on the older Leaf, which used air cooling in early models and had documented battery degradation issues in hot climates.",cue,,published
Belts & Cooling,service,(via service_family_content),,,"The M104 inline-six (legacy E320, S320, SL320 1990s) used timing chains.",cue,,published
Belts & Cooling,service,(via service_family_content),,,The M256 inline-six and many modern Mercedes engines have integrated thermal management modules that consolidate multiple hose connections — known wear items requiring complete assembly replacement.,cue,,published
Belts & Cooling,service,(via service_family_content),,,The M256 inline-six and many modern Mercedes engines use a 48V mild-hybrid system with a belt-driven integrated starter-generator (ISG) — placing higher demands on the serpentine belt and tensioner.,cue,,published
Belts & Cooling,service,(via service_family_content),,,"The M70/M73 V12 (legacy 750iL, 850i) used timing chains.",cue,,published
Belts & Cooling,service,(via service_family_content),,,The MX-30 EV doesn't have a timing belt.,cue,,published
Belts & Cooling,service,(via service_family_content),,,The MX-30 EV doesn't use a serpentine belt.,cue,,published
Belts & Cooling,service,(via service_family_content),,,The MX-30 EV has coolant hoses for traction battery thermal management.,cue,,published
Belts & Cooling,service,(via service_family_content),,,"The MX-5 Miata NA (1990–1997) and NB (1999–2005) used timing belts with 60,000–90,000 mile replacement intervals — relevant for the active classic Miata enthusiast community.",cue,,published
Belts & Cooling,service,(via service_family_content),,,The MX-5 Miata has compact coolant hose routing due to the small engine bay — most hoses easily accessible for inspection.,cue,,published
Belts & Cooling,service,(via service_family_content),,,The MX-5 Miata's 2.0L SkyActiv-G uses a serpentine belt that's relatively accessible due to the small engine bay.,cue,,published
Belts & Cooling,service,(via service_family_content),,,The Mercedes-AMG One hypercar uses a Formula 1-derived powertrain with specialized accessory drive components.,cue,,published
Belts & Cooling,service,(via service_family_content),,,The Mercedes-AMG One hypercar uses a Formula 1-derived powertrain with specialized timing gear arrangements.,cue,,published
Belts & Cooling,service,(via service_family_content),,,The Mercedes-Benz 'MB-Approved' hose designation indicates factory-validated parts — using non-MB-approved hoses can affect cooling performance and warranty eligibility on newer vehicles.,cue,,published
Belts & Cooling,service,(via service_family_content),,,"The Mini Cooper (R-series, 2007–2013) used Peugeot/PSA-derived 1.6L engines with timing chains that had widely reported stretch issues — a chain problem, not a belt problem.",cue,,published
Belts & Cooling,service,(via service_family_content),,,The Mirai fuel-cell vehicle has unique coolant hose requirements for the fuel cell stack cooling — operates at different temperatures than gas-engine systems.,cue,,published
Belts & Cooling,service,(via service_family_content),,,"The Mu V6 3.8L (legacy Genesis Coupe, Veracruz) used a timing chain.",cue,,published
Belts & Cooling,service,(via service_family_content),,,"The N performance lineup (Elantra N, Kona N legacy, Sonata N Line) uses heavy-duty belts validated for higher RPM operation.",cue,,published
Belts & Cooling,service,(via service_family_content),,,"The N performance lineup (Elantra N, Kona N legacy, Sonata N Line, Ioniq 5 N) uses heavier-duty hose specifications — validated for sustained track use.",cue,,published
Belts & Cooling,service,(via service_family_content),,,"The N performance lineup (Elantra N, Kona N legacy, Sonata N Line, Ioniq 5 N) uses timing chains across the board.",cue,,published
Belts & Cooling,service,(via service_family_content),,,"The OM602 and OM603 inline-five and inline-six diesels (legacy 300D, E300 Diesel, Sprinter) used timing chains.",cue,,published
Belts & Cooling,service,(via service_family_content),,,The Pacifica Hybrid (PHEV) has additional coolant circuits for the high-voltage battery and electric drive components.,cue,,published
Belts & Cooling,service,(via service_family_content),,,The Pacifica Hybrid (PHEV) uses a serpentine belt on the Atkinson-cycle V6 engine — the hybrid system handles many accessory functions during EV-only operation.,cue,,published
Belts & Cooling,service,(via service_family_content),,,The Pacifica Hybrid (PHEV) uses the Pentastar V6 with a timing chain.,cue,,published
Belts & Cooling,service,(via service_family_content),,,The Rolls-Royce models (under BMW Group) use BMW-derived V12 engines with extensive cooling system architecture — and premium hose specifications.,cue,,published
Belts & Cooling,service,(via service_family_content),,,The Rolls-Royce models (under BMW Group) use BMW-derived V12 engines with timing chains.,cue,,published
Belts & Cooling,service,(via service_family_content),,,"The S-Class, EQS, and Maybach have the most sophisticated thermal management systems — multiple cooling loops for engine, transmission, hybrid components, and cabin climate.",cue,,published
Belts & Cooling,service,(via service_family_content),,,The Saab 9-3 and 9-5 (when GM owned Saab) used timing chains on most engines — with some legacy applications using belts.,cue,,published
Belts & Cooling,service,(via service_family_content),,,The Solterra EV doesn't have a timing belt or chain.,cue,,published
Belts & Cooling,service,(via service_family_content),,,The Solterra EV doesn't use a serpentine belt — electric motors drive accessories directly.,cue,,published
Belts & Cooling,service,(via service_family_content),,,The Solterra EV has coolant hoses for traction battery thermal management and motor cooling — validated through the Toyota partnership.,cue,,published
Belts & Cooling,service,(via service_family_content),,,"The TDI diesel applications (legacy Jetta, Passat, Golf, Audi Q-series, A-series) use heavy-duty belts validated for the diesel's higher accessory loads.",cue,,published
Belts & Cooling,service,(via service_family_content),,,The Tacoma 4.0L V6 and the legacy Tacoma 2.7L four-cylinder (2TR-FE) both use timing chains.,cue,,published
Belts & Cooling,service,(via service_family_content),,,"The VQ35 V6 (used across many Nissan/Infiniti applications), VR30DDTT twin-turbo V6 (Q50, Q60, Z), and the legacy VK56 V8 all have specific hose routings.",cue,,published
Belts & Cooling,service,(via service_family_content),,,The VQ35 V6 (used across the Nissan/Infiniti lineup from 2002 onward) uses a timing chain — eliminating timing belt service from most modern Nissans.,cue,,published
Belts & Cooling,service,(via service_family_content),,,"The VQ35 V6 (used in many Nissan/Infiniti applications), VR30DDTT twin-turbo V6 (Q50, Q60, Z), and the legacy VQ37 all use single serpentine belt accessory drives.",cue,,published
Belts & Cooling,service,(via service_family_content),,,"The VR6 engine (Golf, Jetta, GTI, Passat, R32) used timing chains throughout its production.",cue,,published
Belts & Cooling,service,(via service_family_content),,,"The VR6 engine (legacy Jetta, Passat, Golf, R32) had a particularly complex coolant hose system — due to the unusual narrow-angle V6 layout.",cue,,published
Belts & Cooling,service,(via service_family_content),,,"The Wankel rotary engines (RX-7, RX-8) don't use timing belts or chains since rotary engines don't have valves — they use eccentric shaft seals instead, a different service item entirely.",cue,,published
Belts & Cooling,service,(via service_family_content),,,"The Z, Z Nismo, and GT-R applications use heavy-duty belts validated for higher RPM operation.",cue,,published
Belts & Cooling,service,(via service_family_content),,,"The Z, Z Nismo, and GT-R use heavier-duty hose specifications — validated for sustained high-output operation.",cue,,published
Belts & Cooling,service,(via service_family_content),,,The bZ4X EV doesn't have a timing belt or chain.,cue,,published
Belts & Cooling,service,(via service_family_content),,,The bZ4X EV doesn't use a serpentine belt — electric motors drive accessories directly.,cue,,published
Belts & Cooling,service,(via service_family_content),,,"The bZ4X EV has coolant hoses for traction battery thermal management, motor cooling, and cabin climate — validated for the vehicle's specific thermal management strategy.",cue,,published
Belts & Cooling,service,(via service_family_content),,,"The belt and tensioner are a paired replacement — replacing the belt without inspecting the tensioner is the leading source of comeback complaints, with belt squeal returning within weeks.",cue,,published
Belts & Cooling,service,(via service_family_content),,,The boxer engine's relatively low engine bay height makes most coolant hoses accessible — though some routing across the top of the engine requires component removal for replacement.,cue,,published
Belts & Cooling,service,(via service_family_content),,,The boxer engine's relatively low engine bay height makes serpentine belt access generally straightforward — though specific routing varies between turbocharged and naturally aspirated variants.,cue,,published
Belts & Cooling,service,(via service_family_content),,,"The current 2.5L turbo five-cylinder (Audi RS3, RS Q3, TT RS) uses a timing chain.",cue,,published
Belts & Cooling,service,(via service_family_content),,,"The current FA and FB boxer engines (FB20, FB25, FA20DIT, FA20F, FA24D, FA24F) all use timing chains — eliminating timing belt service on current Subaru vehicles.",cue,,published
Belts & Cooling,service,(via service_family_content),,,The current MINI Cooper (F-series and beyond) uses BMW-derived engines with timing chains.,cue,,published
Belts & Cooling,service,(via service_family_content),,,"The current MX-5 (ND, 2016+) uses a timing chain on the SkyActiv-G 2.0L.",cue,,published
Belts & Cooling,service,(via service_family_content),,,The horizontally opposed boxer engine has distinct serpentine belt routing compared to inline or V-configuration engines — the belt runs across the front of the engine.,cue,,published
Belts & Cooling,service,(via service_family_content),,,The horizontally opposed boxer engine layout requires specific hose routing across both cylinder banks — different from inline or V-configuration engines.,cue,,published
Belts & Cooling,service,(via service_family_content),,,"The i4, iX, i5, i7, iX3, and other BMW EVs don't have timing belts.",cue,,published
Belts & Cooling,service,(via service_family_content),,,"The i4, iX, i5, i7, iX3, and other BMW EVs don't use serpentine belts.",cue,,published
Belts & Cooling,service,(via service_family_content),,,"The i4, iX, i5, i7, iX3, and other BMW EVs have extensive coolant hose networks — for traction battery thermal management and motor cooling.",cue,,published
Belts & Cooling,service,(via service_family_content),,,"The legacy 1.8T and 2.0T (early A4, A6, Passat, Jetta, Golf, GTI) used timing belts with 105,000-mile replacement intervals — highly relevant for the still-large fleet of these vehicles.",cue,,published
Belts & Cooling,service,(via service_family_content),,,"The legacy 1MZ-FE 3.0L V6 (Camry, Avalon, Solara, ES300, RX300, Sienna, Highlander) used a timing belt with 90,000-mile replacement interval — many of these vehicles are still in service.",cue,,published
Belts & Cooling,service,(via service_family_content),,,"The legacy 3.7L PowerTech V6 and 4.7L PowerTech V8 (older Jeep, Dodge, Ram applications) use timing chains.",cue,,published
Belts & Cooling,service,(via service_family_content),,,"The legacy Beta II 2.0L/2.4L four-cylinder (older Elantra, Tucson, Sportage, Optima) used timing belts — most are out of regular service today.",cue,,published
Belts & Cooling,service,(via service_family_content),,,"The legacy D-series and B-series four-cylinders (Civic, Integra) used timing belts — many of these vehicles are still in enthusiast service.",cue,,published
Belts & Cooling,service,(via service_family_content),,,"The legacy EJ-series boxer engines (EJ20, EJ22, EJ25 — used in Impreza, Forester, Outback, Legacy, WRX, STI through ~2011 non-turbo and ~2014 STI) used timing belts with 105,000-mile replacement intervals.",cue,,published
Belts & Cooling,service,(via service_family_content),,,"The legacy F-series 2.2L/2.3L four-cylinder (Accord 1990s–early 2000s, Prelude) used timing belts with 90,000-mile intervals.",cue,,published
Belts & Cooling,service,(via service_family_content),,,"The legacy J-series V6 (J35A in Pilot, Odyssey, Ridgeline, MDX through 2017; J37 in Acura RL, TL, MDX, RLX) used timing belts with 105,000-mile replacement intervals.",cue,,published
Belts & Cooling,service,(via service_family_content),,,"The legacy K-series V6 (Millenia, MPV, Tribute V6) and L-series four-cylinders used timing chains for most applications.",cue,,published
Belts & Cooling,service,(via service_family_content),,,"The legacy KA24 (Hardbody pickup, 240SX) and SR20 (Sentra SE-R, 200SX) used timing chains.",cue,,published
Belts & Cooling,service,(via service_family_content),,,"The legacy M271 1.8L supercharged four-cylinder (C-Class, SLK, E-Class through 2014) used a timing chain — known for stretch issues but not a timing belt.",cue,,published
Belts & Cooling,service,(via service_family_content),,,"The legacy M40, M42, and M44 four-cylinder engines (1990s 318i, Z3) used timing chains.",cue,,published
Belts & Cooling,service,(via service_family_content),,,"The legacy MZR 2.0L and 2.3L (Mazda3, Mazda6, CX-7, MX-5 NC) used timing chains.",cue,,published
Belts & Cooling,service,(via service_family_content),,,"The legacy OM651 2.1L diesel (E-Class, GLK, Sprinter) used a timing chain.",cue,,published
Belts & Cooling,service,(via service_family_content),,,"The legacy STI's EJ257 (turbocharged 2.5L) used a timing belt; many are still in enthusiast service and require regular replacement, especially with aggressive use.",cue,,published
Belts & Cooling,service,(via service_family_content),,,"The legacy Sigma V6 (Sonata, Optima, Tiburon V6) used timing belts — mostly out of regular service.",cue,,published
Belts & Cooling,service,(via service_family_content),,,"The legacy TDI diesels (1.9L, 2.0L through ~2014) used timing belts with 100,000–120,000 mile replacement intervals — failure typically causes catastrophic engine damage on these interference designs.",cue,,published
Belts & Cooling,service,(via service_family_content),,,"The legacy VG-series V6 (200SX, Pathfinder, Maxima 1980s–1990s, 300ZX) used timing belts with 60,000–105,000 mile intervals depending on application.",cue,,published
Belts & Cooling,service,(via service_family_content),,,The new SkyActiv-G inline-six in the CX-90 and CX-70 uses a serpentine belt with specific routing for the larger engine's accessories.,cue,,published
Belts & Cooling,service,(via service_family_content),,,"The newer EA288 TDI uses a timing belt that runs in oil ('wet belt') — similar to the Ford EcoBoost wet-belt issue, with reported premature failures.",cue,,published
Belts & Cooling,service,(via service_family_content),,,"The newer J35Y6 V6 (2018+ Pilot, Passport, Odyssey, Ridgeline, MDX) uses a timing belt with 100,000-mile intervals — meaning current Pilot, Passport, Odyssey, and Ridgeline owners DO need timing belt service.",cue,,published
Belts & Cooling,service,(via service_family_content),,,"Tighter dimensional tolerances — Bando manufactures timing belts to tighter tolerances than industry average, which matters more on timing belts than serpentine belts because tooth-to-pulley engagement directly affects valve timing accuracy.",cue,,published
Belts & Cooling,service,(via service_family_content),,,"Tighter manufacturing tolerances for European NVH — German automakers have strict NVH specs, and Continental timing belts are engineered to meet those specs with specific tooth profiles that minimize meshing noise that causes 'timing belt whine' complaints on cheaper aftermarket alternatives.",cue,,published
Belts & Cooling,service,(via service_family_content),,,"Tighter manufacturing tolerances — Bando belts manufactured to tighter dimensional tolerances than industry average, with rib depth and width variations measured in fractions of a millimeter.",cue,,published
Belts & Cooling,service,(via service_family_content),,,"Timing belts are NOT serpentine belts — different parts, different consequences.",cue,,published
Belts & Cooling,service,(via service_family_content),,,"Toyota OE belts are typically supplied by Bando, Mitsuboshi, and other Japanese manufacturers — specifications validated for Toyota's long maintenance intervals.",cue,,published
Belts & Cooling,service,(via service_family_content),,,"Toyota OE coolant hoses are typically supplied by Sumitomo Riko, Toyoda Gosei, and other Japanese manufacturers — specifications validated for Toyota's long maintenance intervals.",cue,,published
Belts & Cooling,service,(via service_family_content),,,"Toyota Super Long Life Coolant (SLLC, pink) and World Long Life Coolant (red, OEM-spec for older vehicles) have specific chemical formulations that work with Toyota's hose materials — using incompatible coolant can degrade hoses.",cue,,published
Belts & Cooling,service,(via service_family_content),,,"Toyota recommends coolant replacement every 10 years/100,000 miles initially, then every 5 years/50,000 miles thereafter — with hose inspection at every coolant service.",cue,,published
Belts & Cooling,service,(via service_family_content),,,"Toyota recommends serpentine belt inspection every 30,000 miles, with replacement typically needed every 60,000–90,000 miles.",cue,,published
Belts & Cooling,service,(via service_family_content),,,"Toyota's hybrid system (Prius, Camry Hybrid, RAV4 Hybrid, Highlander Hybrid) uses Atkinson-cycle engines with timing chains.",cue,,published
Belts & Cooling,service,(via service_family_content),,,"Toyota's reputation for hitting 200,000+ miles depends partly on consistent belt and tensioner inspection — neglecting these is a common cause of engine damage on otherwise-reliable Toyota engines.",cue,,published
Belts & Cooling,service,(via service_family_content),,,"Toyota's reputation for hitting 200,000+ miles depends partly on consistent cooling system maintenance — a single hose failure can cause head gasket damage that ends an otherwise-reliable engine's life.",cue,,published
Belts & Cooling,service,(via service_family_content),,,VW/Audi G13 (purple) and G12++ (pink) coolant specifications have specific chemistry — using incompatible coolant can cause premature hose degradation.,cue,,published
Belts & Cooling,service,(via service_family_content),,,"VW/Audi adaptive thermal management systems on modern engines depend on consistent coolant flow — a degraded hose can produce unexpected fault codes for thermostat, water pump, or temperature sensor systems.",cue,,published
Belts & Cooling,service,(via service_family_content),,,"VW/Audi recommend coolant replacement every 5 years/75,000 miles — with hose inspection at every service visit.",cue,,published
Belts & Cooling,service,(via service_family_content),,,"VW/Audi recommend serpentine belt inspection at every maintenance reminder service, with replacement typically needed every 60,000–100,000 miles.",cue,,published
Belts & Cooling,service,(via service_family_content),,,VW/Audi use OE belts supplied primarily by Continental (a German company with deep VW Group ties) and other European manufacturers.,cue,,published
Belts & Cooling,service,(via service_family_content),,,VW/Audi use OE coolant hoses supplied primarily by Continental and Cooper Standard — specifications validated for the brand's engine families.,cue,,published
Belts & Cooling,service,(via service_family_content),,,"Validated for 48V mild-hybrid integrated starter-generator (ISG) systems — Continental's modern belts are specifically engineered for the higher loads of belt-driven 48V ISG systems in modern Mercedes M254/M256, BMW B58, and Audi V6/V8 applications.",cue,,published
Belts & Cooling,service,(via service_family_content),,,"Validated for Honda's 105,000-mile interval — Honda's recommendation of 105,000-mile timing belt replacement on J-series V6s depends on belt durability that meets that standard.",cue,,published
Belts & Cooling,service,(via service_family_content),,,"Validated for Toyota's industry-leading service intervals — Toyota's reputation for 200,000+ mile reliability is partly built on belts that don't need replacement at 60K.",cue,,published
Belts & Cooling,service,(via service_family_content),,,"Validated for stop-start cycle counts — Dayco's modern belts are validated for 500,000+ stop-start cycles vs legacy belts validated only for continuous operation.",cue,,published
Belts & Cooling,service,(via service_family_content),,,"Validated tooth profile and HNBR cord construction — Gates timing belts use HNBR (hydrogenated nitrile butadiene rubber) compound on premium applications, significantly more heat-resistant and longer-lasting than the EPDM used in serpentine belts.",cue,,published
Belts & Cooling,service,(via service_family_content),,,WRX and STI applications have additional coolant hoses for the turbocharger and air-to-water intercooler circuits.,cue,,published
Belts & Cooling,service,(via service_family_content),,,WRX and STI applications use heavier-duty belts validated for the turbocharged engine's higher accessory loads.,cue,,published
Belts & Cooling,service,(via service_family_content),,,"Wear gauge included with premium kits — measures rib depth and tells customers when belt is approaching end-of-life, well before visible cracking.",cue,,published
Belts & Cooling,service,(via service_family_content),,,Wet-belt service on Ford EcoBoost requires specific oil and engine cleaning procedures since debris from belt wear contaminates the oil — a more involved job than a traditional dry-belt replacement.,cue,,published
Belts & Cooling,service,(via service_family_content),,,"When replacing a timing belt on any Ford application, water pump, tensioner, and idler pulleys should be replaced simultaneously since labor access is identical and these are matched-life components.",cue,,published
Belts & Cooling,service,(via service_family_content),,,"Widest aftermarket coverage — Dayco maintains one of the broadest belt catalogs in the industry, covering 99%+ of vehicles on the road including legacy applications other manufacturers have discontinued.",cue,,published
Belts & Cooling,service,(via service_family_content),,,Wrong coolant chemistry destroys hoses.,cue,,published
Belts & Cooling,service,(via service_family_content),,,"eTorque mild-hybrid systems (Ram 1500, Wrangler 4xe) integrate a belt-driven motor-generator that places higher demands on the serpentine belt and tensioner — failure of these components can disable eTorque.",cue,,published
Brake Service,service,(via service_family_content),,,After-MPI,advisor_video,157,published
Brake Service,service,(via service_family_content),,,At the Kiosk,advisor_video,210,published
Brake Service,service,(via service_family_content),,,MPI Setup,advisor_video,99,published
Brake Service,service,(via service_family_content),,,On the Drive,advisor_video,216,published
Brake Service,service,(via service_family_content),,,"**ACE Advisor Training and MOC University** provide service writers with category-specific training on brake fluid service, including how to identify when service is needed, how to position the service to customers using the time-based degradation argument, and how to handle common objections. The training infrastructure is a real differentiator — chemistry alone doesn't produce trained advisors.",cue,,published
Brake Service,service,(via service_family_content),,,"**MOC Ultra DOT 5.1 Brake Fluid (PN 0602)** offers a higher boiling point than DOT 3 and DOT 4 — making it suitable for high-performance and heavy-duty applications where thermal stress is greater. Important: MOC Ultra DOT 5.1 is GLYCOL-based (compatible with DOT 3/4 systems), NOT silicone-based DOT 5 (which is incompatible with most modern systems).",cue,,published
Brake Service,service,(via service_family_content),,,"**THE 8-FOOT / 13-FOOT STOPPING DISTANCE STAT**. Independent stopping-distance testing shows that exchanging brake fluid produces measurable improvement in stopping power: at highway speeds, **8 feet shorter for cars and 13 feet shorter for trucks and SUVs.** Customer-facing question that converts: 'How often do you get within 13 feet of something while you're driving?' Most customers answer 'every day' — and they immediately understand why brake fluid exchange matters.",cue,,published
Brake Service,service,(via service_family_content),,,"**THE 8-FOOT / 13-FOOT STOPPING DISTANCE STAT**. Independent stopping-distance testing shows that exchanging brake fluid produces measurable improvement in stopping power: at highway speeds, **8 feet shorter for cars and 13 feet shorter for trucks and SUVs.** Customer-facing question that converts: 'How often do you get within 13 feet of something while you're driving?' Most customers answer 'every day' — and they immediately understand why brake fluid exchange matters.",cue,,published
Brake Service,service,(via service_family_content),,,"**The Engine Advantage and Vehicle Protection Program retention programs.** Let dealerships back their MOC-treated brake systems with the **MOC 30,000-mile warranty** on covered components — providing both customer confidence and shop margin protection on services performed. The 30K warranty close is the all-tier close per Mitch — every advisor surfaces this on every brake fluid pitch on under-100K vehicles.",cue,,published
Brake Service,service,(via service_family_content),,,"**The Engine Advantage and Vehicle Protection Program retention programs.** Let dealerships back their MOC-treated brake systems with the **MOC 30,000-mile warranty** on covered components — providing both customer confidence and shop margin protection on services performed. The 30K warranty close is the all-tier close per Mitch — every advisor surfaces this on every brake fluid pitch on under-100K vehicles.",cue,,published
Brake Service,service,(via service_family_content),,,"ADAS features — Pre-Collision, Adaptive Cruise, Lane-Keep, Auto-Brake — depend on proper brake function. ABS faults, mismatched pad compounds, or worn pads can disable these features and trigger warning lights.",cue,,published
Brake Service,service,(via service_family_content),,,"Akebono is a Japanese manufacturer founded in 1929 — one of the largest brake pad producers globally with extensive OE relationships across Japanese, American, and European automakers including Toyota, Honda, Nissan, Ford, GM, and Stellantis.",cue,,published
Brake Service,service,(via service_family_content),,,Akebono is widely credited with pioneering and popularizing ceramic brake pad technology in the OE market — their ceramic compounds produce significantly less brake dust and noise than typical semi-metallic pads.,cue,,published
Brake Service,service,(via service_family_content),,,Always recommend at the 2-3 YEAR MARK regardless of mileage — every OEM supports this interval. Don't oversell to vehicles within their first 2 years (factory fluid is fresh and customers know it). Don't undersell to vehicles past 4 years (they're overdue regardless of brand). Use moisture testing for visible proof that makes the sale natural. Tie it to safety AND ADAS performance — modern advanced driver assistance systems depend on consistent brake hydraulic pressure.,cue,,published
Brake Service,service,(via service_family_content),,,Always recommend at the 2-3 YEAR MARK regardless of mileage — every OEM supports this interval. Don't oversell to vehicles within their first 2 years (factory fluid is fresh and customers know it). Don't undersell to vehicles past 4 years (they're overdue regardless of brand). Use moisture testing for visible proof that makes the sale natural. Tie it to safety AND ADAS performance — modern advanced driver assistance systems depend on consistent brake hydraulic pressure.,cue,,published
Brake Service,service,(via service_family_content),,,BCS-032 Caliper Service,cue,,published
Brake Service,service,(via service_family_content),,,BFF-012 Brake Fluid Flush,cue,,published
Brake Service,service,(via service_family_content),,,BFF-013 Brake Quiet,cue,,published
Brake Service,service,(via service_family_content),,,BPF-028 Brake Pads Front,cue,,published
Brake Service,service,(via service_family_content),,,BPR-029 Brake Pads Rear,cue,,published
Brake Service,service,(via service_family_content),,,BRAKE FLUID STILL REQUIRED ON EVs — REGEN REDUCES PAD WEAR BUT DOESN'T ELIMINATE FLUID DEGRADATION.,cue,,published
Brake Service,service,(via service_family_content),,,"Bosch is a German manufacturer founded in 1886 — one of the world's largest automotive suppliers. Brake division produces pads, rotors, calipers, ABS modules, and complete brake systems for nearly every OEM.",cue,,published
Brake Service,service,(via service_family_content),,,"Bosch's QuietCast Premium aftermarket pad line is widely available and well-regarded for OE-quality replacement at competitive pricing across European, Asian, and American applications.",cue,,published
Brake Service,service,(via service_family_content),,,Brak Fluid Warranty,cue,,published
Brake Service,service,(via service_family_content),,,Brake Fluid,cue,,published
Brake Service,service,(via service_family_content),,,Brake Fluid - BTM,cue,,published
Brake Service,service,(via service_family_content),,,Brake Fluid BTM,cue,,published
Brake Service,service,(via service_family_content),,,Brake Fluid Bundle,cue,,published
Brake Service,service,(via service_family_content),,,Brake Fluid Bundle,cue,,published
Brake Service,service,(via service_family_content),,,Brake Fluid Bundle,cue,,published
Brake Service,service,(via service_family_content),,,Brake Fluid Classes,cue,,published
Brake Service,service,(via service_family_content),,,Brake Fluid Color,cue,,published
Brake Service,service,(via service_family_content),,,Brake Fluid EV and Hybrid Tip,cue,,published
Brake Service,service,(via service_family_content),,,Brake Fluid EV and Hybrid Tip,cue,,published
Brake Service,service,(via service_family_content),,,Brake Fluid Exchange Warranty,cue,,published
Brake Service,service,(via service_family_content),,,Brake Fluid Exchange Warranty,cue,,published
Brake Service,service,(via service_family_content),,,Brake Fluid Exchange Warranty,cue,,published
Brake Service,service,(via service_family_content),,,Brake Fluid Machines,cue,,published
Brake Service,service,(via service_family_content),,,Brake Fluid Science,cue,,published
Brake Service,service,(via service_family_content),,,Brake Fluid Science,cue,,published
Brake Service,service,(via service_family_content),,,Brake Fluid Science,cue,,published
Brake Service,service,(via service_family_content),,,Brake Fluid Science,cue,,published
Brake Service,service,(via service_family_content),,,Brake Fluid Science,cue,,published
Brake Service,service,(via service_family_content),,,Brake Fluid Warranty,cue,,published
Brake Service,service,(via service_family_content),,,Brake Fluid Warranty,cue,,published
Brake Service,service,(via service_family_content),,,Brake Fluid Warranty,cue,,published
Brake Service,service,(via service_family_content),,,Brake Fluid Warranty,cue,,published
Brake Service,service,(via service_family_content),,,Brake Fluid Warranty,cue,,published
Brake Service,service,(via service_family_content),,,Brake Fluid Warranty,cue,,published
Brake Service,service,(via service_family_content),,,Brake Fluid Warranty,cue,,published
Brake Service,service,(via service_family_content),,,Brake Fluid Warranty Value,cue,,published
Brake Service,service,(via service_family_content),,,Brake Fluid Warranty Word Track,cue,,published
Brake Service,service,(via service_family_content),,,Brake Fluid Word Tracks,cue,,published
Brake Service,service,(via service_family_content),,,Brake Fluid Word Tracks,cue,,published
Brake Service,service,(via service_family_content),,,Brake Fluid compatibility,cue,,published
Brake Service,service,(via service_family_content),,,Brake Fluid compatibility,cue,,published
Brake Service,service,(via service_family_content),,,Brake Fluid is easy,cue,,published
Brake Service,service,(via service_family_content),,,Brake Purpose,cue,,published
Brake Service,service,(via service_family_content),,,Brake Purpose,cue,,published
Brake Service,service,(via service_family_content),,,Brake Quiet,cue,,published
Brake Service,service,(via service_family_content),,,Brake Quiet,cue,,published
Brake Service,service,(via service_family_content),,,Brake fluid exchange equipment is core to the MOC offering — closed-loop machines that perform 100% brake fluid replacement (versus 50-60% on traditional gravity-bleed methods). Addresses the moisture-laden-residual-fluid concern that all OEMs raise.,cue,,published
Brake Service,service,(via service_family_content),,,"Brake fluid exchange has NEAR-UNIVERSAL INDUSTRY AGREEMENT. Unlike engine flushes (controversial — Asian and European OEMs warn against) or decarb services (chemistry-vs-mechanical debate), brake fluid exchange is genuinely supported by every OEM and every chemical service company in the master. The positions all align around the same core fact: hygroscopic moisture absorption is real, time-based, and produces measurable safety and durability consequences.",cue,,published
Brake Service,service,(via service_family_content),,,"Brake fluid exchange has NEAR-UNIVERSAL INDUSTRY AGREEMENT. Unlike engine flushes (controversial — Asian and European OEMs warn against) or decarb services (chemistry-vs-mechanical debate), brake fluid exchange is genuinely supported by every OEM and every chemical service company in the master. The positions all align around the same core fact: hygroscopic moisture absorption is real, time-based, and produces measurable safety and durability consequences.",cue,,published
Brake Service,service,(via service_family_content),,,"Brake fluid is HYGROSCOPIC — it absorbs moisture from the air through hose seals, reservoir vents, and ABS module seals regardless of mileage. This is the single most-important customer-education fact in the brake fluid conversation. A vehicle that sits in the garage and never moves still needs periodic brake fluid exchange, because the moisture absorption is ATMOSPHERIC, not driving-related. Service writers who name this honestly convert customers who would otherwise dismiss the service as 'I don't drive much.'",cue,,published
Brake Service,service,(via service_family_content),,,"Brake fluid is HYGROSCOPIC — it absorbs moisture from the air through hose seals, reservoir vents, and ABS module seals regardless of mileage. This is the single most-important customer-education fact in the brake fluid conversation. A vehicle that sits in the garage and never moves still needs periodic brake fluid exchange, because the moisture absorption is ATMOSPHERIC, not driving-related. Service writers who name this honestly convert customers who would otherwise dismiss the service as 'I don't drive much.'",cue,,published
Brake Service,service,(via service_family_content),,,"Brake wear sensors are standard on most European and many premium American vehicles — when the sensor wire is worn through, a dashboard warning appears indicating immediate pad replacement is needed.",cue,,published
Brake Service,service,(via service_family_content),,,"Brembo is an Italian manufacturer founded in 1961 — world leader in high-performance brake systems with OE supply across virtually every supercar and performance brand: Ferrari, Lamborghini, McLaren,",cue,,published
Brake Service,service,(via service_family_content),,,"Brembo systems are factory-fitted on Corvette, Mustang GT/Mach 1/Dark Horse, Cadillac Blackwing, SRT/Hellcat, Genesis G70/G80 Sport trims, and many other performance vehicles across mainstream brands.",cue,,published
Brake Service,service,(via service_family_content),,,Caliper Service,cue,,published
Brake Service,service,(via service_family_content),,,Caliper Service,cue,,published
Brake Service,service,(via service_family_content),,,"DOT compatibility — DO NOT MIX DOT 5 with DOT 3/4. DOT 3 (most basic, 401°F dry boiling point) and DOT 4 (higher performance, 446°F dry boiling point) are GLYCOL-BASED and freely intermixable — DOT 4",cue,,published
Brake Service,service,(via service_family_content),,,"DOT compatibility — DO NOT MIX DOT 5 with DOT 3/4. DOT 3 (most basic, 401°F dry boiling point) and DOT 4 (higher performance, 446°F dry boiling point) are GLYCOL-BASED and freely intermixable — DOT 4",cue,,published
Brake Service,service,(via service_family_content),,,Dot 5.1 Brake Fluid,cue,,published
Brake Service,service,(via service_family_content),,,"EVs and Hybrids — regenerative braking REDUCES friction brake use but does NOT eliminate the need for periodic brake fluid exchange. Ford Mach-E / F-150 Lightning, GM Hummer EV / Silverado EV / Lyriq",cue,,published
Brake Service,service,(via service_family_content),,,"EVs and Hybrids — regenerative braking REDUCES friction brake use but does NOT eliminate the need for periodic brake fluid exchange. Ford Mach-E / F-150 Lightning, GM Hummer EV / Silverado EV / Lyriq",cue,,published
Brake Service,service,(via service_family_content),,,"EVs and hybrids wear brake pads dramatically less than gas vehicles — but rotors can rust and pit from underuse, requiring a different conversation than 'your pads are fine.'",cue,,published
Brake Service,service,(via service_family_content),,,Front vs Rear Wear,cue,,published
Brake Service,service,(via service_family_content),,,"MOC Products 30,000-mile warranty close on vehicles under 100,000 miles. Per existing platform Elite-tier coaching: 'For any vehicle with fewer than 100,000 miles, a customer that purchases this servi",cue,,published
Brake Service,service,(via service_family_content),,,"MOC Products 30,000-mile warranty close on vehicles under 100,000 miles. Per existing platform Elite-tier coaching: 'For any vehicle with fewer than 100,000 miles, a customer that purchases this servi",cue,,published
Brake Service,service,(via service_family_content),,,"Moisture content above 3% reduces boiling point significantly — leading to brake fade under heavy use AND corrosion of internal brake components over time. Replacement cost of brake hydraulic components is significant: $500-$2,000 for caliper rebuilds, $300-$800 for master cylinders, $500-$1,500 for brake boosters. The math always favors prevention.",cue,,published
Brake Service,service,(via service_family_content),,,"Moisture content above 3% reduces boiling point significantly — leading to brake fade under heavy use AND corrosion of internal brake components over time. Replacement cost of brake hydraulic components is significant: $500-$2,000 for caliper rebuilds, $300-$800 for master cylinders, $500-$1,500 for brake boosters. The math always favors prevention.",cue,,published
Brake Service,service,(via service_family_content),,,"Moisture content above 3% reduces brake fluid boiling point significantly — leading to brake fade under heavy use AND corrosion of internal brake components over time. The two failure modes are different but both serious. Brake fade affects safety in the moment (loss of stopping power under sustained brake use). Internal corrosion affects long-term cost (caliper rebuilds $500-$2,000, master cylinder replacements $300-$800, brake booster replacements $500-$1,500). Service writers who name both failure modes give customers the full picture.",cue,,published
Brake Service,service,(via service_family_content),,,"Moisture content above 3% reduces brake fluid boiling point significantly — leading to brake fade under heavy use AND corrosion of internal brake components over time. The two failure modes are different but both serious. Brake fade affects safety in the moment (loss of stopping power under sustained brake use). Internal corrosion affects long-term cost (caliper rebuilds $500-$2,000, master cylinder replacements $300-$800, brake booster replacements $500-$1,500). Service writers who name both failure modes give customers the full picture.",cue,,published
Brake Service,service,(via service_family_content),,,"Most OEMs recommend 2-3 YEAR INTERVALS — the time-based nature is widely acknowledged. Ford 3yr/45K, GM 5yr/45K (longer outlier), Toyota 3yr no-mileage, Honda 3yr no-mileage, Mopar 2yr/30K, Subaru 30K mileage-only, Hyundai/Kia 2yr/30K, Nissan 30K, Mazda 2yr/24K (shortest), Mercedes 2yr time-only, BMW 2yr time-only, VW/Audi 2yr time-only. The variance reflects each brand's positioning (performance, reliability, premium), not disagreement on whether exchange is needed.",cue,,published
Brake Service,service,(via service_family_content),,,Most modern vehicles (2018+) use electronic parking brakes — pad replacement requires service-mode activation via scan tool or maintenance menu before the rear caliper pistons can be retracted.,cue,,published
Brake Service,service,(via service_family_content),,,Nisshinbo Holdings is a Japanese manufacturer with brake friction operations including TMD Friction subsidiary (acquired 2011) — making the combined company one of the world's largest brake friction suppliers.,cue,,published
Brake Service,service,(via service_family_content),,,"Nisshinbo is a major OE supplier to Japanese automakers (Toyota, Honda, Nissan, Mazda) and European OEMs through TMD Friction brands.",cue,,published
Brake Service,service,(via service_family_content),,,Pad Thickness,cue,,published
Brake Service,service,(via service_family_content),,,Pad Thickness,cue,,published
Brake Service,service,(via service_family_content),,,Pad Wear Signs,cue,,published
Brake Service,service,(via service_family_content),,,Position it as INEXPENSIVE INSURANCE vs the cost of caliper or master cylinder replacement after fluid degradation causes corrosion damage. Brake fluid exchange has the cleanest dollar-prevention story in the master — the cost ratio (service vs failure-repair) is 5-to-1 to 10-to-1 in favor of prevention. Customer who hears the math authorizes at materially higher rates than customer who hears generic 'maintenance recommendation' language.,cue,,published
Brake Service,service,(via service_family_content),,,Position it as INEXPENSIVE INSURANCE vs the cost of caliper or master cylinder replacement after fluid degradation causes corrosion damage. Brake fluid exchange has the cleanest dollar-prevention story in the master — the cost ratio (service vs failure-repair) is 5-to-1 to 10-to-1 in favor of prevention. Customer who hears the math authorizes at materially higher rates than customer who hears generic 'maintenance recommendation' language.,cue,,published
Brake Service,service,(via service_family_content),,,"Position: Dealership-focused chemical supplier with a comprehensive brake service line. MOC Products manufactures brake fluid (Ultra DOT 5.1 Brake Fluid PN 0602), brake cleaning equipment, and complete brake fluid exchange procedures designed for the dealership service drive environment. MOC Products is based in Pacoima CA — mocproducts.com / mocwarranty.com / 800-928-9880. **Distinct from Motorcraft (Ford OE).**",cue,,published
Brake Service,service,(via service_family_content),,,"Position: Dealership-focused chemical supplier with a comprehensive brake service line. MOC Products manufactures brake fluid (Ultra DOT 5.1 Brake Fluid PN 0602), brake cleaning equipment, and complete brake fluid exchange procedures designed for the dealership service drive environment. MOC Products is based in Pacoima CA — mocproducts.com / mocwarranty.com / 800-928-9880. **Distinct from Motorcraft (Ford OE).**",cue,,published
Brake Service,service,(via service_family_content),,,"Proper pad bedding-in is required for new pad installation — improperly bedded pads produce noise, pulsation, and ABS faults. Most OEMs publish specific bedding procedures (typically 5-10 controlled stops from 30-60 mph).",cue,,published
Brake Service,service,(via service_family_content),,,RTF-030 Rotors Front,cue,,published
Brake Service,service,(via service_family_content),,,RTR-031 Rotors Rear,cue,,published
Brake Service,service,(via service_family_content),,,Rotor Inspection,cue,,published
Brake Service,service,(via service_family_content),,,Rotor Inspection,cue,,published
Brake Service,service,(via service_family_content),,,Rotor Spec,cue,,published
Brake Service,service,(via service_family_content),,,Rotor Spec,cue,,published
Brake Service,service,(via service_family_content),,,Stopping Distance,cue,,published
Brake Service,service,(via service_family_content),,,Stopping Distance,cue,,published
Brake Service,service,(via service_family_content),,,"Strategy 1: The 'Has Done Its Job' Word Track. Don't say 'broken brake fluid' or 'bad brake fluid' — say 'old fluid that has done its job.' Mitch's anchor opening: 'Are you familiar with our brake fluid exchanges? What we are doing is getting rid of your old brake fluid, that has done its job, and replacing it with brand new. This is going to help your stopping power, and your braking system stays protected.' Customer-language conversion that converts the conversation from 'is something wrong' to 'time for graduation.'",cue,,published
Brake Service,service,(via service_family_content),,,"Strategy 1: The 'Has Done Its Job' Word Track. Don't say 'broken brake fluid' or 'bad brake fluid' — say 'old fluid that has done its job.' Mitch's anchor opening: 'Are you familiar with our brake fluid exchanges? What we are doing is getting rid of your old brake fluid, that has done its job, and replacing it with brand new. This is going to help your stopping power, and your braking system stays protected.' Customer-language conversion that converts the conversation from 'is something wrong' to 'time for graduation.'",cue,,published
Brake Service,service,(via service_family_content),,,Strategy 2: The 8-Foot / 13-Foot Stopping Distance Stat. 'Independent testing shows that exchanging brake fluid produces 8 feet shorter stopping for cars and 13 feet shorter for trucks and SUVs at highway speeds. How often do you get within 13 feet of something while you're driving?' Customer immediately understands. The customer-facing question converts the conversation from cosmetic maintenance to documented safety improvement.,cue,,published
Brake Service,service,(via service_family_content),,,Strategy 2: The 8-Foot / 13-Foot Stopping Distance Stat. 'Independent testing shows that exchanging brake fluid produces 8 feet shorter stopping for cars and 13 feet shorter for trucks and SUVs at highway speeds. How often do you get within 13 feet of something while you're driving?' Customer immediately understands. The customer-facing question converts the conversation from cosmetic maintenance to documented safety improvement.,cue,,published
Brake Service,service,(via service_family_content),,,"Strategy 3: The Time-Based Degradation Argument. 'Brake fluid is hygroscopic — it absorbs moisture from the air through hose seals and reservoir vents regardless of mileage. This is time-based, not mileage-based. A vehicle that sits in the garage and never moves still needs periodic brake fluid exchange.' Pre-empts the most common objection ('I don't drive enough to need this').",cue,,published
Brake Service,service,(via service_family_content),,,"Strategy 3: The Time-Based Degradation Argument. 'Brake fluid is hygroscopic — it absorbs moisture from the air through hose seals and reservoir vents regardless of mileage. This is time-based, not mileage-based. A vehicle that sits in the garage and never moves still needs periodic brake fluid exchange.' Pre-empts the most common objection ('I don't drive enough to need this').",cue,,published
Brake Service,service,(via service_family_content),,,Strategy 4: The Visible Evidence Sell — Test Strips. Use a copper-content test strip on the customer's brake fluid. The strip changes color based on copper content (a proxy for fluid degradation). Show the customer the result. Visible evidence converts skeptical customers and builds trust on a service the customer can't directly observe. Mirrors the MPI photo strategy from Decarb / Engine Flush / Coolant — visible proof beats verbal pitch.,cue,,published
Brake Service,service,(via service_family_content),,,"Strategy 5: The MOC 30K Warranty Close (All-Tier on Under-100K Vehicles). Per Mitch's all-tier instruction — every advisor surfaces the MOC 30,000-mile warranty on every brake fluid pitch on under-100K vehicles. The warranty turns service into insurance: 'Brake fluid exchange comes with a 30,000-mile warranty on caliper / master cylinder / brake booster components — that protection alone is worth more than the cost of the service.' Cross-references the MOC Warranty tab.",cue,,published
Brake Service,service,(via service_family_content),,,"Strategy 5: The MOC 30K Warranty Close (All-Tier on Under-100K Vehicles). Per Mitch's all-tier instruction — every advisor surfaces the MOC 30,000-mile warranty on every brake fluid pitch on under-100K vehicles. The warranty turns service into insurance: 'Brake fluid exchange comes with a 30,000-mile warranty on caliper / master cylinder / brake booster components — that protection alone is worth more than the cost of the service.' Cross-references the MOC Warranty tab.",cue,,published
Brake Service,service,(via service_family_content),,,Strategy 6: The Brake Fluid Still Required Conversation.,cue,,published
Brake Service,service,(via service_family_content),,,"Strategy 6: The Repair-Cost Comparison Close. 'Brake fluid exchange is $150-200. Caliper rebuild is $500-2,000. Master cylinder is $300-800. Brake booster is $500-1,500. This is inexpensive insurance",cue,,published
Brake Service,service,(via service_family_content),,,"Strategy 6: The Repair-Cost Comparison Close. 'Brake fluid exchange is $150-200. Caliper rebuild is $500-2,000. Master cylinder is $300-800. Brake booster is $500-1,500. This is inexpensive insurance",cue,,published
Brake Service,service,(via service_family_content),,,"THE ADAS DEPENDENCY OBJECTION-HANDLER — When a customer pushes back on brake service cost, name the specific ADAS system in their vehicle (Honda Sensing, Toyota TSS, Subaru EyeSight, Mercedes Pre-Safe, BMW CBS) and explain that the system depends on proper brake function. ADAS calibration is $200-600 per system. Brake service is cheaper than calibration.",cue,,published
Brake Service,service,(via service_family_content),,,"THE EV/HYBRID ROTOR-FROM-UNDERUSE CONVERSATION — Every EV and hybrid customer who says 'my brakes are fine' needs to hear: 'Your pads are great. But your rotors haven't been used enough — they're rusting and pitting. That's actually MORE common on EVs than gas vehicles.' This reframes a 'no, I don't need brakes' into a yes.",cue,,published
Brake Service,service,(via service_family_content),,,"THE HARDWARE KIT PIGGYBACK — Every brake job is a hardware kit opportunity. Clips, shims, and abutment slides are validated to prevent noise and uneven wear. Skipping the $30 hardware kit creates $300 comeback risk. Adding it to every brake job protects the dealership AND the customer.",cue,,published
Brake Service,service,(via service_family_content),,,"Warranty-coverage REALITY CHECK — brake hydraulic components. Brake calipers, master cylinder, and brake booster are covered ONLY under the BUMPER-TO-BUMPER warranty (3-5 years depending on brand). Powertrain warranty does NOT cover any brake hydraulic components on any OEM. After bumper-to-bumper expires, customers pay out-of-pocket — even if they're still under powertrain warranty. Replacement costs are real money: caliper rebuilds $500-$2,000, master cylinder $300-$800, brake booster $500-$1,500. Service writers who name this honestly during the brake fluid conversation prevent the angry-customer-later scenario.",cue,,published
Brake Service,service,(via service_family_content),,,"Warranty-coverage REALITY CHECK — brake hydraulic components. Brake calipers, master cylinder, and brake booster are covered ONLY under the BUMPER-TO-BUMPER warranty (3-5 years depending on brand). Powertrain warranty does NOT cover any brake hydraulic components on any OEM. After bumper-to-bumper expires, customers pay out-of-pocket — even if they're still under powertrain warranty. Replacement costs are real money: caliper rebuilds $500-$2,000, master cylinder $300-$800, brake booster $500-$1,500. Service writers who name this honestly during the brake fluid conversation prevent the angry-customer-later scenario.",cue,,published
Brake Service,service,(via service_family_content),,,"Word track reframe per existing platform language: don't say 'broken brake fluid' or 'bad brake fluid' — say 'old fluid that has done its job.' Mitch's anchor opening (existing Brakes R9): 'Are you familiar with our brake fluid exchanges? What we are doing is getting rid of your old brake fluid, that has done its job, and replacing it with brand new. This is going to help your stopping power, and your braking system stays protected.' The 'has done its job' phrase respects the fluid for serving and frames the exchange as graduation, not failure.",cue,,published
Brake Service,service,(via service_family_content),,,"Word track reframe per existing platform language: don't say 'broken brake fluid' or 'bad brake fluid' — say 'old fluid that has done its job.' Mitch's anchor opening (existing Brakes R9): 'Are you familiar with our brake fluid exchanges? What we are doing is getting rid of your old brake fluid, that has done its job, and replacing it with brand new. This is going to help your stopping power, and your braking system stays protected.' The 'has done its job' phrase respects the fluid for serving and frames the exchange as graduation, not failure.",cue,,published
Brake Service,service,(via service_family_content),,,"ZF Friedrichshafen acquired TRW Automotive in 2015 — creating one of the largest automotive supplier groups globally. Combined ZF/TRW brake division supplies pads, rotors, calipers, and complete brake systems to virtually every major OEM.",cue,,published
Brake Service,service,(via service_family_content),,,ZF's electric parking brake calipers are factory-fitted on a wide range of modern vehicles across multiple brands — making ZF/TRW components common in aftermarket service.,cue,,published
Brake Service,service,(via service_family_content),,,"ZF/TRW is a major OE supplier to Ford, GM, Stellantis, VW/Audi, BMW, Mercedes-Benz, and many Asian automakers — pads frequently appear as OE on American and European trucks and SUVs.",cue,,published
Differential,service,(via service_family_content),,,After-MPI,advisor_video,211,published
Differential,service,(via service_family_content),,,At the Kiosk,advisor_video,307,published
Differential,service,(via service_family_content),,,MPI Setup,advisor_video,109,published
Differential,service,(via service_family_content),,,On the Drive,advisor_video,245,published
Differential,service,(via service_family_content),,,"**Extreme-Pressure Lubricant (PN 0114, 6 oz).** Multiuse concentrate to improve lubricant film thickness and reduce wear on gear surfaces. Designed for manual transmissions, gear boxes, and differentials. Smooths shifting, reduces wear and noise, improves thermal stability. Ideal as an assembly lubricant. **Application: Add minimum 10% by volume to gear oil. For best results, use with MOC Gear Guard PN 0148 gear oil.**",cue,,published
Differential,service,(via service_family_content),,,"**Gear Guard PLUS SAE 75W-140 (PN 0428, 1 qt / 16 gal drum).** Multigrade synthetic polyalphaolefin, API GL-5 rated. Built-in friction modifier. Can replace 85W-140, 140 oils. Recommended for Ford M2C-192A, GM 12346140, Chrysler MS-8985, or where GL-5 SAE 75W-140 is specified. The HD towing / heavy-duty application's go-to fluid.",cue,,published
Differential,service,(via service_family_content),,,"**Gear Guard PLUS SAE 75W-85 (PN 0147, 1 qt).** Multigrade synthetic polyalphaolefin, API GL-5 rated. Designed for limited-slip performance but also usable in conventional differentials. **Built-in friction modifier eliminates the need for supplemental concentrate.** Can replace SAE 75W, 80, 85 oils. Contains special anti-chatter additives for limited-slip differentials. Meets API GL-5, MT-1, MIL-L 2105 D-E, 2105E, and SAE J2360.",cue,,published
Differential,service,(via service_family_content),,,"**Gear Guard PLUS SAE 75W-90 (PN 0427, 1 qt / 16 gal drum).** Multigrade synthetic polyalphaolefin, API GL-5 rated. Built-in friction modifier eliminates need for supplements such as Ford M2C118-A, Chrysler MS-5630, GM 1052358, GM 19351882, Mitsubishi DIA Queen LSD. **Recommended for Ford M2C-192A, GM 12346140, Chrysler MS-8985, or where GL-5 SAE 75W-90 is specified. Recommended for Toyota LX or where GL-5 SAE 75W-85 is specified.** This single product replaces 6+ separate OEM friction-modifier specifications.",cue,,published
Differential,service,(via service_family_content),,,"**Gear Guard SAE 75W-140 (PN 0148, 1 qt / 16 gal drum).** Multi-grade synthetic polyalphaolefin, API GL-5 rated hypoid gear oil. Premium extreme-pressure lubricant for conventional differentials, limited-slip differentials, and manual transmissions. Can replace SAE 75W, Motorcraft 75W-85, 80W-90, 90, 80W-140, 85W-140, or 140 oils. Eliminates the need for multiple gear oils for different weather conditions. Meets API GL-5, MT-1, and SAE J2360. NOTE: Limited-slip applications require MOC Limited-Slip Concentrate (PN 0149).",cue,,published
Differential,service,(via service_family_content),,,"**Gear Guard SAE 75W-90 (PN 0414, 1 qt / 16 gal drum).** Synthetic Polyalphaolefin, API GL-5 rated gear oil. Versatile extreme-pressure lubricant for conventional differentials, limited-slip differentials, and manual transmissions. Can be used in place of SAE 75W, 75W-85, 80, 80W-90, or 90 in domestic and foreign applications. Meets API GL-5, MT-1, and SAE J2360 specifications. NOTE: Limited-slip applications require MOC Limited-Slip Concentrate (PN 0149).",cue,,published
Differential,service,(via service_family_content),,,"**Limited-Slip Concentrate (PN 0149, 4 oz).** Designed to prevent chatter in limited-slip differentials and full-time four-wheel drive transfer cases. Quiets gears, fortifies standard gear lubricants. Compatible with most conventional and synthetic gear oils. **Application: Add 1 part concentrate to every 25 parts of gear lubricant.** For best results, use with MOC Gear Guard PN 0148 or PN 0414. **The companion product to standard Gear Guard for limited-slip applications.**",cue,,published
Differential,service,(via service_family_content),,,"**THE BOAT-LAUNCHING / WATER-EXPOSURE FACT**. Customers who launch boats with their vehicle, drive in water crossings, off-road in mud, or live in flood-prone areas should service the rear differential ANNUALLY regardless of mileage. Water enters the differential through the breather vent and emulsifies the gear oil — turning it into a milky-brown sludge that dramatically reduces lubrication. The annual-service-on-water-exposure conversation is one of the highest-conversion DFF-014 stories in the master.",cue,,published
Differential,service,(via service_family_content),,,"**THE BOAT-LAUNCHING / WATER-EXPOSURE FACT**. Customers who launch boats with their vehicle, drive in water crossings, off-road in mud, or live in flood-prone areas should service the rear differential ANNUALLY regardless of mileage. Water enters the differential through the breather vent and emulsifies the gear oil — turning it into a milky-brown sludge that dramatically reduces lubrication. The annual-service-on-water-exposure conversation is one of the highest-conversion DFF-014 stories in the master.",cue,,published
Differential,service,(via service_family_content),,,"**The $200-vs-$3,000 investment-protection math.** A differential fluid service runs $150-300 per service point. A neglected differential failure costs $1,500-3,000 for parts and labor. A neglected Honda VTM-4 rear differential failure costs $3,000+. A neglected VW/Audi Haldex coupling costs $3,000+. A neglected Subaru AWD coupler costs $2,000-4,000. The dollar-prevention math is concrete and customer-facing: small periodic service prevents catastrophic AWD/4WD failures. Customers who hear the math authorize at materially higher rates than customers who hear generic recommendations.",cue,,published
Differential,service,(via service_family_content),,,"**The $200-vs-$3,000 investment-protection math.** A differential fluid service runs $150-300 per service point. A neglected differential failure costs $1,500-3,000 for parts and labor. A neglected Honda VTM-4 rear differential failure costs $3,000+. A neglected VW/Audi Haldex coupling costs $3,000+. A neglected Subaru AWD coupler costs $2,000-4,000. The dollar-prevention math is concrete and customer-facing: small periodic service prevents catastrophic AWD/4WD failures. Customers who hear the math authorize at materially higher rates than customers who hear generic recommendations.",cue,,published
Differential,service,(via service_family_content),,,"**Ultra Shift (PN 0415, 1 qt).** Full synthetic gear lubricant for manual transmissions, transaxles, and transfer cases. Combines high-quality base oils with multi-functional additive system. Compatible with bronze, brass, copper, and elastomer materials. **Recommended where GM #12345349, GM Auto Trak II #1237508, Toyota LF 75W 08885-81080, Ford D80Z19C547A & ESRY 19C547, Chrysler #4773167, or Mercedes Benz #900260315 are specified.** May be used in all domestic and foreign vehicles where GL-4 gear oil or ATF is specified.",cue,,published
Differential,service,(via service_family_content),,,"**Ultra Shift LV (PN 0438, 1 qt / 16 gal drum) — THE INVENTORY CHAMPION.** Full synthetic API GL-4 gear lubricant for manual transmissions, transaxles, **HALDEX UNITS**, and transfer cases. Exceptional wear protection, excellent low-temperature fluidity, safe for steel, brass, and copper alloys. **Recommended for Ford XT-11-QDC, GM Auto Trak I/II, GM Versa Trak, GM Synchromesh, GM 12345349, GM T-Case Fluid 88861950, Mopar fluids (multiple part numbers), Motorcraft XL-12, Acura DPSF, Honda Dual Pump, Honda Dual Pump II, HONDA VTM-4, Mercedes Benz 900260315, Land Rover LR048849 (TF 0753 / BOT 850), and IYK500010 (175109).** **One product replaces 8+ separate OEM fluid specifications including Honda VTM-4 and VW Haldex.**",cue,,published
Differential,service,(via service_family_content),,,"**Ultra Shift LV (PN 0438, 1 qt / 16 gal drum) — THE INVENTORY CHAMPION.** Full synthetic API GL-4 gear lubricant for manual transmissions, transaxles, **HALDEX UNITS**, and transfer cases. Exceptional wear protection, excellent low-temperature fluidity, safe for steel, brass, and copper alloys. **Recommended for Ford XT-11-QDC, GM Auto Trak I/II, GM Versa Trak, GM Synchromesh, GM 12345349, GM T-Case Fluid 88861950, Mopar fluids (multiple part numbers), Motorcraft XL-12, Acura DPSF, Honda Dual Pump, Honda Dual Pump II, HONDA VTM-4, Mercedes Benz 900260315, Land Rover LR048849 (TF 0753 / BOT 850), and IYK500010 (175109).** **One product replaces 8+ separate OEM fluid specifications including Honda VTM-4 and VW Haldex.**",cue,,published
Differential,service,(via service_family_content),,,DFF-014 + TCF-015 · DRIVELINE (Differential + Transfer Case),cue,,published
Differential,service,(via service_family_content),,,Differential Mindset,cue,,published
Differential,service,(via service_family_content),,,Differential Mindset,cue,,published
Differential,service,(via service_family_content),,,Differential Mindset,cue,,published
Differential,service,(via service_family_content),,,Differential Mindset,cue,,published
Differential,service,(via service_family_content),,,Differential Warranty,cue,,published
Differential,service,(via service_family_content),,,Differential Warranty,cue,,published
Differential,service,(via service_family_content),,,Differential Warranty,cue,,published
Differential,service,(via service_family_content),,,Differential Warranty,cue,,published
Differential,service,(via service_family_content),,,Differential Warranty,cue,,published
Differential,service,(via service_family_content),,,Differential Warranty,cue,,published
Differential,service,(via service_family_content),,,Differential and transfer case service has UNIVERSAL industry agreement. No controversy. No chemistry-vs-mechanical debate. No OEM warning against periodic service. Every OEM and every chemistry brand agrees: differentials and transfer cases benefit from periodic fluid exchange. Service writers who confidently recommend differential service on AWD/4WD/truck vehicles build margin without controversy.,cue,,published
Differential,service,(via service_family_content),,,Differential and transfer case service has UNIVERSAL industry agreement. No controversy. No chemistry-vs-mechanical debate. No OEM warning against periodic service. Every OEM and every chemistry brand agrees: differentials and transfer cases benefit from periodic fluid exchange. Service writers who confidently recommend differential service on AWD/4WD/truck vehicles build margin without controversy.,cue,,published
Differential,service,(via service_family_content),,,"Differential and transfer case service is one of the most genuinely beneficial yet UNDER-RECOMMENDED services in the maintenance world. Unlike engine flushes (controversial) or decarb services (debated), there's universal agreement among OEMs and chemical companies that differentials and transfer cases benefit from periodic fluid exchange. Most OEMs recommend 30,000-60,000 mile intervals; severe service cuts these in half. Service writers who confidently recommend differential service on AWD/4WD vehicles and trucks build real margin without controversy.",cue,,published
Differential,service,(via service_family_content),,,"Differential and transfer case service is one of the most genuinely beneficial yet UNDER-RECOMMENDED services in the maintenance world. Unlike engine flushes (controversial) or decarb services (debated), there's universal agreement among OEMs and chemical companies that differentials and transfer cases benefit from periodic fluid exchange. Most OEMs recommend 30,000-60,000 mile intervals; severe service cuts these in half. Service writers who confidently recommend differential service on AWD/4WD vehicles and trucks build real margin without controversy.",cue,,published
Differential,service,(via service_family_content),,,Differential/Transfer Case Service Tip,cue,,published
Differential,service,(via service_family_content),,,Differential/Transfer Case Service Tip,cue,,published
Differential,service,(via service_family_content),,,Differential/Transfer Case Service Warranty,cue,,published
Differential,service,(via service_family_content),,,Differential/Transfer Case Service Warranty,cue,,published
Differential,service,(via service_family_content),,,Differential/Transfer Case Service Warranty,cue,,published
Differential,service,(via service_family_content),,,Differential/Transfer Case Service Warranty,cue,,published
Differential,service,(via service_family_content),,,Differential/Transfer Case Service Warranty,cue,,published
Differential,service,(via service_family_content),,,Differential/Transfer Case Service Word Track,cue,,published
Differential,service,(via service_family_content),,,Differential/Transfer Case Service Word Track,cue,,published
Differential,service,(via service_family_content),,,Differential/Transfer Case Word Track,cue,,published
Differential,service,(via service_family_content),,,Differential/Transfer Case Word Track,cue,,published
Differential,service,(via service_family_content),,,Differential/Transfer Service Product Knowledge,cue,,published
Differential,service,(via service_family_content),,,EV Diff Services,cue,,published
Differential,service,(via service_family_content),,,"EVs use specialized e-axle gear oils with extended service intervals — typically near-lifetime fill on the e-motor reduction gears. Ford Mach-E / F-150 Lightning, GM Hummer EV / Silverado EV / Lyriq / Bolt EV (and Honda Prologue / Acura ZDX which use GM Ultium platform), Toyota bZ4X / Subaru Solterra (shared platform), Hyundai Ioniq 5/6 / Kia EV6/EV9, Nissan Leaf / Ariya, Mazda MX-30, Mercedes EQ lineup, BMW i-series, VW ID.4 / Audi e-tron lineup. The honest answer for EV customers asking about differential service: 'EVs have e-axle gear oil — most are near-lifetime fill, very different from gas vehicle differential service.' Customer-education honesty earns trust.",cue,,published
Differential,service,(via service_family_content),,,"EVs use specialized e-axle gear oils with extended service intervals — typically near-lifetime fill on the e-motor reduction gears. Ford Mach-E / F-150 Lightning, GM Hummer EV / Silverado EV / Lyriq / Bolt EV (and Honda Prologue / Acura ZDX which use GM Ultium platform), Toyota bZ4X / Subaru Solterra (shared platform), Hyundai Ioniq 5/6 / Kia EV6/EV9, Nissan Leaf / Ariya, Mazda MX-30, Mercedes EQ lineup, BMW i-series, VW ID.4 / Audi e-tron lineup. The honest answer for EV customers asking about differential service: 'EVs have e-axle gear oil — most are near-lifetime fill, very different from gas vehicle differential service.' Customer-education honesty earns trust.",cue,,published
Differential,service,(via service_family_content),,,Extreme Pressure Lube,cue,,published
Differential,service,(via service_family_content),,,"FWD passenger cars without rear differentials — DON'T OVERSELL. Customer-protection fact: most front-wheel-drive sedans, hatchbacks, and small SUVs (Civic, Corolla, Camry FWD, Sentra, Versa, Forte, Elantra, Cruze, Malibu, Sonata FWD) have NO rear differential to service. Pitching a 'rear differential service' on a FWD-only vehicle damages credibility and produces angry customers when they Google the recommendation. Service writers who know which vehicles have which driveline configurations are knowledgeable advisors; those who pitch generically lose customers.",cue,,published
Differential,service,(via service_family_content),,,"FWD passenger cars without rear differentials — DON'T OVERSELL. Customer-protection fact: most front-wheel-drive sedans, hatchbacks, and small SUVs (Civic, Corolla, Camry FWD, Sentra, Versa, Forte, Elantra, Cruze, Malibu, Sonata FWD) have NO rear differential to service. Pitching a 'rear differential service' on a FWD-only vehicle damages credibility and produces angry customers when they Google the recommendation. Service writers who know which vehicles have which driveline configurations are knowledgeable advisors; those who pitch generically lose customers.",cue,,published
Differential,service,(via service_family_content),,,Gear Oil Product Knowledge,cue,,published
Differential,service,(via service_family_content),,,Gear Oil Product Knowledge,cue,,published
Differential,service,(via service_family_content),,,Gear Oil Product Knowledge,cue,,published
Differential,service,(via service_family_content),,,Gear Oil Product Knowledge,cue,,published
Differential,service,(via service_family_content),,,Gear Oil Product Knowledge,cue,,published
Differential,service,(via service_family_content),,,Gear Oil Product Knowledge,cue,,published
Differential,service,(via service_family_content),,,Limited Slip Concentrate,cue,,published
Differential,service,(via service_family_content),,,"MOC Products 30,000-mile warranty close on vehicles under 100,000 miles. Per existing platform Elite-tier coaching: 'For any vehicle with fewer than 100,000 miles, a customer that purchases this servi",cue,,published
Differential,service,(via service_family_content),,,"MOC Products 30,000-mile warranty close on vehicles under 100,000 miles. Per existing platform Elite-tier coaching: 'For any vehicle with fewer than 100,000 miles, a customer that purchases this servi",cue,,published
Differential,service,(via service_family_content),,,"Most OEMs recommend 30,000-60,000 MILE intervals — with severe service cutting these in half. **Honda VTM-4 is industry-shortest at 30,000 miles** — and it's a $200+ service that protects a $3,000+ AWD system. **BMW's 'lifetime fill' position has SOFTENED** — the CBS system now flags differential fluid more frequently. **Subaru's all-AWD positioning means THREE separate differential services (front, center, rear) on most applications.** **Hyundai/Kia's 10-year powertrain warranty creates a customer-expectation gap** — owners think the warranty covers all maintenance, but fluid services are excluded.",cue,,published
Differential,service,(via service_family_content),,,"Multiple service points per vehicle on AWD/4WD applications — this is NOT a single-fluid conversation on most modern vehicles. **Front differential + rear differential + transfer case** on most 4WD trucks (F-150 4WD, Silverado 4WD, Ram 4WD). **Front + center + rear differentials** on Subaru AWD applications (three separate services). **Rear differential + Haldex coupling** on VW/Audi 4Motion/quattro ultra. **Rear differential** on Honda VTM-4 (Pilot, Passport, Ridgeline, MDX). Each service point is its own labor and fluid charge. Service writers who pre-walk the customer through 'your vehicle has X service points' set proper expectations and produce multi-point authorizations.",cue,,published
Differential,service,(via service_family_content),,,"Multiple service points per vehicle on AWD/4WD applications — this is NOT a single-fluid conversation on most modern vehicles. **Front differential + rear differential + transfer case** on most 4WD trucks (F-150 4WD, Silverado 4WD, Ram 4WD). **Front + center + rear differentials** on Subaru AWD applications (three separate services). **Rear differential + Haldex coupling** on VW/Audi 4Motion/quattro ultra. **Rear differential** on Honda VTM-4 (Pilot, Passport, Ridgeline, MDX). Each service point is its own labor and fluid charge. Service writers who pre-walk the customer through 'your vehicle has X service points' set proper expectations and produce multi-point authorizations.",cue,,published
Differential,service,(via service_family_content),,,Position differential service as INEXPENSIVE INSURANCE vs the cost of AWD/4WD component replacement after fluid neglect. Differential service has the cleanest dollar-prevention math in the master alongside Brake Fluid — the cost ratio (service vs failure-repair) is 10-to-1 to 20-to-1 in favor of prevention. The math always favors prevention.,cue,,published
Differential,service,(via service_family_content),,,Position differential service as INEXPENSIVE INSURANCE vs the cost of AWD/4WD component replacement after fluid neglect. Differential service has the cleanest dollar-prevention math in the master alongside Brake Fluid — the cost ratio (service vs failure-repair) is 10-to-1 to 20-to-1 in favor of prevention. The math always favors prevention.,cue,,published
Differential,service,(via service_family_content),,,"Position: **MOST COMPREHENSIVE differential and driveline product line in the dealership service market** — nine products covering every common viscosity, limited-slip vs conventional differentials, manual transmissions, transfer cases, Haldex couplings, and the major OEM specifications from Ford, GM, Chrysler, Toyota, Honda, Acura, Mercedes, and Land Rover. The tiered approach (Gear Guard for conventional + Gear Guard PLUS with built-in friction modifier + Ultra Shift / Ultra Shift LV for manual transmissions and transfer cases) lets dealerships consolidate inventory while matching exact OEM specifications. **MOC is distinct from Motorcraft** (Ford OE) — different company, different positioning. mocproducts.com / mocwarranty.com / 800-928-9880.",cue,,published
Differential,service,(via service_family_content),,,"Position: **MOST COMPREHENSIVE differential and driveline product line in the dealership service market** — nine products covering every common viscosity, limited-slip vs conventional differentials, manual transmissions, transfer cases, Haldex couplings, and the major OEM specifications from Ford, GM, Chrysler, Toyota, Honda, Acura, Mercedes, and Land Rover. The tiered approach (Gear Guard for conventional + Gear Guard PLUS with built-in friction modifier + Ultra Shift / Ultra Shift LV for manual transmissions and transfer cases) lets dealerships consolidate inventory while matching exact OEM specifications. **MOC is distinct from Motorcraft** (Ford OE) — different company, different positioning. mocproducts.com / mocwarranty.com / 800-928-9880.",cue,,published
Differential,service,(via service_family_content),,,"Practical guidance summary. **Inspect at every oil change** — pull the differential plug or check the fill level for moisture/condition. **Use the visual sell** — degraded differential fluid looks dramatically different from new fluid. **Tie it to AWD/4WD investment protection** — a $200 service vs $3,000+ component replacement. **Match the right fluid** — MOC's tiered Gear Guard / Gear Guard PLUS / Ultra Shift / Ultra Shift LV lineup covers nearly every application without inventory bloat. **Don't oversell on FWD applications** without rear differentials.",cue,,published
Differential,service,(via service_family_content),,,"Practical guidance summary. **Inspect at every oil change** — pull the differential plug or check the fill level for moisture/condition. **Use the visual sell** — degraded differential fluid looks dramatically different from new fluid. **Tie it to AWD/4WD investment protection** — a $200 service vs $3,000+ component replacement. **Match the right fluid** — MOC's tiered Gear Guard / Gear Guard PLUS / Ultra Shift / Ultra Shift LV lineup covers nearly every application without inventory bloat. **Don't oversell on FWD applications** without rear differentials.",cue,,published
Differential,service,(via service_family_content),,,"Strategy 1: The 'Has Done Its Job' Word Track. Don't say 'broken gear oil' or 'bad differential fluid' — say 'old gear oil that has done its job.' Mitch's anchor opening: 'Are you familiar with our Diff Services? What we are doing is getting rid of your old gear oil, that has done its job, and replacing it with brand new. This is going to help your differential stay protected, and your AWD/4WD system stays operating the way it should.' Same gentle framing as Coolant and Brake Fluid.",cue,,published
Differential,service,(via service_family_content),,,"Strategy 1: The 'Has Done Its Job' Word Track. Don't say 'broken gear oil' or 'bad differential fluid' — say 'old gear oil that has done its job.' Mitch's anchor opening: 'Are you familiar with our Diff Services? What we are doing is getting rid of your old gear oil, that has done its job, and replacing it with brand new. This is going to help your differential stay protected, and your AWD/4WD system stays operating the way it should.' Same gentle framing as Coolant and Brake Fluid.",cue,,published
Differential,service,(via service_family_content),,,Strategy 2: The Boat-Launching / Water-Exposure Trigger. Ask EVERY truck/SUV/AWD customer: 'Do you launch boats with this vehicle? Drive in water crossings? Off-road in mud? Live in flood-prone areas?' If yes — annual differential service regardless of mileage. The water-exposure / breather-vent / emulsification mechanic is the highest-conversion DFF-014 story in the master.,cue,,published
Differential,service,(via service_family_content),,,Strategy 2: The Boat-Launching / Water-Exposure Trigger. Ask EVERY truck/SUV/AWD customer: 'Do you launch boats with this vehicle? Drive in water crossings? Off-road in mud? Live in flood-prone areas?' If yes — annual differential service regardless of mileage. The water-exposure / breather-vent / emulsification mechanic is the highest-conversion DFF-014 story in the master.,cue,,published
Differential,service,(via service_family_content),,,"Strategy 3: The $200-vs-$3,000 Investment-Protection Close. 'A differential service runs $150-300. A neglected Honda VTM-4 failure runs $3,000+. A neglected VW/Audi Haldex runs $3,000+. A neglected Subaru AWD coupler runs $2,000-4,000. This is inexpensive insurance against expensive failure.' Concrete dollar-comparison for AWD/4WD customers.",cue,,published
Differential,service,(via service_family_content),,,"Strategy 3: The $200-vs-$3,000 Investment-Protection Close. 'A differential service runs $150-300. A neglected Honda VTM-4 failure runs $3,000+. A neglected VW/Audi Haldex runs $3,000+. A neglected Subaru AWD coupler runs $2,000-4,000. This is inexpensive insurance against expensive failure.' Concrete dollar-comparison for AWD/4WD customers.",cue,,published
Differential,service,(via service_family_content),,,"Strategy 4: The Multi-Point Walk-Through. Pre-walk every AWD/4WD customer through their vehicle's service points BEFORE pitching: 'Your Subaru has a front, center, and rear differential — three separate fluid services.' / 'Your F-150 4WD has a front diff, rear diff, and transfer case — three service points.' / 'Your Honda Pilot has a rear differential AND transfer case — two services.' Setting expectations early prevents angry-customer-on-the-bill.",cue,,published
Differential,service,(via service_family_content),,,"Strategy 4: The Multi-Point Walk-Through. Pre-walk every AWD/4WD customer through their vehicle's service points BEFORE pitching: 'Your Subaru has a front, center, and rear differential — three separate fluid services.' / 'Your F-150 4WD has a front diff, rear diff, and transfer case — three service points.' / 'Your Honda Pilot has a rear differential AND transfer case — two services.' Setting expectations early prevents angry-customer-on-the-bill.",cue,,published
Differential,service,(via service_family_content),,,"Strategy 5: The Visual Sell — Pull the Drain Plug. Pull the differential drain plug or check the fill level during inspection. Degraded gear oil looks DRAMATICALLY different from new fluid — milky brown if water-emulsified, dark and gritty if neglected, metallic flake content if the gears are wearing. Photograph it. Send it to the customer through MPI. Visible evidence converts skeptical customers and builds trust on a service the customer can't directly observe. Mirrors the visible-evidence strategy from Brake Fluid (test strips), Decarb (intake valve photos), and Engine Flush (drain pan photo).",cue,,published
Differential,service,(via service_family_content),,,"Strategy 6: The MOC 30K Warranty Close (All-Tier on Under-100K Vehicles). Per Mitch's all-tier instruction — every advisor surfaces the MOC 30,000-mile warranty on every differential pitch on under-100K vehicles. The warranty turns service into insurance. Cross-references the MOC Warranty tab.",cue,,published
Differential,service,(via service_family_content),,,"Strategy 6: The MOC 30K Warranty Close (All-Tier on Under-100K Vehicles). Per Mitch's all-tier instruction — every advisor surfaces the MOC 30,000-mile warranty on every differential pitch on under-100K vehicles. The warranty turns service into insurance. Cross-references the MOC Warranty tab.",cue,,published
Differential,service,(via service_family_content),,,Ultra Shift,cue,,published
Differential,service,(via service_family_content),,,Ultra Shift LV,cue,,published
Differential,service,(via service_family_content),,,Ultra Shift LV,cue,,published
Differential,service,(via service_family_content),,,"Word track per existing platform language — Mitch's anchor opening: 'Are you familiar with our Diff Services? What we are doing is getting rid of your old gear oil, that has done",cue,,published
Differential,service,(via service_family_content),,,"Word track per existing platform language — Mitch's anchor opening: 'Are you familiar with our Diff Services? What we are doing is getting rid of your old gear oil, that has done",cue,,published
Filters,service,(via service_family_content),,,After-MPI,advisor_video,170,published
Filters,service,(via service_family_content),,,After-MPI,advisor_video,228,published
Filters,service,(via service_family_content),,,At the Kiosk,advisor_video,314,published
Filters,service,(via service_family_content),,,At the Kiosk,advisor_video,267,published
Filters,service,(via service_family_content),,,MPI Setup,advisor_video,105,published
Filters,service,(via service_family_content),,,MPI Setup,advisor_video,158,published
Filters,service,(via service_family_content),,,On the Drive,advisor_video,329,published
Filters,service,(via service_family_content),,,On the Drive,advisor_video,298,published
Filters,service,(via service_family_content),,,"A clogged cabin filter affects more than air quality — it reduces HVAC airflow, makes the blower motor work harder (shortening its life), causes weak defrost, and can lead to musty odors from trapped",cue,,published
Filters,service,(via service_family_content),,,"A clogged engine air filter forces the engine to work harder for the same air, hurting fuel economy and acceleration.",cue,,published
Filters,service,(via service_family_content),,,BRF-007 Breather Filter,cue,,published
Filters,service,(via service_family_content),,,CAF Purpose,cue,,published
Filters,service,(via service_family_content),,,CAF-002 Cabin Air Filter,cue,,published
Filters,service,(via service_family_content),,,Cabin filters are often forgotten. Many vehicles go years without anyone touching the filter because it's not part of a typical oil-change visual inspection.,cue,,published
Filters,service,(via service_family_content),,,DFF-005 Differential Filter,cue,,published
Filters,service,(via service_family_content),,,Direct-injection engines rely more heavily on intake cleanliness because there's no fuel washing the back of the intake valves.,cue,,published
Filters,service,(via service_family_content),,,EAF Purpose,cue,,published
Filters,service,(via service_family_content),,,EAF-001 Engine Air Filter,cue,,published
Filters,service,(via service_family_content),,,"Engine air filters protect three things — the engine, the MAF sensor, and the turbo compressor wheel (on turbo engines).",cue,,published
Filters,service,(via service_family_content),,,Every LOF Attach,cue,,published
Filters,service,(via service_family_content),,,Every LOF Attach,cue,,published
Filters,service,(via service_family_content),,,Every LOF Attach,cue,,published
Filters,service,(via service_family_content),,,FF-003 Fuel Filter,cue,,published
Filters,service,(via service_family_content),,,"Fresh A/C (PN 10507, 2 oz aerosol) — THE EPA-REGISTERED HOSPITAL-GRADE DISINFECTANT.",cue,,published
Filters,service,(via service_family_content),,,HEPA Upgrade,cue,,published
Filters,service,(via service_family_content),,,HEPA Upgrade,cue,,published
Filters,service,(via service_family_content),,,"HEPA and high-efficiency variants are increasingly common as OEM upgrades, capturing particles down to PM2.5 and smaller — relevant for allergy sufferers, asthmatics, and customers in wildfire-prone regions.",cue,,published
Filters,service,(via service_family_content),,,HEPA for Premium,cue,,published
Filters,service,(via service_family_content),,,"Location varies by brand. Most commonly behind the glove box, but some are under the dashboard, under the hood near the cowl, or under the passenger-side kick panel.",cue,,published
Filters,service,(via service_family_content),,,OEM-spec engine air filters are validated for the vehicle's MAF sensor calibration — aftermarket panels can sometimes trigger fuel-trim codes.,cue,,published
Filters,service,(via service_family_content),,,OF-008 Oil Filter,cue,,published
Filters,service,(via service_family_content),,,PCV-006 PCV Valve,cue,,published
Filters,service,(via service_family_content),,,"Replacement interval is typically 15,000–30,000 miles or annually, whichever comes first. Urban driving, heavy traffic, dusty climates, and wildfire smoke shorten that window significantly.",cue,,published
Filters,service,(via service_family_content),,,"Severe-duty conditions (dust, gravel, jobsite, off-road, heavy idle) cut filter service intervals in half.",cue,,published
Filters,service,(via service_family_content),,,Show the Filter,cue,,published
Filters,service,(via service_family_content),,,Show the Filter,cue,,published
Filters,service,(via service_family_content),,,Show the Old Filter,cue,,published
Filters,service,(via service_family_content),,,Show the Old Filter,cue,,published
Filters,service,(via service_family_content),,,Strategy 5: The Cabin Filter Affects Heat Too — Year-Round.,cue,,published
Filters,service,(via service_family_content),,,Strategy 6: Cabin Filter Upgrade Options — Charcoal / Scented / Three-Tier Offer.,cue,,published
Filters,service,(via service_family_content),,,Strategy 8: The Cabin Filter Premium-Customer Pitch.,cue,,published
Filters,service,(via service_family_content),,,"THE 'I DIDN'T KNOW MY CAR HAD ONE' SALE — Pull the existing filter and physically show the customer the dirt, leaves, and debris. Have a clean replacement filter ready for visual comparison side-by-side.",cue,,published
Filters,service,(via service_family_content),,,TRF-004 Transmission Filter,cue,,published
Filters,service,(via service_family_content),,,The directional airflow arrow matters. Installing a cabin filter backward reduces efficiency dramatically and can cause the pleats to collapse under blower pressure.,cue,,published
Filters,service,(via service_family_content),,,Time + Mileage,cue,,published
Filters,service,(via service_family_content),,,Time + Mileage,cue,,published
Filters,service,(via service_family_content),,,"Two main types: Particulate filters trap dust, pollen, and debris. Activated carbon (charcoal) filters do the same plus absorb odors, exhaust fumes, and gaseous pollutants.",cue,,published
Fluids,service,(via service_family_content),,,After-MPI,advisor_video,212,published
Fluids,service,(via service_family_content),,,After-MPI,advisor_video,179,published
Fluids,service,(via service_family_content),,,After-MPI,advisor_video,212,published
Fluids,service,(via service_family_content),,,At the Kiosk,advisor_video,245,published
Fluids,service,(via service_family_content),,,At the Kiosk,advisor_video,222,published
Fluids,service,(via service_family_content),,,At the Kiosk,advisor_video,287,published
Fluids,service,(via service_family_content),,,MPI Setup,advisor_video,137,published
Fluids,service,(via service_family_content),,,MPI Setup,advisor_video,143,published
Fluids,service,(via service_family_content),,,MPI Setup,advisor_video,141,published
Fluids,service,(via service_family_content),,,On the Drive,advisor_video,275,published
Fluids,service,(via service_family_content),,,On the Drive,advisor_video,308,published
Fluids,service,(via service_family_content),,,On the Drive,advisor_video,224,published
Fluids,service,(via service_family_content),,,"""I Change Oil Regularly"" Objection",cue,,published
Fluids,service,(via service_family_content),,,"""I Change Oil Regularly"" Objection",cue,,published
Fluids,service,(via service_family_content),,,"""Lifetime Fluid"" Myth",cue,,published
Fluids,service,(via service_family_content),,,"**ATF Conditioner (PN 0103, 8 oz).** Special detergent package to fortify ATF against oxidation, acid formation, and thermal breakdown. Synthetic base oils, shear-resistant viscosity stabilizers, dispersants, seal conditioners. Helps prevent deposits, erratic shifting, and leaks. **Universal conditioner for newest generation transmissions including GM Dex, Ford Mercon, Chrysler, Nissan, Toyota, Hyundai, Kia, Subaru, and many other manufacturers. Use between ATF fluid exchanges.**",cue,,published
Fluids,service,(via service_family_content),,,**CRITICAL CUSTOMER-PROTECTION FACT — DO NOT MIX COOLANT COLORS / TYPES.** Modern coolants are formulated for specific engine materials and chemistries. Mixing incompatible coolant types causes catastrophic damage: HOAT (Motorcraft Orange) + OAT (Dex-Cool) creates gel that blocks cooling passages within months. Dex-Cool + green IAT coolant creates sludge that destroys head gaskets on GM engines. Toyota pink SLLC + green coolant fails the cooling system. This is the single most-important customer-protection conversation in the coolant exchange category — wrong chemistry causes thousand-dollar repairs.,cue,,published
Fluids,service,(via service_family_content),,,**CRITICAL CUSTOMER-PROTECTION FACT — DO NOT MIX COOLANT COLORS / TYPES.** Modern coolants are formulated for specific engine materials and chemistries. Mixing incompatible coolant types causes catastrophic damage: HOAT (Motorcraft Orange) + OAT (Dex-Cool) creates gel that blocks cooling passages within months. Dex-Cool + green IAT coolant creates sludge that destroys head gaskets on GM engines. Toyota pink SLLC + green coolant fails the cooling system. This is the single most-important customer-protection conversation in the coolant exchange category — wrong chemistry causes thousand-dollar repairs.,cue,,published
Fluids,service,(via service_family_content),,,"**CVT APPLICATIONS NEED MORE FREQUENT SERVICE, NOT LESS** — and this is settled territory in the industry. **Nissan's class-action settlement covering 2003-2010 CVT applications and Subaru's CVT extended warranty (10yr/100K) on 2010-2017 Outback/Legacy/Forester/Impreza** are documented industry acknowledgments that CVTs need more attention than traditional automatics. Honda HCF-2, Toyota TC, Hyundai SP-CVT-1, and Subaru K0425/HT all benefit from 30,000-mile severe-service intervals on CVT applications. Service writers who know this history convert CVT customers at much higher rates than those who pitch generically.",cue,,published
Fluids,service,(via service_family_content),,,"**CVT APPLICATIONS NEED MORE FREQUENT SERVICE, NOT LESS** — and this is settled territory in the industry. **Nissan's class-action settlement covering 2003-2010 CVT applications and Subaru's CVT extended warranty (10yr/100K) on 2010-2017 Outback/Legacy/Forester/Impreza** are documented industry acknowledgments that CVTs need more attention than traditional automatics. Honda HCF-2, Toyota TC, Hyundai SP-CVT-1, and Subaru K0425/HT all benefit from 30,000-mile severe-service intervals on CVT applications. Service writers who know this history convert CVT customers at much higher rates than those who pitch generically.",cue,,published
Fluids,service,(via service_family_content),,,"**CVT, DCT, AND DSG APPLICATIONS NEED MORE FREQUENT SERVICE, NOT LESS.** Nissan's class-action settlement and Subaru's CVT extended warranty both acknowledge this reality. Honda HCF-2, Toyota TC, Hyundai SP-CVT-1, and Subaru K0425 all benefit from 30,000-mile severe-service intervals on CVT applications. DCT/DSG applications require specific fluid and 40,000-mile service. Recommend more frequent service for CVT, DCT, DSG, and severe-service applications — these are NOT the same as conventional automatics.",cue,,published
Fluids,service,(via service_family_content),,,"**CVT, DCT, AND DSG APPLICATIONS NEED MORE FREQUENT SERVICE, NOT LESS.** Nissan's class-action settlement and Subaru's CVT extended warranty both acknowledge this reality. Honda HCF-2, Toyota TC, Hyundai SP-CVT-1, and Subaru K0425 all benefit from 30,000-mile severe-service intervals on CVT applications. DCT/DSG applications require specific fluid and 40,000-mile service. Recommend more frequent service for CVT, DCT, DSG, and severe-service applications — these are NOT the same as conventional automatics.",cue,,published
Fluids,service,(via service_family_content),,,"**ELECTRIC POWER STEERING (EPS) VERIFICATION — CRITICAL FIRST STEP.** Many modern vehicles have moved to EPS — NO fluid, NO service, NO pitch. Pitching power steering service on an EPS vehicle damages credibility and produces angry customers when they Google the recommendation. Verify system type BEFORE recommending service: pop the hood and look for a power steering reservoir. No reservoir = EPS = no service. Modern Ford F-150 (2011+), Mustang (2015+), Silverado/Sierra (2014+), most current cars across all OEMs, virtually all current Honda/Acura, all Hyundai/Kia, all Genesis, all current Mazda, most current BMW/Mercedes/VW/Audi, ALL EV applications use EPS.",cue,,published
Fluids,service,(via service_family_content),,,"**ELECTRIC POWER STEERING (EPS) VERIFICATION — CRITICAL FIRST STEP.** Many modern vehicles have moved to EPS — NO fluid, NO service, NO pitch. Pitching power steering service on an EPS vehicle damages credibility and produces angry customers when they Google the recommendation. Verify system type BEFORE recommending service: pop the hood and look for a power steering reservoir. No reservoir = EPS = no service. Modern Ford F-150 (2011+), Mustang (2015+), Silverado/Sierra (2014+), most current cars across all OEMs, virtually all current Honda/Acura, all Hyundai/Kia, all Genesis, all current Mazda, most current BMW/Mercedes/VW/Audi, ALL EV applications use EPS.",cue,,published
Fluids,service,(via service_family_content),,,"**Electric Power Steering Fluid (PN 0617, 32 oz, Amber).** Specialized synthetic PS fluid for **ELECTRO-HYDRAULIC POWER STEERING SYSTEMS** that use an electric motor instead of belt-driven pump. Special additive package for shear stability, anti-wear, thermal stability. **SUITABLE FOR ELECTRO-HYDRAULIC HYBRID SYSTEMS IN: Nissan, Infiniti, Jeep, Chrysler, Dodge, VW, and Audi model vehicles.** **DO NOT SUBSTITUTE REGULAR PS FLUID IN THESE SYSTEMS — CAUSES FAILURE.** Should only be used with a MOC Power-Steering Fluid Exchanger.",cue,,published
Fluids,service,(via service_family_content),,,"**Electric Power Steering Fluid (PN 0617, 32 oz, Amber).** Specialized synthetic PS fluid for **ELECTRO-HYDRAULIC POWER STEERING SYSTEMS** that use an electric motor instead of belt-driven pump. Special additive package for shear stability, anti-wear, thermal stability. **SUITABLE FOR ELECTRO-HYDRAULIC HYBRID SYSTEMS IN: Nissan, Infiniti, Jeep, Chrysler, Dodge, VW, and Audi model vehicles.** **DO NOT SUBSTITUTE REGULAR PS FLUID IN THESE SYSTEMS — CAUSES FAILURE.** Should only be used with a MOC Power-Steering Fluid Exchanger.",cue,,published
Fluids,service,(via service_family_content),,,"**FLUID-TYPE COMPATIBILITY — DO NOT SUBSTITUTE.** Modern transmissions use four broadly different fluid families that are NOT interchangeable: (1) Conventional ATF (Mercon LV, Dexron VI, ATF DW-1, ATF+4); (2) Low-Viscosity ATF (Mercon ULV, Dexron HP, Dexron ULV — for 8/9/10-speed transmissions); (3) CVT Fluid (Honda HCF-2, Toyota TC, Hyundai SP-CVT-1, Subaru Lineartronic, Nissan NS-2/NS-3); (4) DCT/DSG Fluid (VW G052 182/529, BMW DCTF, Hyundai DCTF). USING THE WRONG FLUID FAMILY CAUSES IMMEDIATE OR PROGRESSIVE TRANSMISSION FAILURE. The most-damaging substitution: conventional ATF in a CVT — causes immediate CVT belt slip and failure. Mazda's blue FZ fluid is also non-substitutable — wrong fluid causes shift quality issues.",cue,,published
Fluids,service,(via service_family_content),,,"**FLUID-TYPE COMPATIBILITY — DO NOT SUBSTITUTE.** Modern transmissions use four broadly different fluid families that are NOT interchangeable: (1) Conventional ATF (Mercon LV, Dexron VI, ATF DW-1, ATF+4); (2) Low-Viscosity ATF (Mercon ULV, Dexron HP, Dexron ULV — for 8/9/10-speed transmissions); (3) CVT Fluid (Honda HCF-2, Toyota TC, Hyundai SP-CVT-1, Subaru Lineartronic, Nissan NS-2/NS-3); (4) DCT/DSG Fluid (VW G052 182/529, BMW DCTF, Hyundai DCTF). USING THE WRONG FLUID FAMILY CAUSES IMMEDIATE OR PROGRESSIVE TRANSMISSION FAILURE. The most-damaging substitution: conventional ATF in a CVT — causes immediate CVT belt slip and failure. Mazda's blue FZ fluid is also non-substitutable — wrong fluid causes shift quality issues.",cue,,published
Fluids,service,(via service_family_content),,,"**MOC ATF Fluid Exchanger (#94500) + ATF Cleaner/Supplement Kit (#01941).** The closed-loop machine and procedural ecosystem that performs 100% transmission fluid replacement (vs 50-60% on traditional drain-and-fill methods) while conditioning the transmission for extended service life. The equipment + chemistry + training (ACE Advisor Training, MOC University) + retention warranty (Engine Advantage, Vehicle Protection Program, 30K MOC warranty) creates the complete dealership service ecosystem.",cue,,published
Fluids,service,(via service_family_content),,,"**MOC ATF Fluid Exchanger (#94500) + ATF Cleaner/Supplement Kit (#01941).** The closed-loop machine and procedural ecosystem that performs 100% transmission fluid replacement (vs 50-60% on traditional drain-and-fill methods) while conditioning the transmission for extended service life. The equipment + chemistry + training (ACE Advisor Training, MOC University) + retention warranty (Engine Advantage, Vehicle Protection Program, 30K MOC warranty) creates the complete dealership service ecosystem.",cue,,published
Fluids,service,(via service_family_content),,,"**MOC Power-Steering Fluid Exchanger (equipment) — REQUIRED FOR PROPER SERVICE.** Replaces 100% of contaminated fluid through the cooler lines vs the 30-50% replacement rate of suction-only methods. The equipment + chemistry + training (ACE Advisor Training, MOC University) + retention warranty (Engine Advantage, Vehicle Protection Program, 30K MOC warranty) creates the complete dealership service ecosystem.",cue,,published
Fluids,service,(via service_family_content),,,"**MOC Power-Steering Fluid Exchanger (equipment) — REQUIRED FOR PROPER SERVICE.** Replaces 100% of contaminated fluid through the cooler lines vs the 30-50% replacement rate of suction-only methods. The equipment + chemistry + training (ACE Advisor Training, MOC University) + retention warranty (Engine Advantage, Vehicle Protection Program, 30K MOC warranty) creates the complete dealership service ecosystem.",cue,,published
Fluids,service,(via service_family_content),,,"**MTF Manual Transmission Fluid (PN 0429, 32 oz).** Full synthetic SAE 75W-90 GL-4 gear oil for manual transmissions and transaxles. Excellent low-temperature fluidity, extreme-pressure performance, high-temperature protection. Compatible with copper-containing alloys. **Can be used in applications that call for General Motors Part #12345371.** Covers Mazda MX-5 manual, GM manual transmissions, and other GL-4 applications.",cue,,published
Fluids,service,(via service_family_content),,,"**Multi-Vehicle Synthetic ATF (PN 0411, 1 gal / 3 gal / 55 gal drum).** Special blend of fully synthetic base oils with multi-functional additive system for virtually all passenger and commercial automatic transmissions. Full synthetic formula — not a synthetic blend. Highly resistant to shearing, oxidation and thermal breakdown. Optimizes inventory by eliminating the need to stock different types/brands of ATF. Designed for use with MOC ATF Fluid Exchanger #94500 & ATF Cleaner/Supplement Kit #01941. **DO NOT use in transmissions that require CVT or Type F fluids.**",cue,,published
Fluids,service,(via service_family_content),,,"**Multi-Vehicle Synthetic ATF-Blue (PN 0420, 1 gal / 3 gal).** Special blend of fully-synthetic base oils for newer 'low-viscosity' fluid applications. **COMPATIBLE WITH MAZDA FZ TRANSMISSIONS** — the rare aftermarket product specifically formulated for Mazda's blue ATF requirement. Designed for use with MOC ATF Fluid Exchanger #94500 and ATF Cleaner/Supplement Kit #01941.",cue,,published
Fluids,service,(via service_family_content),,,"**Multi-Vehicle Synthetic ATF-Blue (PN 0420, 1 gal / 3 gal).** Special blend of fully-synthetic base oils for newer 'low-viscosity' fluid applications. **COMPATIBLE WITH MAZDA FZ TRANSMISSIONS** — the rare aftermarket product specifically formulated for Mazda's blue ATF requirement. Designed for use with MOC ATF Fluid Exchanger #94500 and ATF Cleaner/Supplement Kit #01941.",cue,,published
Fluids,service,(via service_family_content),,,"**Multi-Vehicle Synthetic CVT Fluid (PN 0417, 1 qt / 1 gal / 5 qt) — THE CVT INVENTORY CHAMPION.** Premium blend for chain and belt-type CVT systems. Optimal metal-to-metal friction, anti-shudder durability, shear stability. **SUITABLE FOR: Audi/VW (TL 52180; G 052 180/516) Chain | Toyota (TC, FE) Belt | Ford (CVT30/Mercon C) Chain | Hyundai/Kia (SP-CVT-1) Belt | Subaru (Lineartronic K0425, CV-30, HT, e-CVTF, i-CVTF) Chain | Suzuki (TC/NS-2/CVT Green 1 & 2) Belt | Honda (HMMF, HCF-2) Belt | Dodge/Jeep (NS-2/CVTF+4) Belt | Nissan (NS-1, NS-2, NS-3) Belt | GM/Saturn (DEX-CVT) Belt | Mitsubishi (CVTF-J1/J-4) Belt | Ford (CVT23) Belt | Mini Cooper (EZL 799A) Belt | Mercedes Benz (236.20) Belt.** **DO NOT use in standard automatic transmissions or Hybrid CVT units (Toyota and Ford).**",cue,,published
Fluids,service,(via service_family_content),,,"**Multi-Vehicle Synthetic CVT Fluid (PN 0417, 1 qt / 1 gal / 5 qt) — THE CVT INVENTORY CHAMPION.** Premium blend for chain and belt-type CVT systems. Optimal metal-to-metal friction, anti-shudder durability, shear stability. **SUITABLE FOR: Audi/VW (TL 52180; G 052 180/516) Chain | Toyota (TC, FE) Belt | Ford (CVT30/Mercon C) Chain | Hyundai/Kia (SP-CVT-1) Belt | Subaru (Lineartronic K0425, CV-30, HT, e-CVTF, i-CVTF) Chain | Suzuki (TC/NS-2/CVT Green 1 & 2) Belt | Honda (HMMF, HCF-2) Belt | Dodge/Jeep (NS-2/CVTF+4) Belt | Nissan (NS-1, NS-2, NS-3) Belt | GM/Saturn (DEX-CVT) Belt | Mitsubishi (CVTF-J1/J-4) Belt | Ford (CVT23) Belt | Mini Cooper (EZL 799A) Belt | Mercedes Benz (236.20) Belt.** **DO NOT use in standard automatic transmissions or Hybrid CVT units (Toyota and Ford).**",cue,,published
Fluids,service,(via service_family_content),,,"**Power Steering Fluid Conditioner (PN 0115, 6 oz, Amber).** Blend of synthetic base oils, friction modifiers, anti-foam agents, seal conditioners. **HELPS PREVENT SQUEALS AND CHATTER. CONDITIONS HARDENED AND DRY SEALS. HELPS PREVENT INTERNAL LEAKS.** Compatible with all domestic and most foreign vehicles with PS units. Pour directly into reservoir. **USE DURING PS FLUID EXCHANGE OR AS STANDALONE TREATMENT FOR SYMPTOMATIC SYSTEMS.** Mitch's safety-connection coaching nugget — 'the conditioner we use leads to a smoother steer and a smooth steer is a safe steer' — refers to this product.",cue,,published
Fluids,service,(via service_family_content),,,"**Power Steering Fluid Conditioner (PN 0115, 6 oz, Amber).** Blend of synthetic base oils, friction modifiers, anti-foam agents, seal conditioners. **HELPS PREVENT SQUEALS AND CHATTER. CONDITIONS HARDENED AND DRY SEALS. HELPS PREVENT INTERNAL LEAKS.** Compatible with all domestic and most foreign vehicles with PS units. Pour directly into reservoir. **USE DURING PS FLUID EXCHANGE OR AS STANDALONE TREATMENT FOR SYMPTOMATIC SYSTEMS.** Mitch's safety-connection coaching nugget — 'the conditioner we use leads to a smoother steer and a smooth steer is a safe steer' — refers to this product.",cue,,published
Fluids,service,(via service_family_content),,,"**Power Steering Service Solution (PN 0123, 64 oz, Light Amber).** Fortified PS fluid blend used with MOC Power-Steering Fluid Exchanger. Special additive package for shear stability, anti-wear, thermal stability. **SUITABLE FOR FORD, GM, CHRYSLER, AND MANY OTHER APPLICATIONS.** **IMPORTANT: NOT SUITABLE FOR USE IN HONDA/ACURA VEHICLES — USE TECH GRADE PN 0618 INSTEAD.**",cue,,published
Fluids,service,(via service_family_content),,,"**Power Steering Service Solution (PN 0123, 64 oz, Light Amber).** Fortified PS fluid blend used with MOC Power-Steering Fluid Exchanger. Special additive package for shear stability, anti-wear, thermal stability. **SUITABLE FOR FORD, GM, CHRYSLER, AND MANY OTHER APPLICATIONS.** **IMPORTANT: NOT SUITABLE FOR USE IN HONDA/ACURA VEHICLES — USE TECH GRADE PN 0618 INSTEAD.**",cue,,published
Fluids,service,(via service_family_content),,,"**Power Steering Service Solution Red (PN 0156, 64 oz, Dark Red).** Fortified PS fluid blend used with MOC Power-Steering Fluid Exchanger. **MEETS OEM PERFORMANCE REQUIREMENTS FOR FORD, GM, CHRYSLER,",cue,,published
Fluids,service,(via service_family_content),,,"**Premium Synthetic ATF (Red, PN 0611, 1 gal / 3 gal).** Multi-vehicle ATF with stringent anti-shudder capability. **SUITABLE FOR: Ford, General Motors, Chrysler ATF+4, Allison C4, Volkswagen G052 162A2, Audi, Volvo, Toyota (T-IV), Lexus, Honda Z1, Hyundai, Nissan (Matic-J), Infiniti, BMW, Mercedes Benz, and Jaguar.** Superior oxidation stability, very good cold weather performance, conditions seals and hoses. **DO NOT use in transmissions which require CVT or Dexron VI fluid.**",cue,,published
Fluids,service,(via service_family_content),,,"**Premium Synthetic ATF-LV (PN 0413, 1 gal / 3 gal).** Special blend for newer 'low viscosity' ATF applications. Highly resistant to shearing, oxidation and thermal breakdown. Conditions seals and helps prevent leaks. **DO NOT use in transmissions that require CVT or Type F fluids.** The low-viscosity ATF for modern applications requiring LV specifications.",cue,,published
Fluids,service,(via service_family_content),,,"**Premium Synthetic ATF-LV (PN 0413, 1 gal / 3 gal).** Special blend for newer 'low viscosity' ATF applications. Highly resistant to shearing, oxidation and thermal breakdown. Conditions seals and helps prevent leaks. **DO NOT use in transmissions that require CVT or Type F fluids.** The low-viscosity ATF for modern applications requiring LV specifications.",cue,,published
Fluids,service,(via service_family_content),,,"**SHYFT Premium ATF Treatment (PN 0446, 11 oz).** Concentrated conditioner to fortify and extend ATF service life. Improves fluid oxidation stability, conditions seals to prevent leaks, slows sludge and varnish formation, helps control transmission shudder. **Poured into the transmission AFTER a MOC Automatic Transmission Fluid Exchange or drain-and-refill service.** Universal product for newest generation of ATF (Dexron III, Mercon V, Chrysler, Toyota WS, Allison C-4). Contains special shudder guard additive. **NOT COMPATIBLE WITH CVT TRANSMISSIONS.**",cue,,published
Fluids,service,(via service_family_content),,,"**Synthetic ATF HP (Red, PN 0421, 1 qt / 1 gal) + Synthetic ATF HP Clear (PN 0447, 1 gal).** Advanced lubricant for high-performance or 8/9/10-speed transmissions. Maximum high & low temp stability, oxidation resistance, wear prevention. **REPLACES: GM Dex HP (8L45/90, 10L80/90), GM Dex ULV (19352619), Honda 2.0, Mopar 8 & 9 Speed ATF, Ford Mercon ULV ATF, VOLVO (31492172), Nissan Matic P & R, Mazda A7 ATF (Clear version).** Full Synthetic, PAO-based formula. **DO NOT use in transmissions that require CVT or Type F fluids.**",cue,,published
Fluids,service,(via service_family_content),,,"**Synthetic ATF HP (Red, PN 0421, 1 qt / 1 gal) + Synthetic ATF HP Clear (PN 0447, 1 gal).** Advanced lubricant for high-performance or 8/9/10-speed transmissions. Maximum high & low temp stability, oxidation resistance, wear prevention. **REPLACES: GM Dex HP (8L45/90, 10L80/90), GM Dex ULV (19352619), Honda 2.0, Mopar 8 & 9 Speed ATF, Ford Mercon ULV ATF, VOLVO (31492172), Nissan Matic P & R, Mazda A7 ATF (Clear version).** Full Synthetic, PAO-based formula. **DO NOT use in transmissions that require CVT or Type F fluids.**",cue,,published
Fluids,service,(via service_family_content),,,"**Synthetic DCT Fluid (PN 0426, 1 qt).** Advanced lubricant for wet dual-clutch transmissions (DCT) and direct-shift gearboxes (DSG). Maximum shear stability, oxidation resistance, wear prevention. Maintains essential frictional properties for bearings, synchronizers, wet clutches. **DESIGNED FOR USE IN: Audi, BMW, Ford, Mercedes-Benz, Porsche, VW, Volvo, GM, Hyundai D8LF1/D8F48W (8 speed), and more.** Full Synthetic, PAO-based formula. **DO NOT use in CVT, traditional step-shift transmissions, or Nissan transmissions that require GTR fluid.**",cue,,published
Fluids,service,(via service_family_content),,,"**Synthetic DCT Fluid (PN 0426, 1 qt).** Advanced lubricant for wet dual-clutch transmissions (DCT) and direct-shift gearboxes (DSG). Maximum shear stability, oxidation resistance, wear prevention. Maintains essential frictional properties for bearings, synchronizers, wet clutches. **DESIGNED FOR USE IN: Audi, BMW, Ford, Mercedes-Benz, Porsche, VW, Volvo, GM, Hyundai D8LF1/D8F48W (8 speed), and more.** Full Synthetic, PAO-based formula. **DO NOT use in CVT, traditional step-shift transmissions, or Nissan transmissions that require GTR fluid.**",cue,,published
Fluids,service,(via service_family_content),,,"**THE 'LIFETIME FLUID' MYTH HAS BEEN WALKED BACK.** BMW, Honda, and Toyota all made claims on certain transmissions that have proven problematic — periodic fluid exchange extends transmission life regardless of OEM marketing language. Address the 'lifetime fluid' objection directly: explain that this term means 'the fluid will last as long as the manufacturer's warranty period,' not 'the fluid lasts forever.'",cue,,published
Fluids,service,(via service_family_content),,,"**THE 'LIFETIME FLUID' MYTH HAS BEEN WALKED BACK.** BMW, Honda, and Toyota all made claims on certain transmissions that have proven problematic — periodic fluid exchange extends transmission life regardless of OEM marketing language. Address the 'lifetime fluid' objection directly: explain that this term means 'the fluid will last as long as the manufacturer's warranty period,' not 'the fluid lasts forever.'",cue,,published
Fluids,service,(via service_family_content),,,"**THE 'LIFETIME FLUID' MYTH — CRITICAL CUSTOMER-PROTECTION FACT.** BMW (ZF 8HP), Honda (5/6-speed automatics), and Toyota (6-speed automatics on Camry/RAV4/Highlander) all made 'lifetime fluid' claims that have been WALKED BACK or quietly revised. The honest framing: 'lifetime fluid' typically means 'the fluid will last as long as the manufacturer's warranty period' — NOT 'the fluid lasts forever.' Customers who relied on lifetime claims and skipped service are at the highest risk of premature transmission failure. Service writers who name this myth honestly and explain what 'lifetime' actually means earn the kind of trust that produces lifelong relationships.",cue,,published
Fluids,service,(via service_family_content),,,"**THE 'LIFETIME FLUID' MYTH — CRITICAL CUSTOMER-PROTECTION FACT.** BMW (ZF 8HP), Honda (5/6-speed automatics), and Toyota (6-speed automatics on Camry/RAV4/Highlander) all made 'lifetime fluid' claims that have been WALKED BACK or quietly revised. The honest framing: 'lifetime fluid' typically means 'the fluid will last as long as the manufacturer's warranty period' — NOT 'the fluid lasts forever.' Customers who relied on lifetime claims and skipped service are at the highest risk of premature transmission failure. Service writers who name this myth honestly and explain what 'lifetime' actually means earn the kind of trust that produces lifelong relationships.",cue,,published
Fluids,service,(via service_family_content),,,"**THE EPS TRANSITION IS REAL AND ACCELERATING.** Most modern vehicles have moved to Electric Power Steering (EPS) with no fluid — service writers MUST verify system type before recommending service. Ford F-150 2011+, GM full-size truck 2014+, virtually all current Honda/Acura/Hyundai/Kia/Genesis, all current Mazda, most current Mercedes/BMW/VW/Audi, ALL EVs use EPS. **Most modern Honda customers won't have PSF systems anymore.** The PSF-013 candidate population is aging out — focus on legacy hydraulic vehicles, electro-hydraulic systems, HD trucks, and European hydraulic legacy.",cue,,published
Fluids,service,(via service_family_content),,,"**THE EPS TRANSITION IS REAL AND ACCELERATING.** Most modern vehicles have moved to Electric Power Steering (EPS) with no fluid — service writers MUST verify system type before recommending service. Ford F-150 2011+, GM full-size truck 2014+, virtually all current Honda/Acura/Hyundai/Kia/Genesis, all current Mazda, most current Mercedes/BMW/VW/Audi, ALL EVs use EPS. **Most modern Honda customers won't have PSF systems anymore.** The PSF-013 candidate population is aging out — focus on legacy hydraulic vehicles, electro-hydraulic systems, HD trucks, and European hydraulic legacy.",cue,,published
Fluids,service,(via service_family_content),,,"**THE HIGHEST-STAKES MAINTENANCE CATEGORY IN THE MASTER.** Transmission failure costs $3,000-$8,000 in repair or replacement; proper transmission fluid maintenance costs $200-$400 per service. The dollar-prevention math is more dramatic here than any other service category — 10-to-25-to-1 cost ratio in favor of prevention. CVT replacements run $5,000-$8,000+ on Nissan and Subaru; DSG replacements run $5,000+ on VW/Audi; ZF 8HP replacements run $4,000-$6,000+ on BMW and Mopar. Service writers who confidently surface the dollar comparison authorize at materially higher rates than those who frame the service generically.",cue,,published
Fluids,service,(via service_family_content),,,"**THE HIGHEST-STAKES MAINTENANCE CATEGORY IN THE MASTER.** Transmission failure costs $3,000-$8,000 in repair or replacement; proper transmission fluid maintenance costs $200-$400 per service. The dollar-prevention math is more dramatic here than any other service category — 10-to-25-to-1 cost ratio in favor of prevention. CVT replacements run $5,000-$8,000+ on Nissan and Subaru; DSG replacements run $5,000+ on VW/Audi; ZF 8HP replacements run $4,000-$6,000+ on BMW and Mopar. Service writers who confidently surface the dollar comparison authorize at materially higher rates than those who frame the service generically.",cue,,published
Fluids,service,(via service_family_content),,,**THE MOST UNDERDIAGNOSED AND UNDERSOLD SERVICE IN THE SHOP.** Power steering fluid service is genuinely beneficial yet rarely happens because most OEMs don't publish a service interval — making this,cue,,published
Fluids,service,(via service_family_content),,,**THE MOST UNDERDIAGNOSED AND UNDERSOLD SERVICE IN THE SHOP.** Power steering fluid service is genuinely beneficial yet rarely happens because most OEMs don't publish a service interval — making this,cue,,published
Fluids,service,(via service_family_content),,,"**THE OXIDATION FACT**. 'Transmission Fluid Exchanges help battle oxidation. An oxidizing transmission is a major problem waiting to happen.' Customer-facing fact: as transmission fluid heats up over thousands of miles, the additive package depletes and the base oil oxidizes — turning into acidic varnish that coats internal components, restricts oil passages, glazes friction surfaces, and causes shift quality issues that progress to mechanical failure. The oxidation conversation is real chemistry, not marketing language.",cue,,published
Fluids,service,(via service_family_content),,,"**THE OXIDATION FACT**. 'Transmission Fluid Exchanges help battle oxidation. An oxidizing transmission is a major problem waiting to happen.' Customer-facing fact: as transmission fluid heats up over thousands of miles, the additive package depletes and the base oil oxidizes — turning into acidic varnish that coats internal components, restricts oil passages, glazes friction surfaces, and causes shift quality issues that progress to mechanical failure. The oxidation conversation is real chemistry, not marketing language.",cue,,published
Fluids,service,(via service_family_content),,,"**THE THREE-FLUID-FAMILY REALITY.** (1) Red/Amber PSF (Honda/Ford/GM/Chrysler — Honda-specific, NEVER substitute). (2) Green Pentosin CHF 11S (European hydraulic standard — BMW, Mercedes, VW, Audi, Volvo, Jaguar, Porsche, Rolls-Royce, Bentley, select Mopar). (3) Electro-Hydraulic Specific Fluid (electric pump-driven hybrid systems on certain Nissan, Infiniti, Mopar, VW, Audi). **CROSS-CONTAMINATION CAUSES SEAL FAILURE, PUMP DAMAGE, AND RACK FAILURE.** Wrong fluid is worse than no service.",cue,,published
Fluids,service,(via service_family_content),,,"**THE THREE-FLUID-FAMILY REALITY.** (1) Red/Amber PSF (Honda/Ford/GM/Chrysler — Honda-specific, NEVER substitute). (2) Green Pentosin CHF 11S (European hydraulic standard — BMW, Mercedes, VW, Audi, Volvo, Jaguar, Porsche, Rolls-Royce, Bentley, select Mopar). (3) Electro-Hydraulic Specific Fluid (electric pump-driven hybrid systems on certain Nissan, Infiniti, Mopar, VW, Audi). **CROSS-CONTAMINATION CAUSES SEAL FAILURE, PUMP DAMAGE, AND RACK FAILURE.** Wrong fluid is worse than no service.",cue,,published
Fluids,service,(via service_family_content),,,"**THREE FLUID FAMILIES — NOT INTERCHANGEABLE.** (1) **Red/Amber PSF** — Honda/Acura PSF (Honda-specific, never substitute), Ford Motorcraft Premium PSF / Mercon V, GM ACDelco PSF / Dexron, Mopar ATF+4 (yes, the same fluid as transmission). (2) **Green Pentosin CHF 11S** — European standard for hydraulic applications: BMW, Mercedes 236.3, VW G004000M2, Audi G002000, Volvo, Jaguar, Porsche, Rolls-Royce, Bentley. (3) **Electro-Hydraulic Specific Fluid** — for hybrid electric-pump-driven hydraulic systems: certain Nissan, Infiniti, Jeep, Chrysler, Dodge, VW, Audi applications. **CROSS-CONTAMINATION CAUSES SEAL FAILURE, PUMP DAMAGE, AND RACK FAILURE.** Wrong fluid is worse than no service.",cue,,published
Fluids,service,(via service_family_content),,,"**THREE FLUID FAMILIES — NOT INTERCHANGEABLE.** (1) **Red/Amber PSF** — Honda/Acura PSF (Honda-specific, never substitute), Ford Motorcraft Premium PSF / Mercon V, GM ACDelco PSF / Dexron, Mopar ATF+4 (yes, the same fluid as transmission). (2) **Green Pentosin CHF 11S** — European standard for hydraulic applications: BMW, Mercedes 236.3, VW G004000M2, Audi G002000, Volvo, Jaguar, Porsche, Rolls-Royce, Bentley. (3) **Electro-Hydraulic Specific Fluid** — for hybrid electric-pump-driven hydraulic systems: certain Nissan, Infiniti, Jeep, Chrysler, Dodge, VW, Audi applications. **CROSS-CONTAMINATION CAUSES SEAL FAILURE, PUMP DAMAGE, AND RACK FAILURE.** Wrong fluid is worse than no service.",cue,,published
Fluids,service,(via service_family_content),,,"**Tech Grade Power Steering Fluid (PN 0618, 64 oz, Amber).** Fortified PS fluid blend with high-quality base fluid for increased oxidation stability and outstanding low-temperature performance. **SUITABLE FOR USE IN PLACE OF OEM PSF IN: Honda/Acura, Ford, GM, Chrysler, and most vehicles.** Highly resistant to breakdown due to shearing and system pressure (Sonic Shear test). Conditions seals and hoses. **THE HONDA-COMPATIBLE MOC FLUID** — covers Honda's strict PSF requirement. Should only be used with a MOC Power-Steering Fluid Exchanger.",cue,,published
Fluids,service,(via service_family_content),,,"**Tech Grade Power Steering Fluid (PN 0618, 64 oz, Amber).** Fortified PS fluid blend with high-quality base fluid for increased oxidation stability and outstanding low-temperature performance. **SUITABLE FOR USE IN PLACE OF OEM PSF IN: Honda/Acura, Ford, GM, Chrysler, and most vehicles.** Highly resistant to breakdown due to shearing and system pressure (Sonic Shear test). Conditions seals and hoses. **THE HONDA-COMPATIBLE MOC FLUID** — covers Honda's strict PSF requirement. Should only be used with a MOC Power-Steering Fluid Exchanger.",cue,,published
Fluids,service,(via service_family_content),,,"**Ultima Synthetic Power Steering Fluid (PN 0612, 64 oz, Green) — THE EUROPEAN INVENTORY CHAMPION.** Fully synthetic PAO-based formulation. **REPLACES PENTOSIN CHF 11S DIRECTLY.** **SUITABLE FOR USE IN PLACE OF: VW G004000M2, Audi G002000, VW G002000, BMW PS 81-11-1-468-041, Rolls-Royce/Bentley RH5000, Jaguar HSMO, Porsche 000.043.203.33, Volvo 1161529, Citroen LDS 997969, Mercedes-Benz Q1320001, AND MOPAR 05142893AA, 05127381AB, 68065924AA, 68088485AA — and other fully-synthetic power steering fluids.** **One product covers 11+ separate European and select Mopar OEM specifications.** Should only be used with a MOC Power-Steering Fluid Exchanger.",cue,,published
Fluids,service,(via service_family_content),,,"**Ultima Synthetic Power Steering Fluid (PN 0612, 64 oz, Green) — THE EUROPEAN INVENTORY CHAMPION.** Fully synthetic PAO-based formulation. **REPLACES PENTOSIN CHF 11S DIRECTLY.** **SUITABLE FOR USE IN PLACE OF: VW G004000M2, Audi G002000, VW G002000, BMW PS 81-11-1-468-041, Rolls-Royce/Bentley RH5000, Jaguar HSMO, Porsche 000.043.203.33, Volvo 1161529, Citroen LDS 997969, Mercedes-Benz Q1320001, AND MOPAR 05142893AA, 05127381AB, 68065924AA, 68088485AA — and other fully-synthetic power steering fluids.** **One product covers 11+ separate European and select Mopar OEM specifications.** Should only be used with a MOC Power-Steering Fluid Exchanger.",cue,,published
Fluids,service,(via service_family_content),,,"**VISUAL INSPECTION IS YOUR BEST TOOL.** Fresh PS fluid is clear (red, amber, or green depending on application); degraded fluid is dark, brown, or black, often with a burnt smell. The visual contrast between fresh and degraded is DRAMATIC and customer-facing — pull the dipstick or look in the reservoir, photograph it, send it to the customer through MPI. Customer who SEES the difference authorizes immediately. Symptoms before failure: groaning when turning at low speed, foaming reservoir, dark/burnt fluid, visible leaks at the rack or pump. Visual sell + symptom recognition = highest-conversion approach.",cue,,published
Fluids,service,(via service_family_content),,,"**VISUAL INSPECTION IS YOUR BEST TOOL.** Fresh PS fluid is clear (red, amber, or green depending on application); degraded fluid is dark, brown, or black, often with a burnt smell. The visual contrast between fresh and degraded is DRAMATIC and customer-facing — pull the dipstick or look in the reservoir, photograph it, send it to the customer through MPI. Customer who SEES the difference authorizes immediately. Symptoms before failure: groaning when turning at low speed, foaming reservoir, dark/burnt fluid, visible leaks at the rack or pump. Visual sell + symptom recognition = highest-conversion approach.",cue,,published
Fluids,service,(via service_family_content),,,"**WARRANTY-COVERAGE REALITY CHECK.** Power steering components (pump, rack, hoses, reservoir) are covered ONLY under the BUMPER-TO-BUMPER warranty (3-5 years depending on brand). **POWERTRAIN WARRANTY DOES NOT COVER ANY POWER STEERING COMPONENTS** on any OEM. After bumper-to-bumper expires, customers pay out-of-pocket — even if they're still under powertrain warranty. Customer who assumes powertrain warranty covers PS pump failure gets the unpleasant surprise on the repair bill. Service writers who name this honestly during the PS conversation prevent the angry-customer-later scenario.",cue,,published
Fluids,service,(via service_family_content),,,"**WARRANTY-COVERAGE REALITY CHECK.** Power steering components (pump, rack, hoses, reservoir) are covered ONLY under the BUMPER-TO-BUMPER warranty (3-5 years depending on brand). **POWERTRAIN WARRANTY DOES NOT COVER ANY POWER STEERING COMPONENTS** on any OEM. After bumper-to-bumper expires, customers pay out-of-pocket — even if they're still under powertrain warranty. Customer who assumes powertrain warranty covers PS pump failure gets the unpleasant surprise on the repair bill. Service writers who name this honestly during the PS conversation prevent the angry-customer-later scenario.",cue,,published
Fluids,service,(via service_family_content),,,2-Step Active Cleaning,cue,,published
Fluids,service,(via service_family_content),,,30K Trigger,cue,,published
Fluids,service,(via service_family_content),,,"30K, 60K, 90K",cue,,published
Fluids,service,(via service_family_content),,,"30K, 60K, 90K",cue,,published
Fluids,service,(via service_family_content),,,All Fluids Go Bad,cue,,published
Fluids,service,(via service_family_content),,,All Fluids Go Bad,cue,,published
Fluids,service,(via service_family_content),,,Are You Familiar,cue,,published
Fluids,service,(via service_family_content),,,BATTERY COOLING FLUID DOES NEED SERVICE ON MOST APPLICATIONS — REGARDLESS OF 'LIFETIME' CLAIMS.,cue,,published
Fluids,service,(via service_family_content),,,BFF-012 Brake Fluid Exchange,cue,,published
Fluids,service,(via service_family_content),,,BTM,cue,,published
Fluids,service,(via service_family_content),,,Before It Becomes Expensive,cue,,published
Fluids,service,(via service_family_content),,,"Before Oil, Not After",cue,,published
Fluids,service,(via service_family_content),,,"Before Oil, Not After",cue,,published
Fluids,service,(via service_family_content),,,CLF-010 Coolant Fluid Exchange,cue,,published
Fluids,service,(via service_family_content),,,Certified Technician,cue,,published
Fluids,service,(via service_family_content),,,Certified Technician Word Track,cue,,published
Fluids,service,(via service_family_content),,,Chemical Warranty,cue,,published
Fluids,service,(via service_family_content),,,Chemical Warranty,cue,,published
Fluids,service,(via service_family_content),,,Chemical Warranty,cue,,published
Fluids,service,(via service_family_content),,,Chemical Warranty,cue,,published
Fluids,service,(via service_family_content),,,Chemical Warranty,cue,,published
Fluids,service,(via service_family_content),,,Cholesterol Metaphor,cue,,published
Fluids,service,(via service_family_content),,,Contamination Signs,cue,,published
Fluids,service,(via service_family_content),,,Coolant Exchange Product Knowledge,cue,,published
Fluids,service,(via service_family_content),,,Coolant Exchange Product Knowledge,cue,,published
Fluids,service,(via service_family_content),,,Coolant Exchange Tip,cue,,published
Fluids,service,(via service_family_content),,,Coolant Exchange Tip,cue,,published
Fluids,service,(via service_family_content),,,Coolant Exchange Warranty,cue,,published
Fluids,service,(via service_family_content),,,Coolant Exchange Warranty,cue,,published
Fluids,service,(via service_family_content),,,Coolant Exchange Warranty,cue,,published
Fluids,service,(via service_family_content),,,Coolant Exchange Warranty,cue,,published
Fluids,service,(via service_family_content),,,Coolant Exchange Warranty,cue,,published
Fluids,service,(via service_family_content),,,Coolant Exchange Word Track,cue,,published
Fluids,service,(via service_family_content),,,Coolant Exchange Word Track,cue,,published
Fluids,service,(via service_family_content),,,Coolant Exchange Word Track,cue,,published
Fluids,service,(via service_family_content),,,Coolant Exchange Word Track,cue,,published
Fluids,service,(via service_family_content),,,Coolant Exchange Word Track,cue,,published
Fluids,service,(via service_family_content),,,Coolant Exchange Word Track,cue,,published
Fluids,service,(via service_family_content),,,Coolant Exchanges,cue,,published
Fluids,service,(via service_family_content),,,Coolant Exchanges,cue,,published
Fluids,service,(via service_family_content),,,Coolant Exchanges,cue,,published
Fluids,service,(via service_family_content),,,Coolant Exchanges,cue,,published
Fluids,service,(via service_family_content),,,Coolant Exchanges,cue,,published
Fluids,service,(via service_family_content),,,Coolant Exchanges,cue,,published
Fluids,service,(via service_family_content),,,Coolant Exchanges,cue,,published
Fluids,service,(via service_family_content),,,Coolant Offering Lineup,cue,,published
Fluids,service,(via service_family_content),,,Coolant Piggyback Sales,cue,,published
Fluids,service,(via service_family_content),,,Coolant Proverb,cue,,published
Fluids,service,(via service_family_content),,,Coolant Strips,cue,,published
Fluids,service,(via service_family_content),,,"Coolant exchange services replace old, depleted coolant with fresh fluid — and properly performed, the modern closed-loop machine service exchanges 100% of the coolant (versus 50-60% on traditional drain-and-fill methods). The complete service flushes the radiator, heater core, water pump, expansion tank, hoses, and engine block. Old coolant doesn't just dissipate heat less effectively — it actively damages the cooling system as the corrosion inhibitors deplete and the fluid becomes acidic.",cue,,published
Fluids,service,(via service_family_content),,,"Coolant exchange services replace old, depleted coolant with fresh fluid — and properly performed, the modern closed-loop machine service exchanges 100% of the coolant (versus 50-60% on traditional drain-and-fill methods). The complete service flushes the radiator, heater core, water pump, expansion tank, hoses, and engine block. Old coolant doesn't just dissipate heat less effectively — it actively damages the cooling system as the corrosion inhibitors deplete and the fluid becomes acidic.",cue,,published
Fluids,service,(via service_family_content),,,Customer Objection,cue,,published
Fluids,service,(via service_family_content),,,DFF-014 Differential Fluid Exchange,cue,,published
Fluids,service,(via service_family_content),,,Don't Sell A Flush,cue,,published
Fluids,service,(via service_family_content),,,Done Its Job,cue,,published
Fluids,service,(via service_family_content),,,Done Its Job,cue,,published
Fluids,service,(via service_family_content),,,EV Coolant Exchange Tip,cue,,published
Fluids,service,(via service_family_content),,,EV Coolant Exchange Tip,cue,,published
Fluids,service,(via service_family_content),,,"EVs DO use cooling fluids — but they are NOT the same as gas-engine coolants and have completely different service procedures. Ford Mach-E / F-150 Lightning, GM Hummer EV / Silverado EV / Lyriq / Bolt EV, Toyota bZ4X, Honda Prologue (uses GM Ultium platform coolant), Hyundai Ioniq 5/6 / Kia EV6/EV9, Stellantis Charger Daytona EV, Subaru Solterra (Toyota platform), Nissan Leaf and Ariya, Mazda MX-30, Mercedes EQS/EQE/EQB, BMW i4/iX/i5/i7, VW ID.4 / Audi e-tron lineup — all use specialized BATTERY/MOTOR coolants for thermal management of high-voltage components. Service intervals are typically longer than gas vehicles, and procedures require specific equipment. EV customers asking about coolant exchange need the honest 'yes you have coolant, no it's not the same service' answer with redirect to EV-specialized service.",cue,,published
Fluids,service,(via service_family_content),,,"EVs DO use cooling fluids — but they are NOT the same as gas-engine coolants and have completely different service procedures. Ford Mach-E / F-150 Lightning, GM Hummer EV / Silverado EV / Lyriq / Bolt EV, Toyota bZ4X, Honda Prologue (uses GM Ultium platform coolant), Hyundai Ioniq 5/6 / Kia EV6/EV9, Stellantis Charger Daytona EV, Subaru Solterra (Toyota platform), Nissan Leaf and Ariya, Mazda MX-30, Mercedes EQS/EQE/EQB, BMW i4/iX/i5/i7, VW ID.4 / Audi e-tron lineup — all use specialized BATTERY/MOTOR coolants for thermal management of high-voltage components. Service intervals are typically longer than gas vehicles, and procedures require specific equipment. EV customers asking about coolant exchange need the honest 'yes you have coolant, no it's not the same service' answer with redirect to EV-specialized service.",cue,,published
Fluids,service,(via service_family_content),,,"EVs do NOT have power steering fluid systems — they all use EPS (Electric Power Steering). Ford Mach-E / F-150 Lightning, GM Hummer EV / Silverado EV / Lyriq / Bolt EV (and Honda Prologue / Acura ZDX",cue,,published
Fluids,service,(via service_family_content),,,"EVs do NOT have power steering fluid systems — they all use EPS (Electric Power Steering). Ford Mach-E / F-150 Lightning, GM Hummer EV / Silverado EV / Lyriq / Bolt EV (and Honda Prologue / Acura ZDX",cue,,published
Fluids,service,(via service_family_content),,,"EVs do NOT have traditional transmissions — single-speed reduction gearboxes use specialized e-axle fluid with much longer service intervals (typically near-lifetime fill). Ford Mach-E / F-150 Lightning, GM Hummer EV / Silverado EV / Lyriq / Bolt EV (and Honda Prologue / Acura ZDX which use GM Ultium platform), Toyota bZ4X / Subaru Solterra (shared platform), Hyundai Ioniq 5/6 / Kia EV6/EV9, Stellantis Charger Daytona EV, Nissan Leaf / Ariya, Mazda MX-30, Mercedes EQ lineup, BMW i-series, VW ID.4 / Audi e-tron lineup. The honest answer for EV customers asking about transmission service: 'EVs don't have traditional transmissions — single-speed reduction gearbox with near-lifetime fill.' Customer-education honesty earns trust.",cue,,published
Fluids,service,(via service_family_content),,,"EVs do NOT have traditional transmissions — single-speed reduction gearboxes use specialized e-axle fluid with much longer service intervals (typically near-lifetime fill). Ford Mach-E / F-150 Lightning, GM Hummer EV / Silverado EV / Lyriq / Bolt EV (and Honda Prologue / Acura ZDX which use GM Ultium platform), Toyota bZ4X / Subaru Solterra (shared platform), Hyundai Ioniq 5/6 / Kia EV6/EV9, Stellantis Charger Daytona EV, Nissan Leaf / Ariya, Mazda MX-30, Mercedes EQ lineup, BMW i-series, VW ID.4 / Audi e-tron lineup. The honest answer for EV customers asking about transmission service: 'EVs don't have traditional transmissions — single-speed reduction gearbox with near-lifetime fill.' Customer-education honesty earns trust.",cue,,published
Fluids,service,(via service_family_content),,,"EVs do not use engine flushes — they don't have combustion engines. Ford Mach-E and F-150 Lightning, GM Hummer EV / Silverado EV / Lyriq / Bolt EV, Toyota bZ4X, Honda Prologue, Hyundai Ioniq 5/6 / Kia EV6/EV9, Stellantis Charger Daytona EV, Subaru Solterra, Nissan Leaf and Ariya, Mazda MX-30, Mercedes EQS/EQE/EQB, BMW i4/iX/i5/i7, VW ID.4 / Audi e-tron lineup. EV customers asking about engine flush get the honest 'no engine, no engine flush' answer that builds trust through education rather than upsell.",cue,,published
Fluids,service,(via service_family_content),,,"EVs do not use engine flushes — they don't have combustion engines. Ford Mach-E and F-150 Lightning, GM Hummer EV / Silverado EV / Lyriq / Bolt EV, Toyota bZ4X, Honda Prologue, Hyundai Ioniq 5/6 / Kia EV6/EV9, Stellantis Charger Daytona EV, Subaru Solterra, Nissan Leaf and Ariya, Mazda MX-30, Mercedes EQS/EQE/EQB, BMW i4/iX/i5/i7, VW ID.4 / Audi e-tron lineup. EV customers asking about engine flush get the honest 'no engine, no engine flush' answer that builds trust through education rather than upsell.",cue,,published
Fluids,service,(via service_family_content),,,Electric Power Steering,cue,,published
Fluids,service,(via service_family_content),,,Engine Cleaning Tip,cue,,published
Fluids,service,(via service_family_content),,,Engine Flush Purpose,cue,,published
Fluids,service,(via service_family_content),,,Engine Flush Purpose,cue,,published
Fluids,service,(via service_family_content),,,Engine Health Reframe,cue,,published
Fluids,service,(via service_family_content),,,Engine Health Reframe,cue,,published
Fluids,service,(via service_family_content),,,"Engine flush services remove accumulated sludge, varnish, and oil deposits from the engine's lubrication system — the crankcase, oil galleys, valve covers, oil pump pickup, and ring lands. The chemistry is added to the old oil before the oil change, run for a short period to dissolve and suspend deposits, then drained out with the old oil. The fresh oil starts in a clean system. This is the most controversial fluid service in the entire automotive maintenance category, and the controversy itself is what makes the conversation matter.",cue,,published
Fluids,service,(via service_family_content),,,"Engine flush services remove accumulated sludge, varnish, and oil deposits from the engine's lubrication system — the crankcase, oil galleys, valve covers, oil pump pickup, and ring lands. The chemistry is added to the old oil before the oil change, run for a short period to dissolve and suspend deposits, then drained out with the old oil. The fresh oil starts in a clean system. This is the most controversial fluid service in the entire automotive maintenance category, and the controversy itself is what makes the conversation matter.",cue,,published
Fluids,service,(via service_family_content),,,"Existing platform word track: 'Are you familiar with our coolant exchanges? What we are doing is getting rid of your old broken-down coolant, that has done its job, and replacing it with brand-new. This is going to help your car..' The 'has done its job' framing is the gentle, respectful version that doesn't sound aggressive. Pairs with the MOC 30,000-mile warranty close on vehicles under 100,000 miles.",cue,,published
Fluids,service,(via service_family_content),,,"Existing platform word track: 'Are you familiar with our coolant exchanges? What we are doing is getting rid of your old broken-down coolant, that has done its job, and replacing it with brand-new. This is going to help your car..' The 'has done its job' framing is the gentle, respectful version that doesn't sound aggressive. Pairs with the MOC 30,000-mile warranty close on vehicles under 100,000 miles.",cue,,published
Fluids,service,(via service_family_content),,,FSC-017 Fuel System Cleaner,cue,,published
Fluids,service,(via service_family_content),,,Fleet + Commercial,cue,,published
Fluids,service,(via service_family_content),,,Fleet + Commercial,cue,,published
Fluids,service,(via service_family_content),,,Fluid Color Chart,cue,,published
Fluids,service,(via service_family_content),,,Fluid Color Check,cue,,published
Fluids,service,(via service_family_content),,,Flush vs Exchange,cue,,published
Fluids,service,(via service_family_content),,,HEV/BEV Coolant Services,cue,,published
Fluids,service,(via service_family_content),,,Hard Shift Signal,cue,,published
Fluids,service,(via service_family_content),,,Interval,cue,,published
Fluids,service,(via service_family_content),,,Interval,cue,,published
Fluids,service,(via service_family_content),,,"Language: ""Done Its Job""",cue,,published
Fluids,service,(via service_family_content),,,"Language: ""Old Fluid""",cue,,published
Fluids,service,(via service_family_content),,,Locker-Room Line,cue,,published
Fluids,service,(via service_family_content),,,Locker-Room Line,cue,,published
Fluids,service,(via service_family_content),,,Locker-Room Line,cue,,published
Fluids,service,(via service_family_content),,,"MOC Cool Off (PART #01421, kit-only) — heavy-duty conditioner improving heat-transfer properties for cooler operation. Effective for towing, heavy loads, high-temperature operation. Provides enhanced",cue,,published
Fluids,service,(via service_family_content),,,"MOC Cooling-System Fast Flush (PART #01091, 8 oz) — non-acid, no neutralizer needed, breaks down rust/scale/sediment. Compatible with plastic and aluminum components. The flush product before fresh coolant fill.",cue,,published
Fluids,service,(via service_family_content),,,"MOC Cooling-System Multi-Treatment (PART #01431, 12 oz) — concentrated additive providing complete protection in four ways. Versatile (eliminates need for 2-3 different products). Compatible with all",cue,,published
Fluids,service,(via service_family_content),,,"MOC Multi-Clean MAX is the GDI-engine specialist — a powerful dispersant-based cleaner designed to remove harmful fuel deposits that clog piston rings, improve compression, and reduce oil dilution (blow-by). Excellent for problematic Gasoline Direct Injection (GDI) engines including the EcoBoost / EA888 / L15B7 / VR30DDTT populations.",cue,,published
Fluids,service,(via service_family_content),,,"MOC Premium Engine Treatment significantly reduces friction and wear (based on ASTM D2253 Falex test results), reduces sludge and varnish, and protects vital engine parts during start-ups and new car",cue,,published
Fluids,service,(via service_family_content),,,"MOC Products 30,000-mile warranty close on vehicles under 100,000 miles. Per existing Elite-tier coaching: 'For any vehicle with fewer than 100,000 miles, a customer that purchases this service gets 30,000 miles of warranty.' This is the all-tier close — every advisor surfaces the warranty value on every coolant exchange pitch. The MOC 30K warranty turns a $150-200 service into documented protection on water pump, radiator, and heater core for the next year-plus of driving. The warranty is also the pitch handle when the customer's coolant is technically 'still good' — coolant exchange becomes the gateway to the warranty coverage.",cue,,published
Fluids,service,(via service_family_content),,,"MOC Products 30,000-mile warranty close on vehicles under 100,000 miles. Per existing Elite-tier coaching: 'For any vehicle with fewer than 100,000 miles, a customer that purchases this service gets 30,000 miles of warranty.' This is the all-tier close — every advisor surfaces the warranty value on every coolant exchange pitch. The MOC 30K warranty turns a $150-200 service into documented protection on water pump, radiator, and heater core for the next year-plus of driving. The warranty is also the pitch handle when the customer's coolant is technically 'still good' — coolant exchange becomes the gateway to the warranty coverage.",cue,,published
Fluids,service,(via service_family_content),,,"MOC Products 30,000-mile warranty close on vehicles under 100,000 miles. Per existing platform Elite-tier coaching: 'For any vehicle with fewer than 100,000 miles, a customer that purchases this servi",cue,,published
Fluids,service,(via service_family_content),,,"MOC Products 30,000-mile warranty close on vehicles under 100,000 miles. Per existing platform Elite-tier coaching: 'For any vehicle with fewer than 100,000 miles, a customer that purchases this servi",cue,,published
Fluids,service,(via service_family_content),,,"MOC Products 30,000-mile warranty close on vehicles under 100,000 miles. Per existing platform Elite-tier coaching: 'For any vehicle with fewer than 100,000 miles, a customer that purchases this servi",cue,,published
Fluids,service,(via service_family_content),,,"MOC Products 30,000-mile warranty close on vehicles under 100,000 miles. Per existing platform Elite-tier coaching: 'For any vehicle with fewer than 100,000 miles, a customer that purchases this servi",cue,,published
Fluids,service,(via service_family_content),,,"MOC Protect (PART #04441, 10 oz) — designed to fortify coolants in HEV and BEV applications with advanced corrosion inhibitors. Compatible with all ethylene glycol coolants in indirect cooling systems. Lowers metal loss to less than 1 mg. Can help regulate EV battery temperatures.",cue,,published
Fluids,service,(via service_family_content),,,MOC Warranty,cue,,published
Fluids,service,(via service_family_content),,,MOC Warranty,cue,,published
Fluids,service,(via service_family_content),,,"MOC offers a five-product engine flush line: 2-Step Active Engine Cleaning Service (KIT #05921, includes 6 qts each Step 1 & 2), Multi-Clean MAX (PN #01241, 11 oz) for problematic GDI engines, Engine",cue,,published
Fluids,service,(via service_family_content),,,MOC vs. OE,cue,,published
Fluids,service,(via service_family_content),,,MPI Trigger,cue,,published
Fluids,service,(via service_family_content),,,"Major OEM position split — the most divided fluid-service topic in modern automotive maintenance. **American OEMs (Ford, GM, Stellantis) endorse engine flush services** through their own approved product lines as preventive maintenance and remediation tools. **Asian OEMs (Toyota, Honda) are conservative** — Toyota explicitly recommends AGAINST routine flush services on healthy engines, citing risks of dislodged sludge clogging oil passages. **European OEMs (Mercedes, BMW, VW/Audi) explicitly WARN AGAINST** routine flush services, with BMW issuing the most explicit warnings in the industry. Honest disclosure of which camp the customer's vehicle is in is what builds trust on this topic.",cue,,published
Fluids,service,(via service_family_content),,,Mileage Discipline,cue,,published
Fluids,service,(via service_family_content),,,Mileage Triggers,cue,,published
Fluids,service,(via service_family_content),,,"Mileage triggers — the automatic recommendation rule. Vehicles at 30,000 / 60,000 / 90,000 mile service intervals warrant active flush conversation. Vehicles over 75,000 miles warrant proactive flush",cue,,published
Fluids,service,(via service_family_content),,,Multi-Clean MAX for GDI,cue,,published
Fluids,service,(via service_family_content),,,OEM Position Split,cue,,published
Fluids,service,(via service_family_content),,,"OEM-specific coolant by color and chemistry — EACH OEM USES A DIFFERENT FORMULATION. Ford Motorcraft Orange (HOAT, WSS-M97B44-D). GM Dex-Cool (OAT, GM 6277M, orange). Toyota SLLC (P-OAT, pink). Honda",cue,,published
Fluids,service,(via service_family_content),,,"Objection: ""Too Expensive""",cue,,published
Fluids,service,(via service_family_content),,,Oil Change Objection,cue,,published
Fluids,service,(via service_family_content),,,PSF Purpose,cue,,published
Fluids,service,(via service_family_content),,,PSF-013 Power Steering Fluid Exchange,cue,,published
Fluids,service,(via service_family_content),,,Piggyback with Alignment,cue,,published
Fluids,service,(via service_family_content),,,Piggyback with Diff,cue,,published
Fluids,service,(via service_family_content),,,Piggyback with Transfer Case,cue,,published
Fluids,service,(via service_family_content),,,Position PS service as INEXPENSIVE INSURANCE vs the cost of pump or rack replacement after fluid neglect. The cost ratio (service vs failure-repair) is 3-to-25-to-1 in favor of prevention. **PSF-013 has the cleanest dollar-prevention story in the master alongside Brake Fluid and Transmission.** The math always favors prevention. Customer who hears the math + sees the visual evidence + understands the safety connection authorizes at materially higher rates.,cue,,published
Fluids,service,(via service_family_content),,,Position PS service as INEXPENSIVE INSURANCE vs the cost of pump or rack replacement after fluid neglect. The cost ratio (service vs failure-repair) is 3-to-25-to-1 in favor of prevention. **PSF-013 has the cleanest dollar-prevention story in the master alongside Brake Fluid and Transmission.** The math always favors prevention. Customer who hears the math + sees the visual evidence + understands the safety connection authorizes at materially higher rates.,cue,,published
Fluids,service,(via service_family_content),,,Position transmission service as INEXPENSIVE INSURANCE vs the cost of transmission replacement after fluid neglect. **Transmission service has the most dramatic dollar-prevention math in the master —,cue,,published
Fluids,service,(via service_family_content),,,Position transmission service as INEXPENSIVE INSURANCE vs the cost of transmission replacement after fluid neglect. **Transmission service has the most dramatic dollar-prevention math in the master —,cue,,published
Fluids,service,(via service_family_content),,,"Position: **COMPREHENSIVE 6-PRODUCT POWER STEERING LINEUP COVERING EVERY MODERN PS SYSTEM THAT STILL USES FLUID.** Universal red, universal amber, electro-hydraulic, European green (Pentosin CHF 11S replacement), red-dyed service solution, and conditioner. The lineup covers virtually every fluid-based PS system on the road today. **MOC is distinct from Motorcraft** (Ford OE) — different company, different positioning. mocproducts.com / mocwarranty.com / 800-928-9880.",cue,,published
Fluids,service,(via service_family_content),,,"Position: **COMPREHENSIVE 6-PRODUCT POWER STEERING LINEUP COVERING EVERY MODERN PS SYSTEM THAT STILL USES FLUID.** Universal red, universal amber, electro-hydraulic, European green (Pentosin CHF 11S replacement), red-dyed service solution, and conditioner. The lineup covers virtually every fluid-based PS system on the road today. **MOC is distinct from Motorcraft** (Ford OE) — different company, different positioning. mocproducts.com / mocwarranty.com / 800-928-9880.",cue,,published
Fluids,service,(via service_family_content),,,"Position: **MOST COMPREHENSIVE TRANSMISSION FLUID LINEUP IN THE DEALERSHIP SERVICE MARKET — 11 PRODUCTS** covering every modern transmission type. From conventional ATF to low-viscosity ATF, high-performance 8/9/10-speed transmissions, blue Mazda FZ applications, multi-vehicle ATF, CVT systems (chain and belt type), DCT/DSG dual-clutch transmissions, manual GL-4 transmissions, plus ATF conditioners and SHYFT treatment for fluid life extension. **MOC is distinct from Motorcraft** (Ford OE) — different company, different positioning. mocproducts.com / mocwarranty.com / 800-928-9880.",cue,,published
Fluids,service,(via service_family_content),,,"Position: **MOST COMPREHENSIVE TRANSMISSION FLUID LINEUP IN THE DEALERSHIP SERVICE MARKET — 11 PRODUCTS** covering every modern transmission type. From conventional ATF to low-viscosity ATF, high-performance 8/9/10-speed transmissions, blue Mazda FZ applications, multi-vehicle ATF, CVT systems (chain and belt type), DCT/DSG dual-clutch transmissions, manual GL-4 transmissions, plus ATF conditioners and SHYFT treatment for fluid life extension. **MOC is distinct from Motorcraft** (Ford OE) — different company, different positioning. mocproducts.com / mocwarranty.com / 800-928-9880.",cue,,published
Fluids,service,(via service_family_content),,,Position: Active advocate for engine flush services as preventive maintenance. MOC Products offers a comprehensive five-product engine flush line covering different needs from problematic GDI engines,cue,,published
Fluids,service,(via service_family_content),,,Position: Active advocate for engine flush services as preventive maintenance. MOC Products offers a comprehensive five-product engine flush line covering different needs from problematic GDI engines,cue,,published
Fluids,service,(via service_family_content),,,"Position: Comprehensive cooling system service line designed specifically for the dealership service drive. MOC Products offers a five-product cooling system lineup (Protect, Cooling-System Multi-Treatment, Cooling-System Fast Flush, Cool Off, Cooling-System Sealer) plus closed-loop fluid exchange equipment performing 100% coolant replacement. MOC Products is based in Pacoima CA — mocproducts.com / mocwarranty.com / 800-928-9880.",cue,,published
Fluids,service,(via service_family_content),,,Power Steering Warranty,cue,,published
Fluids,service,(via service_family_content),,,Power Steering Warranty,cue,,published
Fluids,service,(via service_family_content),,,Power Steering Warranty,cue,,published
Fluids,service,(via service_family_content),,,Power Steering Warranty,cue,,published
Fluids,service,(via service_family_content),,,Power Steering Warranty,cue,,published
Fluids,service,(via service_family_content),,,Power Steering Warranty,cue,,published
Fluids,service,(via service_family_content),,,"Power steering service has BROAD industry agreement on the underlying chemistry — **PS systems run at 1,000-2,000 PSI and 200°F+; fluid degrades regardless of OEM marketing language.** But the published-interval picture is mixed: most OEMs don't publish an interval (Ford, GM, Toyota, Honda, Mopar, Subaru, Hyundai/Kia, Nissan, Mazda); only Mercedes (60-80K), BMW (60-100K), and VW/Audi (60-80K) publish guidelines. The European OEMs lead in transparency on this category.",cue,,published
Fluids,service,(via service_family_content),,,"Power steering service has BROAD industry agreement on the underlying chemistry — **PS systems run at 1,000-2,000 PSI and 200°F+; fluid degrades regardless of OEM marketing language.** But the published-interval picture is mixed: most OEMs don't publish an interval (Ford, GM, Toyota, Honda, Mopar, Subaru, Hyundai/Kia, Nissan, Mazda); only Mercedes (60-80K), BMW (60-100K), and VW/Audi (60-80K) publish guidelines. The European OEMs lead in transparency on this category.",cue,,published
Fluids,service,(via service_family_content),,,"Practical guidance summary. **(1) Always verify EPS-vs-hydraulic** — pop the hood. **(2) Visual inspection is your best tool** — pull the cap, photo the fluid. **(3) Match the right fluid family** — MOC's 6-product lineup covers virtually every fluid-based PS system. **(4) Use the conditioner (PN 0115)** for symptomatic systems — squeals, leaks, foaming. **(5) Tie it to safety AND dollar-prevention** — smooth steer = safe steer + $100 service vs $300-$2,500 repair. **(6) Educate using visual sell** — side-by-side fresh vs degraded fluid sells better than any pitch.",cue,,published
Fluids,service,(via service_family_content),,,"Practical guidance summary. **(1) Always verify EPS-vs-hydraulic** — pop the hood. **(2) Visual inspection is your best tool** — pull the cap, photo the fluid. **(3) Match the right fluid family** — MOC's 6-product lineup covers virtually every fluid-based PS system. **(4) Use the conditioner (PN 0115)** for symptomatic systems — squeals, leaks, foaming. **(5) Tie it to safety AND dollar-prevention** — smooth steer = safe steer + $100 service vs $300-$2,500 repair. **(6) Educate using visual sell** — side-by-side fresh vs degraded fluid sells better than any pitch.",cue,,published
Fluids,service,(via service_family_content),,,"Practical guidance summary. **Inspect fluid condition at every oil change** — pull the dipstick (when accessible) or check service ports; fluid condition changes are visible. **Use the visual sell** — degraded ATF/CVT fluid looks dramatically different from fresh fluid. **Tie it to investment protection** — a $300 service vs a $5,000+ transmission replacement. **Match the right fluid** — MOC's 11-product lineup covers virtually every application without requiring multiple OEM fluid inventories. **Address the 'lifetime fluid' objection directly.** **Recommend more frequent service for CVT, DCT, DSG, and severe-service applications.**",cue,,published
Fluids,service,(via service_family_content),,,"Practical guidance summary. **Inspect fluid condition at every oil change** — pull the dipstick (when accessible) or check service ports; fluid condition changes are visible. **Use the visual sell** — degraded ATF/CVT fluid looks dramatically different from fresh fluid. **Tie it to investment protection** — a $300 service vs a $5,000+ transmission replacement. **Match the right fluid** — MOC's 11-product lineup covers virtually every application without requiring multiple OEM fluid inventories. **Address the 'lifetime fluid' objection directly.** **Recommend more frequent service for CVT, DCT, DSG, and severe-service applications.**",cue,,published
Fluids,service,(via service_family_content),,,Preventive Framing,cue,,published
Fluids,service,(via service_family_content),,,Pump Damage Story,cue,,published
Fluids,service,(via service_family_content),,,Rebuild Statistics,cue,,published
Fluids,service,(via service_family_content),,,STRONG TIER,cue,,published
Fluids,service,(via service_family_content),,,Sealed Trans Reality,cue,,published
Fluids,service,(via service_family_content),,,"Seasonal positioning — Summer pitch is overheating protection. Winter pitch is freeze protection. Both pitches are real and legitimate. Summer: 'Old coolant doesn't transfer heat as effectively — your engine runs hotter, especially in stop-and-go traffic and in this heat.' Winter: 'Old coolant loses freeze protection over time — if your antifreeze concentration drops, you're vulnerable to freezing damage in cold snaps.' Manager: build seasonal coolant exchange campaigns around the regional climate. Cross-references the new Manager Cue Nuggets entry on seasonal cooling system positioning.",cue,,published
Fluids,service,(via service_family_content),,,Show the Machine,cue,,published
Fluids,service,(via service_family_content),,,Soft-Confident Close,cue,,published
Fluids,service,(via service_family_content),,,Strategy 1: Don't Sell A 'Flush' — Sell Engine Health Restoration. The word 'flush' triggers price resistance. 'Engine health restoration' converts the conversation. Anchor language: 'This service helps restore compression and clean out buildup that affects performance and longevity.' Cross-references the Vocabulary & Language tab on customer-language reframes.,cue,,published
Fluids,service,(via service_family_content),,,Strategy 1: Don't Sell A 'Flush' — Sell Engine Health Restoration. The word 'flush' triggers price resistance. 'Engine health restoration' converts the conversation. Anchor language: 'This service helps restore compression and clean out buildup that affects performance and longevity.' Cross-references the Vocabulary & Language tab on customer-language reframes.,cue,,published
Fluids,service,(via service_family_content),,,"Strategy 1: Lead With Protection, Not Maintenance. Don't lead with 'maintenance' — lead with: 'This service helps protect your engine from overheating and costly repairs.' Customer-language conversion that turns price-resistance ('I just had maintenance done') into value-recognition ('this protects me from a $4,000 problem').",cue,,published
Fluids,service,(via service_family_content),,,"Strategy 1: Lead With Protection, Not Maintenance. Don't lead with 'maintenance' — lead with: 'This service helps protect your engine from overheating and costly repairs.' Customer-language conversion that turns price-resistance ('I just had maintenance done') into value-recognition ('this protects me from a $4,000 problem').",cue,,published
Fluids,service,(via service_family_content),,,"Strategy 1: The 'Has Done Its Job' Word Track. Don't say 'broken transmission fluid' or 'bad fluid' — say 'old fluid that has done its job.' Mitch's anchor opening: 'Are you familiar with our transmission exchanges? What we are doing is getting rid of your old transmission fluid, that has done its job, and replacing it with brand new. This is going to help your transmission stay protected, and your shifting stays smooth.' Same gentle framing as Coolant, Brake Fluid, Differential.",cue,,published
Fluids,service,(via service_family_content),,,"Strategy 1: The 'Has Done Its Job' Word Track. Don't say 'broken transmission fluid' or 'bad fluid' — say 'old fluid that has done its job.' Mitch's anchor opening: 'Are you familiar with our transmission exchanges? What we are doing is getting rid of your old transmission fluid, that has done its job, and replacing it with brand new. This is going to help your transmission stay protected, and your shifting stays smooth.' Same gentle framing as Coolant, Brake Fluid, Differential.",cue,,published
Fluids,service,(via service_family_content),,,"Strategy 1: The 'Has Done Its Job' Word Track. Mitch's anchor opening: 'Are you familiar with our power steering fluid exchanges? What we are doing is getting rid of your old fluid, that has done its job, and replacing it with brand new.' Same gentle framing as Coolant, Brake Fluid, Differential, Transmission. **Layer in Mitch's safety-connection coaching nugget: 'The conditioner we use will lead to a smoother steer and a smooth steer is a safe steer.'**",cue,,published
Fluids,service,(via service_family_content),,,"Strategy 1: The 'Has Done Its Job' Word Track. Mitch's anchor opening: 'Are you familiar with our power steering fluid exchanges? What we are doing is getting rid of your old fluid, that has done its job, and replacing it with brand new.' Same gentle framing as Coolant, Brake Fluid, Differential, Transmission. **Layer in Mitch's safety-connection coaching nugget: 'The conditioner we use will lead to a smoother steer and a smooth steer is a safe steer.'**",cue,,published
Fluids,service,(via service_family_content),,,"Strategy 2: The 'What Happens If We Don't' Approach. Paint the picture: 'Old coolant breaks down and can lead to corrosion, overheating, and even engine damage.' Concrete consequence framing converts",cue,,published
Fluids,service,(via service_family_content),,,"Strategy 2: The 'What Happens If We Don't' Approach. Paint the picture: 'Old coolant breaks down and can lead to corrosion, overheating, and even engine damage.' Concrete consequence framing converts",cue,,published
Fluids,service,(via service_family_content),,,"Strategy 2: The Cholesterol Metaphor. 'Think of it like cholesterol in your engine. Buildup happens slowly, quietly, with no symptoms until it causes a problem. Engine flush is what removes the buildup before it becomes the problem.' Visual metaphor that customers immediately understand because they've heard the cholesterol-and-arteries comparison their whole adult life.",cue,,published
Fluids,service,(via service_family_content),,,"Strategy 2: The Cholesterol Metaphor. 'Think of it like cholesterol in your engine. Buildup happens slowly, quietly, with no symptoms until it causes a problem. Engine flush is what removes the buildup before it becomes the problem.' Visual metaphor that customers immediately understand because they've heard the cholesterol-and-arteries comparison their whole adult life.",cue,,published
Fluids,service,(via service_family_content),,,Strategy 2: The EPS-vs-Hydraulic Verification Step. Before pitching ANY PS service: pop the hood and look for a power steering reservoir. **No reservoir = EPS = no service. Pitching PS service on EPS,cue,,published
Fluids,service,(via service_family_content),,,Strategy 2: The EPS-vs-Hydraulic Verification Step. Before pitching ANY PS service: pop the hood and look for a power steering reservoir. **No reservoir = EPS = no service. Pitching PS service on EPS,cue,,published
Fluids,service,(via service_family_content),,,"Strategy 2: The Lifetime Fluid Myth Breaker. When customer says 'I was told this is lifetime fluid,' respond honestly: 'That term means the fluid will last as long as the manufacturer's warranty period — not that it lasts forever. BMW, Honda, and Toyota all walked back lifetime claims when transmissions started failing. Your warranty is over; the fluid is still degrading. This is exactly the moment to service it.' Honest framing converts skeptical customers into authorizations.",cue,,published
Fluids,service,(via service_family_content),,,"Strategy 2: The Lifetime Fluid Myth Breaker. When customer says 'I was told this is lifetime fluid,' respond honestly: 'That term means the fluid will last as long as the manufacturer's warranty period — not that it lasts forever. BMW, Honda, and Toyota all walked back lifetime claims when transmissions started failing. Your warranty is over; the fluid is still degrading. This is exactly the moment to service it.' Honest framing converts skeptical customers into authorizations.",cue,,published
Fluids,service,(via service_family_content),,,"Strategy 3: Mileage Trigger Discipline. Active triggers (not passive waiting): 30,000 / 60,000 / 90,000 mile interval services warrant active flush conversation. Vehicles over 75,000 miles warrant proactive recommendation. Dark, gummy, or sludge-showing dipstick warrants immediate flush conversation regardless of mileage. Cross-references the Manager Cue Nuggets entry on automatic mileage triggers.",cue,,published
Fluids,service,(via service_family_content),,,"Strategy 3: Show vs Tell (Visual Sell). If possible, show coolant color/condition — dirty or rusty coolant sells itself. Pull the coolant on the dipstick or via the reservoir, photograph it, send it to the customer through MPI. The visual evidence converts skeptical customers and builds trust on a service the customer can't directly observe.",cue,,published
Fluids,service,(via service_family_content),,,"Strategy 3: The CVT-Specific Conversation. For Nissan, Subaru, Honda, Toyota, Hyundai/Kia, Mitsubishi customers with CVT applications: lead with 'CVT transmissions need MORE frequent service, not less. Nissan had a class-action settlement; Subaru had a 10-year extended warranty on CVT. The industry knows CVTs need more attention.' The class-action history is real customer-trust building material.",cue,,published
Fluids,service,(via service_family_content),,,"Strategy 3: The CVT-Specific Conversation. For Nissan, Subaru, Honda, Toyota, Hyundai/Kia, Mitsubishi customers with CVT applications: lead with 'CVT transmissions need MORE frequent service, not less. Nissan had a class-action settlement; Subaru had a 10-year extended warranty on CVT. The industry knows CVTs need more attention.' The class-action history is real customer-trust building material.",cue,,published
Fluids,service,(via service_family_content),,,"Strategy 3: The Visual Sell — Reservoir Inspection. Pop the hood, pull the reservoir cap, photograph the fluid color. **Fresh PS fluid = clear (red, amber, or green); degraded = dark, brown, or black.** The visual contrast is dramatic. Send the photo through MPI. Visible evidence converts skeptical customers — especially on a service category where most OEMs don't publish an interval, the photo IS the recommendation.",cue,,published
Fluids,service,(via service_family_content),,,"Strategy 4: The 'Before It Becomes Expensive' Approach. Position as prevention, not repair: 'Sludge → oil starvation → engine failure. Dirty rings → oil consumption → repair. This is a $XX service that helps prevent a $4,000+ problem.' Real dollar-value framing of prevention vs the cost of letting the problem develop.",cue,,published
Fluids,service,(via service_family_content),,,"Strategy 4: The 'Before It Becomes Expensive' Approach. Position as prevention, not repair: 'Sludge → oil starvation → engine failure. Dirty rings → oil consumption → repair. This is a $XX service that helps prevent a $4,000+ problem.' Real dollar-value framing of prevention vs the cost of letting the problem develop.",cue,,published
Fluids,service,(via service_family_content),,,"Strategy 4: The Dollar-Prevention Close. 'Transmission fluid service runs $200-400. Transmission failure runs $3,000-8,000 — sometimes more on CVT and DCT applications. This is the most dramatic dollar-prevention math in your entire service interval. Inexpensive insurance against the most expensive failure.' The dollar-prevention math is the strongest close in the master.",cue,,published
Fluids,service,(via service_family_content),,,"Strategy 4: The Dollar-Prevention Close. 'Transmission fluid service runs $200-400. Transmission failure runs $3,000-8,000 — sometimes more on CVT and DCT applications. This is the most dramatic dollar-prevention math in your entire service interval. Inexpensive insurance against the most expensive failure.' The dollar-prevention math is the strongest close in the master.",cue,,published
Fluids,service,(via service_family_content),,,"Strategy 4: The Symptom-Recognition Conversation. **Pre-failure symptoms: groaning when turning at low speed, foaming reservoir, dark/burnt fluid, visible leaks at the rack or pump.** Customer who admits to any of these symptoms is a near-100% authorization conversation. Ask the customer: 'Do you hear any noise when turning the wheel slowly, especially in parking lots?' The answer drives the conversation. Symptom + visual evidence + dollar-prevention close = the highest-conversion approach in the master.",cue,,published
Fluids,service,(via service_family_content),,,"Strategy 4: The Symptom-Recognition Conversation. **Pre-failure symptoms: groaning when turning at low speed, foaming reservoir, dark/burnt fluid, visible leaks at the rack or pump.** Customer who admits to any of these symptoms is a near-100% authorization conversation. Ask the customer: 'Do you hear any noise when turning the wheel slowly, especially in parking lots?' The answer drives the conversation. Symptom + visual evidence + dollar-prevention close = the highest-conversion approach in the master.",cue,,published
Fluids,service,(via service_family_content),,,"Strategy 4: Translate the Technical. Instead of 'coolant loses inhibitors,' say: 'It loses its ability to protect your engine from heat and corrosion.' Customer-friendly translation of the chemistry.",cue,,published
Fluids,service,(via service_family_content),,,"Strategy 4: Translate the Technical. Instead of 'coolant loses inhibitors,' say: 'It loses its ability to protect your engine from heat and corrosion.' Customer-friendly translation of the chemistry.",cue,,published
Fluids,service,(via service_family_content),,,"Strategy 5: Bundle With Cooling System Inspection. Pair with thermostat checks, radiator inspection, hoses (CLH-042), water pump (WTP-040). Makes it feel like a complete system service, not a single chemical pitch. Cross-references the existing Cooling System Menu (MNU-006).",cue,,published
Fluids,service,(via service_family_content),,,Strategy 5: The 'I Change My Oil Regularly' Objection. Customer says 'I change my oil regularly — why do I need this?' Honest response: 'That's great — but oil changes don't remove sludge already formed. Oil changes prevent NEW sludge by replacing dirty oil. They don't dissolve and remove the sludge that's already deposited on engine surfaces.' The prevention-vs-remediation distinction handles the most common objection.,cue,,published
Fluids,service,(via service_family_content),,,Strategy 5: The 'I Change My Oil Regularly' Objection. Customer says 'I change my oil regularly — why do I need this?' Honest response: 'That's great — but oil changes don't remove sludge already formed. Oil changes prevent NEW sludge by replacing dirty oil. They don't dissolve and remove the sludge that's already deposited on engine surfaces.' The prevention-vs-remediation distinction handles the most common objection.,cue,,published
Fluids,service,(via service_family_content),,,"Strategy 5: The Dollar-Prevention Close. 'Pump replacement runs $300-$800. Rack replacement runs $1,000-$2,500+. PS fluid exchange runs $100-$150. This is the highest-ROI insurance close in your service drive.' Concrete dollar-comparison framing. The math sells itself when the numbers are concrete.",cue,,published
Fluids,service,(via service_family_content),,,"Strategy 5: The Dollar-Prevention Close. 'Pump replacement runs $300-$800. Rack replacement runs $1,000-$2,500+. PS fluid exchange runs $100-$150. This is the highest-ROI insurance close in your service drive.' Concrete dollar-comparison framing. The math sells itself when the numbers are concrete.",cue,,published
Fluids,service,(via service_family_content),,,"Strategy 5: The Visual Sell — Pull the Dipstick. On applications where a transmission dipstick is accessible, pull it during inspection. Degraded ATF looks DRAMATICALLY different from fresh fluid — dark brown to black, burnt smell, gritty feel. Photograph it. Send it to the customer through MPI. Visible evidence converts skeptical customers. Mirrors the visible-evidence strategy from Brake Fluid (test strips), Differential (drain plug photo), Decarb (intake valve photos).",cue,,published
Fluids,service,(via service_family_content),,,"Strategy 6: Seasonal Positioning. Summer pitch is overheating protection. Winter pitch is freeze protection. Same service, two different urgency framings depending on the season. Manager: build seasonal coolant exchange campaigns around the regional climate. Cross-references the new Manager Cue Nuggets entry.",cue,,published
Fluids,service,(via service_family_content),,,"Strategy 6: The 2-Step Process Story. Customers buy processes, not chemicals. 'Step 1 = breaks down sludge (DISPERSE). Step 2 = rinses contaminants out (RECOVER).' Makes it feel complete and professional, not 'snake oil.' Also addresses the conservative-OEM concern about residual debris.",cue,,published
Fluids,service,(via service_family_content),,,"Strategy 6: The MOC 30K Warranty Close (All-Tier on Under-100K Vehicles). Per Mitch's all-tier instruction — every advisor surfaces the MOC 30,000-mile warranty on every PSF-013 pitch on under-100K vehicles. Cross-references the MOC Warranty tab.",cue,,published
Fluids,service,(via service_family_content),,,"Strategy 6: The MOC 30K Warranty Close (All-Tier on Under-100K Vehicles). Per Mitch's all-tier instruction — every advisor surfaces the MOC 30,000-mile warranty on every PSF-013 pitch on under-100K vehicles. Cross-references the MOC Warranty tab.",cue,,published
Fluids,service,(via service_family_content),,,"Strategy 6: The MOC 30K Warranty Close (All-Tier on Under-100K Vehicles). Per Mitch's all-tier instruction — every advisor surfaces the MOC 30,000-mile warranty on every transmission pitch on under-100K vehicles. The warranty turns service into insurance on the highest-stakes maintenance category in the master.",cue,,published
Fluids,service,(via service_family_content),,,"Strategy 6: The MOC 30K Warranty Close (All-Tier on Under-100K Vehicles). Per Mitch's all-tier instruction — every advisor surfaces the MOC 30,000-mile warranty on every transmission pitch on under-100K vehicles. The warranty turns service into insurance on the highest-stakes maintenance category in the master.",cue,,published
Fluids,service,(via service_family_content),,,"Strategy 7: The Small Investment vs Big Repair Close. 'This is a small investment today compared to a radiator or engine repair later.' Concrete dollar-comparison framing. Replacement radiator: $400-$1,500+. New engine: $4,000-$10,000+. Coolant exchange: $150-$200. The math sells itself when the numbers are concrete.",cue,,published
Fluids,service,(via service_family_content),,,"Strategy 7: The Small Investment vs Big Repair Close. 'This is a small investment today compared to a radiator or engine repair later.' Concrete dollar-comparison framing. Replacement radiator: $400-$1,500+. New engine: $4,000-$10,000+. Coolant exchange: $150-$200. The math sells itself when the numbers are concrete.",cue,,published
Fluids,service,(via service_family_content),,,"Strategy 7: Tiered Options — Good / Better / Best. Basic flush (Engine Flush Solution), 2-Step Premium Clean (KIT #05921), 2-Step + Premium Engine Treatment add-on (Best). Tiered options give the customer agency and produce authorization on at least one tier. People buy middle/high when given structure.",cue,,published
Fluids,service,(via service_family_content),,,Strategy 8: Better/Best Options Close. Better = drain & fill. Best = full closed-loop machine exchange with cleaner & conditioner. Let the customer choose. Three-tier structure (basic / better / best) produces materially higher authorization than single-option pitch — customer offered choice picks one. People buy middle/high when given structure. Pairs with the assumptive close: 'We'll go ahead and take care of the [Best] coolant exchange today so your system stays protected — sound good?',cue,,published
Fluids,service,(via service_family_content),,,"Strategy 8: The Soft-Confident Close. Avoid 'Do you want it?' Say: 'We recommend doing this today while we're servicing the vehicle — go ahead and take care of that for you?' Soft framing, confident assumption, action-oriented language. The 'go ahead and' framing transforms the question into an authorization-statement.",cue,,published
Fluids,service,(via service_family_content),,,"Strategy 8: The Soft-Confident Close. Avoid 'Do you want it?' Say: 'We recommend doing this today while we're servicing the vehicle — go ahead and take care of that for you?' Soft framing, confident assumption, action-oriented language. The 'go ahead and' framing transforms the question into an authorization-statement.",cue,,published
Fluids,service,(via service_family_content),,,"Strategy 9 (Locker-Room Line): 'Clean engines don't fail — neglected ones do.' Memorable phrase that lives in the team's vocabulary. Manager opens the morning meeting with it, advisors close customer",cue,,published
Fluids,service,(via service_family_content),,,TCF-015 Transfer Case Fluid Exchange,cue,,published
Fluids,service,(via service_family_content),,,TRF-011 Transmission Fluid Exchange,cue,,published
Fluids,service,(via service_family_content),,,The 'I change my oil regularly' objection-handling beat. Customer says: 'I change my oil regularly — why do I need this?' Honest response: 'That's great — but oil changes don't remove sludge already formed. Oil changes prevent NEW sludge by replacing dirty oil. They don't dissolve and remove the sludge that's already deposited on engine surfaces. Engine flush is what addresses sludge that's already there.' The distinction between PREVENTIVE oil changes and REMEDIATIVE engine flush is the answer.,cue,,published
Fluids,service,(via service_family_content),,,The 'I change my oil regularly' objection-handling beat. Customer says: 'I change my oil regularly — why do I need this?' Honest response: 'That's great — but oil changes don't remove sludge already formed. Oil changes prevent NEW sludge by replacing dirty oil. They don't dissolve and remove the sludge that's already deposited on engine surfaces. Engine flush is what addresses sludge that's already there.' The distinction between PREVENTIVE oil changes and REMEDIATIVE engine flush is the answer.,cue,,published
Fluids,service,(via service_family_content),,,"The 'before the oil change, not after' rule. Engine flush services are PRESENTED before the oil change conversation, PERFORMED before the oil change, and the cleaner is DRAINED OUT with the old oil. This is the natural service flow — adding flush chemistry to NEW oil makes no sense (you'd just contaminate the fresh oil). Service writers who present flush as a 'while we're already doing your oil change' offering have the right timing; those who try to pitch it after the oil change has been authorized have lost the natural moment.",cue,,published
Fluids,service,(via service_family_content),,,"The 'before the oil change, not after' rule. Engine flush services are PRESENTED before the oil change conversation, PERFORMED before the oil change, and the cleaner is DRAINED OUT with the old oil. This is the natural service flow — adding flush chemistry to NEW oil makes no sense (you'd just contaminate the fresh oil). Service writers who present flush as a 'while we're already doing your oil change' offering have the right timing; those who try to pitch it after the oil change has been authorized have lost the natural moment.",cue,,published
Fluids,service,(via service_family_content),,,"The 2-Step Active Engine Cleaning Service uses a process-based approach (DISPERSE softens deposits, RECOVER rinses contaminants) that addresses Toyota's and BMW's primary flush concerns about residual debris. This is the procedural answer to the conservative-OEM warning — designed for problematic engines prone to sludge formation. Compatible with gasoline and diesel engines.",cue,,published
Fluids,service,(via service_family_content),,,"The two-step process is the answer to the conservative OEM concern. Toyota and BMW's primary objection to routine engine flush services is that aggressive single-step flush chemicals can dislodge sludge that then clogs oil passages downstream. The MOC 2-Step Active Engine Cleaning Service addresses this directly — DISPERSE softens deposits in the first step, RECOVER rinses contaminants out in the second step. The process-based approach is what makes flush services appropriate even on engines where the OEM has expressed conservative concerns.",cue,,published
Fluids,service,(via service_family_content),,,Tiered Options,cue,,published
Fluids,service,(via service_family_content),,,Time + Mileage,cue,,published
Fluids,service,(via service_family_content),,,Transmission Fluid Echange Tip,cue,,published
Fluids,service,(via service_family_content),,,Transmission Fluid Echange Tip,cue,,published
Fluids,service,(via service_family_content),,,"Transmission service has UNIVERSAL industry agreement on the core principles — but the OEM and chemical company positions diverge sharply on cadence and the 'lifetime fluid' question. This is one of the highest-stakes maintenance categories in the master with $3,000-$8,000 failure consequences and $200-$400 service costs. Service writers who know the OEM-by-OEM nuances build margin without controversy.",cue,,published
Fluids,service,(via service_family_content),,,"Transmission service has UNIVERSAL industry agreement on the core principles — but the OEM and chemical company positions diverge sharply on cadence and the 'lifetime fluid' question. This is one of the highest-stakes maintenance categories in the master with $3,000-$8,000 failure consequences and $200-$400 service costs. Service writers who know the OEM-by-OEM nuances build margin without controversy.",cue,,published
Fluids,service,(via service_family_content),,,Truck + Tow Focus,cue,,published
Fluids,service,(via service_family_content),,,Truck Focus,cue,,published
Fluids,service,(via service_family_content),,,Two-Step Process,cue,,published
Fluids,service,(via service_family_content),,,Two-Step Story,cue,,published
Fluids,service,(via service_family_content),,,Visual Inspection,cue,,published
Fluids,service,(via service_family_content),,,WWF-016 Washer Fluid Top-Off,cue,,published
Fluids,service,(via service_family_content),,,Warranty Bridge,cue,,published
Fluids,service,(via service_family_content),,,Warranty Bridge,cue,,published
Fluids,service,(via service_family_content),,,"Warranty-coverage REALITY CHECK by OEM. Most customers assume the powertrain warranty covers cooling system parts. It usually doesn't. Water pump, radiator, and heater core are typically covered ONLY",cue,,published
Fluids,service,(via service_family_content),,,"Warranty-coverage REALITY CHECK by OEM. Most customers assume the powertrain warranty covers cooling system parts. It usually doesn't. Water pump, radiator, and heater core are typically covered ONLY",cue,,published
Fluids,service,(via service_family_content),,,"Word track per existing platform language — Mitch's anchor opening: 'Are you familiar with our power steering fluid exchanges? What we are doing is getting rid of your old fluid,",cue,,published
Fluids,service,(via service_family_content),,,"Word track per existing platform language — Mitch's anchor opening: 'Are you familiar with our power steering fluid exchanges? What we are doing is getting rid of your old fluid,",cue,,published
Fluids,service,(via service_family_content),,,"Word track per existing platform language — Mitch's anchor opening: 'Are you familiar with our transmission exchanges? What we are doing is getting rid of your old transmission fluid, that has done its job, and replacing it with brand new. This is going to help your transmission stay protected, and your shifting stays smooth.' Same 'has done its job' framing as Coolant, Brake Fluid, and Differential — graduation, not failure. Pairs with the Vocabulary & Language tab.",cue,,published
Fluids,service,(via service_family_content),,,"Word track per existing platform language — Mitch's anchor opening: 'Are you familiar with our transmission exchanges? What we are doing is getting rid of your old transmission fluid, that has done its job, and replacing it with brand new. This is going to help your transmission stay protected, and your shifting stays smooth.' Same 'has done its job' framing as Coolant, Brake Fluid, and Differential — graduation, not failure. Pairs with the Vocabulary & Language tab.",cue,,published
Fluids,service,(via service_family_content),,,"Word track reframe per the existing platform language: don't sell a 'flush' — sell engine health restoration. Anchor opening: 'Before we do your oil change today, I want to talk to you about our engine flush service. What we do is add a concentrated cleaner to your old oil and run the engine briefly. The cleaner dissolves sludge and varnish that has built up. Then we drain it all out and refill with fresh oil. Your fresh oil starts in a clean system instead of mixing with whatever was already there.' Mitch's existing Engine & Perf EFL-046 word track. Customer-friendly framing — names the procedure, names the benefit, names the timing.",cue,,published
Fluids,service,(via service_family_content),,,"Word track reframe per the existing platform language: don't sell a 'flush' — sell engine health restoration. Anchor opening: 'Before we do your oil change today, I want to talk to you about our engine flush service. What we do is add a concentrated cleaner to your old oil and run the engine briefly. The cleaner dissolves sludge and varnish that has built up. Then we drain it all out and refill with fresh oil. Your fresh oil starts in a clean system instead of mixing with whatever was already there.' Mitch's existing Engine & Perf EFL-046 word track. Customer-friendly framing — names the procedure, names the benefit, names the timing.",cue,,published
Fuel System,service,(via service_family_content),,,"""Are You Familiar"" Close",cue,,published
Fuel System,service,(via service_family_content),,,$15-25 Ticket,cue,,published
Fuel System,service,(via service_family_content),,,"**ACE Advisor Training and MOC University.** MOC provides service writers with category-specific training on fuel injection service, including how to identify when service is needed, how to position the service to customers, and how to handle common objections about direct-injection limitations. The training infrastructure is what produces consistent advisor capability across the dealership network.",cue,,published
Fuel System,service,(via service_family_content),,,"**The Engine Advantage and Vehicle Protection Program retention programs.** These let dealerships back their MOC-treated fuel systems with the 15,000-mile warranty — providing both customer confidence and shop margin protection on services performed. The 15K warranty close is the all-tier close per Mitch — every advisor surfaces this on every fuel injection conversation.",cue,,published
Fuel System,service,(via service_family_content),,,"**The Engine Advantage and Vehicle Protection Program retention programs.** These let dealerships back their MOC-treated fuel systems with the 15,000-mile warranty — providing both customer confidence and shop margin protection on services performed. The 15K warranty close is the all-tier close per Mitch — every advisor surfaces this on every fuel injection conversation.",cue,,published
Fuel System,service,(via service_family_content),,,30K Interval,cue,,published
Fuel System,service,(via service_family_content),,,60K Interval,cue,,published
Fuel System,service,(via service_family_content),,,All agree DIRECT-INJECTION INTAKE VALVE CARBON is a separate problem that chemical services can't fully solve. This is the honest framing every advisor needs. Customer with an EA888 / L15B7 / N54-N55,cue,,published
Fuel System,service,(via service_family_content),,,All agree DIRECT-INJECTION INTAKE VALVE CARBON is a separate problem that chemical services can't fully solve. This is the honest framing every advisor needs. Customer with an EA888 / L15B7 / N54-N55,cue,,published
Fuel System,service,(via service_family_content),,,"All agree PERIODIC INJECTOR CLEANING has value, particularly with non-Top-Tier fuel use. The chemistry-based fuel system service for the INJECTOR DIMENSION is genuinely effective and supported by research. The disagreements in the industry are about cadence (BG every 15K vs Ford every 30K vs Toyota conservative) and emphasis (chemistry-led vs Top-Tier-fuel-led), not about whether the service has value.",cue,,published
Fuel System,service,(via service_family_content),,,"All agree PERIODIC INJECTOR CLEANING has value, particularly with non-Top-Tier fuel use. The chemistry-based fuel system service for the INJECTOR DIMENSION is genuinely effective and supported by research. The disagreements in the industry are about cadence (BG every 15K vs Ford every 30K vs Toyota conservative) and emphasis (chemistry-led vs Top-Tier-fuel-led), not about whether the service has value.",cue,,published
Fuel System,service,(via service_family_content),,,BTM Frame,cue,,published
Fuel System,service,(via service_family_content),,,Bridge to Service,cue,,published
Fuel System,service,(via service_family_content),,,Complete Fuel System Service,cue,,published
Fuel System,service,(via service_family_content),,,Complete Fuel System Service Sore Throat Tip,cue,,published
Fuel System,service,(via service_family_content),,,Customer-Facing Story,cue,,published
Fuel System,service,(via service_family_content),,,Decarb + Injection Combo,cue,,published
Fuel System,service,(via service_family_content),,,Decarb Product Knowledge,cue,,published
Fuel System,service,(via service_family_content),,,Decarb Product Knowledge,cue,,published
Fuel System,service,(via service_family_content),,,Decarb Product Knowledge,cue,,published
Fuel System,service,(via service_family_content),,,Decarb Service Options,cue,,published
Fuel System,service,(via service_family_content),,,Decarb Service Piggyback Sale,cue,,published
Fuel System,service,(via service_family_content),,,Decarb Service Product Knowledge,cue,,published
Fuel System,service,(via service_family_content),,,Decarb Service Product Knowledge,cue,,published
Fuel System,service,(via service_family_content),,,Decarb Service Warranty,cue,,published
Fuel System,service,(via service_family_content),,,Decarb Service Warranty,cue,,published
Fuel System,service,(via service_family_content),,,Decarb Service Word Track,cue,,published
Fuel System,service,(via service_family_content),,,Decarb Service Word Track,cue,,published
Fuel System,service,(via service_family_content),,,Decarb Service Word Track,cue,,published
Fuel System,service,(via service_family_content),,,Decarb Service Word Track,cue,,published
Fuel System,service,(via service_family_content),,,Decarb Word Track,cue,,published
Fuel System,service,(via service_family_content),,,Decarb Word Track,cue,,published
Fuel System,service,(via service_family_content),,,"Decarb services address carbon buildup in four distinct vehicle areas: combustion chamber surfaces (piston tops, valve faces, injector tips), intake valves (the back side, where direct-injected fuel never reaches), induction system (intake manifold, plenum, runners), and throttle body (throttle plate, idle-air control valves). Each area requires a different chemical and a different application method. A complete decarb service addresses all four; a partial service addresses one or two. Knowing which area the customer's symptoms point to is what separates a real decarb recommendation from a generic upsell.",cue,,published
Fuel System,service,(via service_family_content),,,"Decarb services address carbon buildup in four distinct vehicle areas: combustion chamber surfaces (piston tops, valve faces, injector tips), intake valves (the back side, where direct-injected fuel never reaches), induction system (intake manifold, plenum, runners), and throttle body (throttle plate, idle-air control valves). Each area requires a different chemical and a different application method. A complete decarb service addresses all four; a partial service addresses one or two. Knowing which area the customer's symptoms point to is what separates a real decarb recommendation from a generic upsell.",cue,,published
Fuel System,service,(via service_family_content),,,Decarb vs. Walnut Blast,cue,,published
Fuel System,service,(via service_family_content),,,"Direct-injection (DI) engines have a fundamental decarb limitation: chemical decarb services CAN'T effectively reach the back side of intake valves on direct-only engines, because the fuel (which carries the cleaner in port-injected engines) never touches the valves. For DI engines with documented carbon buildup symptoms (misfires, rough idle, power loss), the actual fix is mechanical — walnut blasting at the dealer, $400-$700 typical cost. Chemical decarb on a DI engine is preventive maintenance, not remediation.",cue,,published
Fuel System,service,(via service_family_content),,,"Direct-injection (DI) engines have a fundamental decarb limitation: chemical decarb services CAN'T effectively reach the back side of intake valves on direct-only engines, because the fuel (which carries the cleaner in port-injected engines) never touches the valves. For DI engines with documented carbon buildup symptoms (misfires, rough idle, power loss), the actual fix is mechanical — walnut blasting at the dealer, $400-$700 typical cost. Chemical decarb on a DI engine is preventive maintenance, not remediation.",cue,,published
Fuel System,service,(via service_family_content),,,"Direct-injection (DI) engines have a fundamental fuel injection service limitation: chemical services CAN clean injector tips effectively but CAN'T effectively reach the back side of intake valves. The fuel (which carries the cleaner in port-injected engines) never touches the valves on DI applications. For DI engines with documented carbon buildup symptoms (misfires, rough idle, power loss), the actual fix is mechanical — walnut blasting at the dealer, $400-$700 typical cost. Chemical services on a DI engine are preventive maintenance for the injector dimension, not remediation for symptomatic carbon buildup.",cue,,published
Fuel System,service,(via service_family_content),,,"Direct-injection (DI) engines have a fundamental fuel injection service limitation: chemical services CAN clean injector tips effectively but CAN'T effectively reach the back side of intake valves. The fuel (which carries the cleaner in port-injected engines) never touches the valves on DI applications. For DI engines with documented carbon buildup symptoms (misfires, rough idle, power loss), the actual fix is mechanical — walnut blasting at the dealer, $400-$700 typical cost. Chemical services on a DI engine are preventive maintenance for the injector dimension, not remediation for symptomatic carbon buildup.",cue,,published
Fuel System,service,(via service_family_content),,,Driving Habits,cue,,published
Fuel System,service,(via service_family_content),,,"Dual-injection engines (using both direct AND port injection) largely solve the decarb problem at the engineering level. The port injectors keep the back of the intake valves clean while the direct injectors deliver high-pressure fuel. Engines with dual injection — Ford 2.7L and 3.5L EcoBoost, GM 5.3L L84 and 6.2L L87, Toyota 2GR-FKS and 2.5L Dynamic Force, Lexus V35A twin-turbo — rarely need decarb services. Direct-only engines (Ford 1.5L/2.0L/2.3L EcoBoost, GM Ecotec four-cylinders, Honda L15B7, BMW B58, EA888) are the actual decarb candidates.",cue,,published
Fuel System,service,(via service_family_content),,,"Dual-injection engines (using both direct AND port injection) largely solve the decarb problem at the engineering level. The port injectors keep the back of the intake valves clean while the direct injectors deliver high-pressure fuel. Engines with dual injection — Ford 2.7L and 3.5L EcoBoost, GM 5.3L L84 and 6.2L L87, Toyota 2GR-FKS and 2.5L Dynamic Force, Lexus V35A twin-turbo — rarely need decarb services. Direct-only engines (Ford 1.5L/2.0L/2.3L EcoBoost, GM Ecotec four-cylinders, Honda L15B7, BMW B58, EA888) are the actual decarb candidates.",cue,,published
Fuel System,service,(via service_family_content),,,"Dual-injection engines (which use both direct AND port injection) largely solve the carbon problem at the engineering level. Engines with dual injection — Ford 2.7L and 3.5L EcoBoost, GM 5.3L L84 and",cue,,published
Fuel System,service,(via service_family_content),,,"Dual-injection engines (which use both direct AND port injection) largely solve the carbon problem at the engineering level. Engines with dual injection — Ford 2.7L and 3.5L EcoBoost, GM 5.3L L84 and",cue,,published
Fuel System,service,(via service_family_content),,,"EVs do not have combustion engines and don't need decarb services. Ford Mach-E and F-150 Lightning, GM Hummer EV / Silverado EV / Lyriq / Bolt EV, Toyota bZ4X, Honda Prologue, Hyundai Ioniq 5/6 / Kia",cue,,published
Fuel System,service,(via service_family_content),,,"EVs do not have combustion engines and don't need decarb services. Ford Mach-E and F-150 Lightning, GM Hummer EV / Silverado EV / Lyriq / Bolt EV, Toyota bZ4X, Honda Prologue, Hyundai Ioniq 5/6 / Kia",cue,,published
Fuel System,service,(via service_family_content),,,"EVs do not have fuel injection — electric motors don't combust fuel, so injection systems don't apply. Ford Mach-E and F-150 Lightning, GM Hummer EV / Silverado EV / Lyriq / Bolt EV, Toyota bZ4X, Honda Prologue, Hyundai Ioniq 5/6 / Kia EV6/EV9, Stellantis Charger Daytona EV, Subaru Solterra, Nissan Leaf and Ariya, Mazda MX-30, Mercedes EQS/EQE/EQB, BMW i4/iX/i5/i7, VW ID.4 / Audi e-tron lineup. EV customers asking about fuel injection service get the honest 'no engine fuel system, no fuel injection service' answer with redirect to EV-applicable services like cabin air filter, brake fluid, tire rotation, multi-point inspection.",cue,,published
Fuel System,service,(via service_family_content),,,"EVs do not have fuel injection — electric motors don't combust fuel, so injection systems don't apply. Ford Mach-E and F-150 Lightning, GM Hummer EV / Silverado EV / Lyriq / Bolt EV, Toyota bZ4X, Honda Prologue, Hyundai Ioniq 5/6 / Kia EV6/EV9, Stellantis Charger Daytona EV, Subaru Solterra, Nissan Leaf and Ariya, Mazda MX-30, Mercedes EQS/EQE/EQB, BMW i4/iX/i5/i7, VW ID.4 / Audi e-tron lineup. EV customers asking about fuel injection service get the honest 'no engine fuel system, no fuel injection service' answer with redirect to EV-applicable services like cabin air filter, brake fluid, tire rotation, multi-point inspection.",cue,,published
Fuel System,service,(via service_family_content),,,"EVs do not have throttle bodies — electric motors don't combust fuel, so airflow regulation isn't part of the powertrain. Hybrids still have throttle bodies on the gas engine. This is one of the cleanest 'doesn't apply' conversations in the service drive.",cue,,published
Fuel System,service,(via service_family_content),,,"EVs do not have throttle bodies — electric motors don't combust fuel, so airflow regulation isn't part of the powertrain. Hybrids still have throttle bodies on the gas engine. This is one of the cleanest 'doesn't apply' conversations in the service drive.",cue,,published
Fuel System,service,(via service_family_content),,,"EVs do not use tank additives. Ford Mach-E and F-150 Lightning, GM Hummer EV / Silverado EV / Lyriq / Bolt EV, Toyota bZ4X, Honda Prologue, Hyundai Ioniq 5/6 / Kia EV6/EV9, Stellantis Charger Daytona",cue,,published
Fuel System,service,(via service_family_content),,,"EVs do not use tank additives. Ford Mach-E and F-150 Lightning, GM Hummer EV / Silverado EV / Lyriq / Bolt EV, Toyota bZ4X, Honda Prologue, Hyundai Ioniq 5/6 / Kia EV6/EV9, Stellantis Charger Daytona",cue,,published
Fuel System,service,(via service_family_content),,,"Elite-tier advisors have two advanced moves on Decarb Service. First: pair FIC-046 Decarb Service with FIC-047 Tank Additive — the pairing extends warranty coverage to 15,000 miles on fuel pumps and fuel injectors, a tangible value-add the customer can see on the receipt. Second: piggyback the decarb service with any drive-ability concern the customer mentions during write-up — sluggish acceleration, rough idle, hesitation, delayed throttle response. All have decarb as a legitimate diagnostic-and-treatment step. The customer who came in for one drive-ability concern often leaves with the decarb authorization because the advisor connected the symptom to the service.",cue,,published
Fuel System,service,(via service_family_content),,,Every LOF Attach,cue,,published
Fuel System,service,(via service_family_content),,,Fleet Focus,cue,,published
Fuel System,service,(via service_family_content),,,Fuel Efficiency Tip,cue,,published
Fuel System,service,(via service_family_content),,,Fuel Efficiency and Power,cue,,published
Fuel System,service,(via service_family_content),,,Fuel Injection Purpose,cue,,published
Fuel System,service,(via service_family_content),,,Fuel Injection Warranty,cue,,published
Fuel System,service,(via service_family_content),,,Fuel Injection Warranty,cue,,published
Fuel System,service,(via service_family_content),,,Fuel Injection vs Induction,cue,,published
Fuel System,service,(via service_family_content),,,"Fuel injection service has TWO DISTINCT DIMENSIONS that are often conflated. Dimension 1: cleaning the INJECTORS themselves — addressing deposits on injector tips, fuel rails, and the spray pattern. Chemistry-based services handle this dimension well across all engine types. Dimension 2: addressing CARBON on intake valves (the back side, where direct-injected fuel never reaches). Chemistry can't reach this dimension on direct-only DI engines — walnut blasting is the OEM-approved fix. Service writers who can name and explain both dimensions sound knowledgeable instead of pushy. This is the foundational framing every fuel injection conversation builds on.",cue,,published
Fuel System,service,(via service_family_content),,,"Fuel injection service has TWO DISTINCT DIMENSIONS that are often conflated. Dimension 1: cleaning the INJECTORS themselves — addressing deposits on injector tips, fuel rails, and the spray pattern. Chemistry-based services handle this dimension well across all engine types. Dimension 2: addressing CARBON on intake valves (the back side, where direct-injected fuel never reaches). Chemistry can't reach this dimension on direct-only DI engines — walnut blasting is the OEM-approved fix. Service writers who can name and explain both dimensions sound knowledgeable instead of pushy. This is the foundational framing every fuel injection conversation builds on.",cue,,published
Fuel System,service,(via service_family_content),,,Fuel system service equipment is core to the MOC offering. MOC provides dealerships with closed-loop fluid exchange machines that deliver concentrated cleaner directly through the fuel rail and injectors — a more controlled approach than tank-additive-only service. The closed-loop machine is the procedural credibility marker.,cue,,published
Fuel System,service,(via service_family_content),,,GDI + Turbo,cue,,published
Fuel System,service,(via service_family_content),,,GDI Direct Injection,cue,,published
Fuel System,service,(via service_family_content),,,GDI Focus,cue,,published
Fuel System,service,(via service_family_content),,,HEMI + Pentastar Focus,cue,,published
Fuel System,service,(via service_family_content),,,Hector Word Track,cue,,published
Fuel System,service,(via service_family_content),,,"Hybrid and PHEV vehicles particularly benefit from tank additives because the gas engine cycles less often, allowing fuel to age in the tank. Toyota Hybrids (Prius, Camry Hybrid, RAV4 Hybrid, Highlander Hybrid), Honda Hybrids (Accord/CR-V/Civic Hybrid), Ford Hybrids (Maverick, Escape, F-150 PowerBoost), Hyundai/Kia Hybrids, Stellantis Pacifica Hybrid PHEV, Mazda CX-90 PHEV, Audi PHEV applications — all benefit from fuel stabilizer chemistry. MOC BOOST is engineered specifically for HEV/PHEV applications.",cue,,published
Fuel System,service,(via service_family_content),,,"Hybrid and PHEV vehicles particularly benefit from tank additives because the gas engine cycles less often, allowing fuel to age in the tank. Toyota Hybrids (Prius, Camry Hybrid, RAV4 Hybrid, Highlander Hybrid), Honda Hybrids (Accord/CR-V/Civic Hybrid), Ford Hybrids (Maverick, Escape, F-150 PowerBoost), Hyundai/Kia Hybrids, Stellantis Pacifica Hybrid PHEV, Mazda CX-90 PHEV, Audi PHEV applications — all benefit from fuel stabilizer chemistry. MOC BOOST is engineered specifically for HEV/PHEV applications.",cue,,published
Fuel System,service,(via service_family_content),,,Language Shift,cue,,published
Fuel System,service,(via service_family_content),,,Locker-Room Line,cue,,published
Fuel System,service,(via service_family_content),,,"MOC BOOST is engineered specifically for HEV/PHEV applications — keeps fuel fresh during extended electric-only operation, prevents corrosion and moisture damage, restores power and fuel efficiency. The hybrid-stabilizer story is one of the strongest authorization opportunities in the MOC line.",cue,,published
Fuel System,service,(via service_family_content),,,"MOC Dissolve targets intake valve and port deposits in GDI engines prone to excessive carbon buildup. Versatile — applies through multiple intake sources to clean plenum, throttle body valve bodies. MOC Optimizer is foaming aerosol — no equipment, shop air, or electricity required. MOC Double Clean is solvent for throttle valve, idle-air control, PCV, plenum — applies through fuel rail or vacuum source.",cue,,published
Fuel System,service,(via service_family_content),,,"MOC Enhance is super-concentrated with the most advanced detergent technology — designed for modern GDI high-output engines and severe deposits. Single tankful can restore engine performance, power, and fuel economy. The 90% deposit removal stat is the Enhance-level performance claim.",cue,,published
Fuel System,service,(via service_family_content),,,"MOC Products 15,000-mile warranty close — the all-tier close. When fuel-related services (FIC-045 Fuel Injector Clean, FIC-046 Decarb, FIC-047 Tank Additive, TBC-044 Throttle Body Clean) are performed using the complete MOC procedure at a participating MOC dealer, the work is backed by a 15,000-mile warranty against fuel system failure on covered components. ALL TIERS instruction per Mitch — every advisor surfaces the warranty value on every fuel injection conversation. The warranty turns service into documented protection worth materially more than the cost.",cue,,published
Fuel System,service,(via service_family_content),,,"MOC Products 15,000-mile warranty close — the all-tier close. When fuel-related services (FIC-045 Fuel Injector Clean, FIC-046 Decarb, FIC-047 Tank Additive, TBC-044 Throttle Body Clean) are performed using the complete MOC procedure at a participating MOC dealer, the work is backed by a 15,000-mile warranty against fuel system failure on covered components. ALL TIERS instruction per Mitch — every advisor surfaces the warranty value on every fuel injection conversation. The warranty turns service into documented protection worth materially more than the cost.",cue,,published
Fuel System,service,(via service_family_content),,,"MOC Products 15,000-mile warranty close: when MOC tank additives are used per the recommended program at a participating MOC dealer, the work is backed by a 15,000-mile warranty on fuel pumps and fuel injectors. This is the all-tier close — every advisor surfaces the warranty value on every tank additive recommendation.",cue,,published
Fuel System,service,(via service_family_content),,,"MOC Products 15,000-mile warranty close: when MOC tank additives are used per the recommended program at a participating MOC dealer, the work is backed by a 15,000-mile warranty on fuel pumps and fuel injectors. This is the all-tier close — every advisor surfaces the warranty value on every tank additive recommendation.",cue,,published
Fuel System,service,(via service_family_content),,,"MOC Products 15,000-mile warranty close: when fuel-related services (FIC-045 Fuel Injector Clean, FIC-046 Decarb, FIC-047 Tank Additive, TBC-044 Throttle Body Clean) are performed using the complete MOC procedure at a participating MOC dealer, the work is backed by a 15,000-mile warranty against fuel system failure on covered components. This is the all-tier close — every advisor surfaces the warranty value.",cue,,published
Fuel System,service,(via service_family_content),,,"MOC Products 15,000-mile warranty close: when fuel-related services (FIC-045 Fuel Injector Clean, FIC-046 Decarb, FIC-047 Tank Additive, TBC-044 Throttle Body Clean) are performed using the complete MOC procedure at a participating MOC dealer, the work is backed by a 15,000-mile warranty against fuel system failure on covered components. This is the all-tier close — every advisor surfaces the warranty value.",cue,,published
Fuel System,service,(via service_family_content),,,"MOC Products tank additives are backed by a 15,000-mile warranty on fuel pumps and fuel injectors when used per the recommended program. This is the all-tier close — every advisor surfaces the warranty value on every tank additive recommendation. The warranty turns a $20-30 bottle into a documented protection layer worth materially more than the cost.",cue,,published
Fuel System,service,(via service_family_content),,,"MOC Products tank additives are backed by a 15,000-mile warranty on fuel pumps and fuel injectors when used per the recommended program. This is the all-tier close — every advisor surfaces the warranty value on every tank additive recommendation. The warranty turns a $20-30 bottle into a documented protection layer worth materially more than the cost.",cue,,published
Fuel System,service,(via service_family_content),,,"MOC Restore is formulated to dissolve heavy fuel deposits on injector tips, pistons, and combustion chamber surfaces in GDI and high-output engines. Compatible with catalytic converters, oxygen sensors, and fuel system components. Single service can restore power performance and improve fuel economy.",cue,,published
Fuel System,service,(via service_family_content),,,"MOC offers a four-product decarb line: Restore (PN #04337) for combustion chamber GDI deposits, Dissolve (PN #04317) for intake valve deposits in GDI engines, Optimizer (PN #16501) foaming aerosol for induction system, and Double Clean (PN #01201) solvent for throttle body and idle-air control. Each product targets a specific carbon problem area.",cue,,published
Fuel System,service,(via service_family_content),,,"MOC offers a four-product tank additive line: BOOST (PN #04421, 10 oz) for hybrid fuel stabilization, Enhance (PN #04321, 16 oz) super-concentrated for severe deposits and modern GDI engines, Premium",cue,,published
Fuel System,service,(via service_family_content),,,"MOC's preventive maintenance philosophy: positions fuel injection service alongside engine, cooling, transmission, and other fluid services as a comprehensive maintenance menu rather than reactive repair. **'Creating Customers For Life'** is the philosophical framing — service-drive maintenance as relationship-building, not transaction-extraction.",cue,,published
Fuel System,service,(via service_family_content),,,Menu Tip,cue,,published
Fuel System,service,(via service_family_content),,,"Modern electronic throttle bodies (drive-by-wire, standard since the early 2000s) have anti-corrosion bore coatings, PTFE-like surfaces, and sealed motor assemblies. Aggressive aerosol carb cleaners and harsh solvents damage these coatings — creating idle and driveability issues that didn't exist before the cleaning. The right cleaner is the OEM-approved product; the right method is often a soft cloth, not an aggressive spray.",cue,,published
Fuel System,service,(via service_family_content),,,"Modern electronic throttle bodies (drive-by-wire, standard since the early 2000s) have anti-corrosion bore coatings, PTFE-like surfaces, and sealed motor assemblies. Aggressive aerosol carb cleaners and harsh solvents damage these coatings — creating idle and driveability issues that didn't exist before the cleaning. The right cleaner is the OEM-approved product; the right method is often a soft cloth, not an aggressive spray.",cue,,published
Fuel System,service,(via service_family_content),,,OEMs are CONSERVATIVE about endorsing aftermarket chemical services; chemical service companies are AGGRESSIVE about marketing them. This is the structural tension in the industry. Honest framing: both positions have merit. OEM conservatism protects the brand against unproven chemistry damaging warranty-covered components; chemical-company aggression reflects the genuine value of properly-formulated services. Service writers who name this tension honestly build the kind of credibility customers respect.,cue,,published
Fuel System,service,(via service_family_content),,,"Objection: ""I Use Premium""",cue,,published
Fuel System,service,(via service_family_content),,,"PEA (Polyether Amine) chemistry is the gold standard for fuel system cleaning — used in MOC's premium tank additive products and in BG, Wynn's, and Bardahl premium products. PEA effectively removes carbon deposits without damaging emissions equipment (catalytic converters, oxygen sensors, direct-injection components). Customers asking 'is this any different than what I can buy at AutoZone' get a real answer: PEA-based premium products work materially better than non-PEA discount additives.",cue,,published
Fuel System,service,(via service_family_content),,,Piggyback with Engine Air Filter,cue,,published
Fuel System,service,(via service_family_content),,,Piggyback with LOF,cue,,published
Fuel System,service,(via service_family_content),,,"Position: Dealership-focused chemical supplier with a comprehensive fuel injection service line. MOC Products manufactures fuel system chemicals, equipment, and service procedures specifically designed for the dealership service drive environment — combining product, equipment, training, and customer retention programs in a single ecosystem. MOC Products is based in Pacoima CA — mocproducts.com / mocwarranty.com / 800-928-9880. Distinct from Motorcraft (Ford OE).",cue,,published
Fuel System,service,(via service_family_content),,,"Position: Dealership-focused chemical supplier with a comprehensive fuel injection service line. MOC Products manufactures fuel system chemicals, equipment, and service procedures specifically designed for the dealership service drive environment — combining product, equipment, training, and customer retention programs in a single ecosystem. MOC Products is based in Pacoima CA — mocproducts.com / mocwarranty.com / 800-928-9880. Distinct from Motorcraft (Ford OE).",cue,,published
Fuel System,service,(via service_family_content),,,"Position: Decarb services are valuable preventive maintenance — and MOC Products backs the service with a 15,000-mile warranty when performed at a participating MOC dealer using the complete service procedure. MOC Products is a separate company from Motorcraft (Ford OE) — based in Pacoima CA, mocproducts.com / mocwarranty.com / 800-928-9880.",cue,,published
Fuel System,service,(via service_family_content),,,"Position: Decarb services are valuable preventive maintenance — and MOC Products backs the service with a 15,000-mile warranty when performed at a participating MOC dealer using the complete service procedure. MOC Products is a separate company from Motorcraft (Ford OE) — based in Pacoima CA, mocproducts.com / mocwarranty.com / 800-928-9880.",cue,,published
Fuel System,service,(via service_family_content),,,"Position: Tank additives are core preventive maintenance — MOC offers a four-product line backed by a 15,000-mile warranty on fuel pumps and fuel injectors when used per program. MOC Products is a separate company from Motorcraft (Ford OE) — based in Pacoima CA, mocproducts.com / mocwarranty.com / 800-928-9880.",cue,,published
Fuel System,service,(via service_family_content),,,"Position: Tank additives are core preventive maintenance — MOC offers a four-product line backed by a 15,000-mile warranty on fuel pumps and fuel injectors when used per program. MOC Products is a separate company from Motorcraft (Ford OE) — based in Pacoima CA, mocproducts.com / mocwarranty.com / 800-928-9880.",cue,,published
Fuel System,service,(via service_family_content),,,"Post-service idle relearn / adaptation is REQUIRED on virtually every modern vehicle — and skipping it causes the cleaning to look like a failure. Different brands use different procedures: Ford via FORScan or specific drive cycle, GM via Tech 2/GDS2 or 5-10 minute idle, Toyota via Techstream or drive cycle, Honda via specific ignition sequence, Mercedes via XENTRY adaptation, BMW via ISTA, VW/Audi via ODIS or VCDS basic settings. The system will not idle properly until the adaptation is complete.",cue,,published
Fuel System,service,(via service_family_content),,,"Post-service idle relearn / adaptation is REQUIRED on virtually every modern vehicle — and skipping it causes the cleaning to look like a failure. Different brands use different procedures: Ford via FORScan or specific drive cycle, GM via Tech 2/GDS2 or 5-10 minute idle, Toyota via Techstream or drive cycle, Honda via specific ignition sequence, Mercedes via XENTRY adaptation, BMW via ISTA, VW/Audi via ODIS or VCDS basic settings. The system will not idle properly until the adaptation is complete.",cue,,published
Fuel System,service,(via service_family_content),,,Practical guidance summary. **Port-injected engines:** chemical decarb services genuinely work and are appropriate maintenance. **Direct-injected engines without symptoms:** Top Tier fuel + oil catch,cue,,published
Fuel System,service,(via service_family_content),,,Practical guidance summary. **Port-injected engines:** chemical decarb services genuinely work and are appropriate maintenance. **Direct-injected engines without symptoms:** Top Tier fuel + oil catch,cue,,published
Fuel System,service,(via service_family_content),,,Preventive Framing,cue,,published
Fuel System,service,(via service_family_content),,,Preventive Framing,cue,,published
Fuel System,service,(via service_family_content),,,"Recommended cadence: every 5,000-7,500 miles, or at every oil change. This is the most frequent service-cadence recommendation in the master, which means tank additives are the most natural pair-sell",cue,,published
Fuel System,service,(via service_family_content),,,"Recommended cadence: every 5,000-7,500 miles, or at every oil change. This is the most frequent service-cadence recommendation in the master, which means tank additives are the most natural pair-sell",cue,,published
Fuel System,service,(via service_family_content),,,Rough Idle Story,cue,,published
Fuel System,service,(via service_family_content),,,STRATEGY 1: The Inspect-First Trust Play — Sometimes the Right Sale Is No Sale,cue,,published
Fuel System,service,(via service_family_content),,,STRATEGY 1: The Inspect-First Trust Play — Sometimes the Right Sale Is No Sale,cue,,published
Fuel System,service,(via service_family_content),,,"STRATEGY 2: The Symptom-Driven Service Authorization — When Service IS Justified, Lead With Confidence",cue,,published
Fuel System,service,(via service_family_content),,,"STRATEGY 2: The Symptom-Driven Service Authorization — When Service IS Justified, Lead With Confidence",cue,,published
Fuel System,service,(via service_family_content),,,STRATEGY 3: The Relearn-Required Education — Why the Service Includes the Adaptation,cue,,published
Fuel System,service,(via service_family_content),,,STRATEGY 3: The Relearn-Required Education — Why the Service Includes the Adaptation,cue,,published
Fuel System,service,(via service_family_content),,,SYMPTOM 1: Rough Idle or Stalling at Idle,cue,,published
Fuel System,service,(via service_family_content),,,SYMPTOM 1: Rough Idle or Stalling at Idle,cue,,published
Fuel System,service,(via service_family_content),,,SYMPTOM 2: Hesitation or Stumble on Acceleration,cue,,published
Fuel System,service,(via service_family_content),,,SYMPTOM 2: Hesitation or Stumble on Acceleration,cue,,published
Fuel System,service,(via service_family_content),,,"SYMPTOM 3: Check Engine Light with Throttle Position Codes (P0121, P0122, P0123)",cue,,published
Fuel System,service,(via service_family_content),,,SYMPTOM 4: Increased Fuel Consumption,cue,,published
Fuel System,service,(via service_family_content),,,SYMPTOM 4: Increased Fuel Consumption,cue,,published
Fuel System,service,(via service_family_content),,,SYMPTOM 5: Surging or Sputtering at Idle or Low Speed,cue,,published
Fuel System,service,(via service_family_content),,,SYMPTOM 5: Surging or Sputtering at Idle or Low Speed,cue,,published
Fuel System,service,(via service_family_content),,,SYMPTOM 5: Surging or Sputtering at Idle or Low Speed,cue,,published
Fuel System,service,(via service_family_content),,,Short-Trip Driver,cue,,published
Fuel System,service,(via service_family_content),,,Simple Pitch,cue,,published
Fuel System,service,(via service_family_content),,,"Strategy 1: The 'Restore Performance' Word Track (anchor opening). 'Are you familiar with our Tank Additives and what they do? Most fuel you buy is low on cleaner. They do that so the cost of gas doesn't go even higher. This cleaner will restore performance and comes with a 15,000 mile warranty.' Replaces technical chemistry with customer-friendly framing — names a familiar problem (cheap gas is low on cleaner), ties to felt outcome (restore performance), and surfaces tangible value (warranty).",cue,,published
Fuel System,service,(via service_family_content),,,"Strategy 1: The 'Restore Performance' Word Track (anchor opening). 'Are you familiar with our Tank Additives and what they do? Most fuel you buy is low on cleaner. They do that so the cost of gas doesn't go even higher. This cleaner will restore performance and comes with a 15,000 mile warranty.' Replaces technical chemistry with customer-friendly framing — names a familiar problem (cheap gas is low on cleaner), ties to felt outcome (restore performance), and surfaces tangible value (warranty).",cue,,published
Fuel System,service,(via service_family_content),,,"Strategy 1: The 'Stubborn Deposits' Word Track. Replace 'carbon build-up' with 'stubborn deposits that affect engine performance' on every fuel injection pitch. Anchor word track: 'Are you familiar with our fuel injection service? What we do is remove stubborn deposits that affect your engine's performance — restoring how it accelerates, idles, and uses fuel. The service comes with a 15,000-mile warranty.' Pairs with the Vocabulary & Language tab on customer-language reframes.",cue,,published
Fuel System,service,(via service_family_content),,,"Strategy 1: The 'Stubborn Deposits' Word Track. Replace 'carbon build-up' with 'stubborn deposits that affect engine performance' on every fuel injection pitch. Anchor word track: 'Are you familiar with our fuel injection service? What we do is remove stubborn deposits that affect your engine's performance — restoring how it accelerates, idles, and uses fuel. The service comes with a 15,000-mile warranty.' Pairs with the Vocabulary & Language tab on customer-language reframes.",cue,,published
Fuel System,service,(via service_family_content),,,Strategy 1: The Stubborn-Deposits Word Track. Replace 'carbon build-up' with 'stubborn deposits that cause your engine to run sluggish' on every decarb pitch. Anchor word track: 'Are you familiar with our Decarb Service here at ________? What we want to do is remove stubborn deposits that cause your engine to run sluggish. This will help with the performance of your vehicle and help avoid costly repairs and breakdowns.',cue,,published
Fuel System,service,(via service_family_content),,,Strategy 1: The Stubborn-Deposits Word Track. Replace 'carbon build-up' with 'stubborn deposits that cause your engine to run sluggish' on every decarb pitch. Anchor word track: 'Are you familiar with our Decarb Service here at ________? What we want to do is remove stubborn deposits that cause your engine to run sluggish. This will help with the performance of your vehicle and help avoid costly repairs and breakdowns.',cue,,published
Fuel System,service,(via service_family_content),,,"Strategy 2: Pair-Sell with Every Oil Change. Every customer authorizing an oil change is a tank additive candidate. The 5K-7.5K cadence matches oil change intervals exactly, making this the natural companion service. Standard close: 'While your oil is being changed, we'll also do your tank additive — same interval, gets the fuel system maintained too.'",cue,,published
Fuel System,service,(via service_family_content),,,"Strategy 2: Pair-Sell with Every Oil Change. Every customer authorizing an oil change is a tank additive candidate. The 5K-7.5K cadence matches oil change intervals exactly, making this the natural companion service. Standard close: 'While your oil is being changed, we'll also do your tank additive — same interval, gets the fuel system maintained too.'",cue,,published
Fuel System,service,(via service_family_content),,,"Strategy 2: Performance, Not Cleaning. Customers don't buy 'cleaning' — they buy better acceleration, smoother idle, restored fuel efficiency, and fewer drive-ability issues. Lead the pitch with the felt outcome the customer cares about, not the chemistry that produces it.",cue,,published
Fuel System,service,(via service_family_content),,,"Strategy 2: Performance, Not Cleaning. Customers don't buy 'cleaning' — they buy better acceleration, smoother idle, restored fuel efficiency, and fewer drive-ability issues. Lead the pitch with the felt outcome the customer cares about, not the chemistry that produces it.",cue,,published
Fuel System,service,(via service_family_content),,,"Strategy 2: The Sore-Throat Metaphor. 'Your fuel system is like your throat. Over time, deposits build up — like a sore throat. The fuel injection service is like cough drops and warm tea — it clears",cue,,published
Fuel System,service,(via service_family_content),,,"Strategy 2: The Sore-Throat Metaphor. 'Your fuel system is like your throat. Over time, deposits build up — like a sore throat. The fuel injection service is like cough drops and warm tea — it clears",cue,,published
Fuel System,service,(via service_family_content),,,"Strategy 3: The 90% Deposit Removal Stat. 'This will remove 90% of deposits on your injectors in a single tank of gas.' Concrete, memorable, customer-facing fact that converts the conversation from chemistry to performance. The single-tank claim is real (Enhance-level performance), and the 90% number is what customers remember and repeat.",cue,,published
Fuel System,service,(via service_family_content),,,Strategy 3: The Four-Step Close. (1) Identify the customer's specific symptom or maintenance milestone. (2) Connect the symptom to the fuel injection service ('your sluggish acceleration / your missed maintenance interval / your higher fuel costs'). (3) Surface the MOC 15K warranty value. (4) Confirm with assumptive language ('we'll go ahead and take care of that today'). The four-step structure produces materially higher authorization than scattered pitches.,cue,,published
Fuel System,service,(via service_family_content),,,Strategy 3: The Four-Step Close. (1) Identify the customer's specific symptom or maintenance milestone. (2) Connect the symptom to the fuel injection service ('your sluggish acceleration / your missed maintenance interval / your higher fuel costs'). (3) Surface the MOC 15K warranty value. (4) Confirm with assumptive language ('we'll go ahead and take care of that today'). The four-step structure produces materially higher authorization than scattered pitches.,cue,,published
Fuel System,service,(via service_family_content),,,"Strategy 3: Tiered Options — Good / Better / Best. Offer customers a range: Basic (fuel system cleaner only — FSC-017), Better (induction + throttle body — TBC-044 + FSC-017), Best (full four-area decarb service — FIC-046 with all four MOC products). Tiered options give the customer agency and produce authorization on at least one tier.",cue,,published
Fuel System,service,(via service_family_content),,,"Strategy 4: Hybrid Customer Education. 'Hybrids cycle the gas engine less — your fuel ages in the tank. So you need this MORE, not less.' Counterintuitive fact that converts a customer population that thinks they need LESS maintenance. Toyota Prius, Honda Hybrid, Ford Maverick Hybrid, Pacifica PHEV, RAV4 Hybrid — all candidates.",cue,,published
Fuel System,service,(via service_family_content),,,"Strategy 4: Hybrid Customer Education. 'Hybrids cycle the gas engine less — your fuel ages in the tank. So you need this MORE, not less.' Counterintuitive fact that converts a customer population that thinks they need LESS maintenance. Toyota Prius, Honda Hybrid, Ford Maverick Hybrid, Pacifica PHEV, RAV4 Hybrid — all candidates.",cue,,published
Fuel System,service,(via service_family_content),,,"Strategy 4: Plant the Seed for Next Visit. If customer declines decarb today, log the recommendation and surface it at the NEXT visit. 'No problem — let's revisit this around your next service.' Documents the conversation, preserves dignity, and produces 60-90% authorization on the followup visit because the customer has been thinking about it.",cue,,published
Fuel System,service,(via service_family_content),,,"Strategy 4: Plant the Seed for Next Visit. If customer declines decarb today, log the recommendation and surface it at the NEXT visit. 'No problem — let's revisit this around your next service.' Documents the conversation, preserves dignity, and produces 60-90% authorization on the followup visit because the customer has been thinking about it.",cue,,published
Fuel System,service,(via service_family_content),,,"Strategy 4: The MOC 15K Warranty Close (All-Tier). Per Mitch's all-tier instruction — every advisor surfaces the MOC 15,000-mile warranty on every fuel injection conversation. The warranty differentiates MOC service from generic chemistry. Frame: 'This service comes with a 15,000-mile warranty against fuel system failure on covered components — that protection alone is worth more than the cost of the service.'",cue,,published
Fuel System,service,(via service_family_content),,,"Strategy 4: The MOC 15K Warranty Close (All-Tier). Per Mitch's all-tier instruction — every advisor surfaces the MOC 15,000-mile warranty on every fuel injection conversation. The warranty differentiates MOC service from generic chemistry. Frame: 'This service comes with a 15,000-mile warranty against fuel system failure on covered components — that protection alone is worth more than the cost of the service.'",cue,,published
Fuel System,service,(via service_family_content),,,"Strategy 5: Entry-Level Service Builds Trust. Tank additive is low-cost, easy 'yes,' and builds customer trust on the first authorization. New advisor working a tough customer can use tank additive as the relationship-opener — small commitment, fast result, sets up larger authorizations on future visits. The yes-pattern starts here.",cue,,published
Fuel System,service,(via service_family_content),,,"Strategy 5: Entry-Level Service Builds Trust. Tank additive is low-cost, easy 'yes,' and builds customer trust on the first authorization. New advisor working a tough customer can use tank additive as the relationship-opener — small commitment, fast result, sets up larger authorizations on future visits. The yes-pattern starts here.",cue,,published
Fuel System,service,(via service_family_content),,,"Strategy 5: The Five-Category Fuel Sales Contest (Manager). Run a one-week contest ranking advisors in five categories: Fuel Injector Clean (FIC-045), Decarb Service (FIC-046), Throttle Body Clean (TBC-044), Tank Additive (FIC-047), and Overall Fuel Sales. Five winners, five recognition moments, five pattern-revealing data points. Cross-references the Manager Cue Nuggets entry.",cue,,published
Fuel System,service,(via service_family_content),,,"Strategy 5: The Test-Drive Callout (Strong tier). After authorization, remind the customer that the certified technician will perform a test drive after the service to verify the vehicle is returned running great. Test drive = visible quality control = trust = next-visit authorization.",cue,,published
Fuel System,service,(via service_family_content),,,"Strategy 6: NOT a Decarb Replacement. Tank additives MAINTAIN cleanliness; full decarb (FIC-046) REMOVES existing carbon. Customer with documented symptoms (rough idle, misfires, power loss) needs decarb (or walnut blasting on DI) — not just tank additives. Honest disclosure on this distinction protects the relationship and prevents the 'I poured the bottle in and the misfire didn't go away' upset.",cue,,published
Fuel System,service,(via service_family_content),,,"Strategy 6: NOT a Decarb Replacement. Tank additives MAINTAIN cleanliness; full decarb (FIC-046) REMOVES existing carbon. Customer with documented symptoms (rough idle, misfires, power loss) needs decarb (or walnut blasting on DI) — not just tank additives. Honest disclosure on this distinction protects the relationship and prevents the 'I poured the bottle in and the misfire didn't go away' upset.",cue,,published
Fuel System,service,(via service_family_content),,,"Strategy 6: Tank Additive Warranty + Drive-ability Piggyback (Elite tier). Pair FIC-046 Decarb Service with FIC-047 Tank Additive — extends warranty to 15,000 miles on fuel pumps and fuel injectors. Piggyback decarb with any drive-ability concern from write-up: sluggish acceleration, rough idle, hesitation, delayed throttle response. The warranty AND piggyback together = Elite production.",cue,,published
Fuel System,service,(via service_family_content),,,"Strategy 7: Driving Habits Modifier. Recommend more frequent tank additive use for short trips, stop-and-go driving, extended idle, and turbocharged engines. Customer with a 5-mile commute, a fleet truck, a turbo daily driver, or a hybrid that mostly runs on electric — all need tighter intervals than the standard 5K-7.5K. Customer-specific recommendation matches actual driving.",cue,,published
Fuel System,service,(via service_family_content),,,"Strategy 8: The Five-Category Fuel Sales Contest (Manager). Run a one-week contest ranking advisors in five categories: Fuel Injector Clean (FIC-045), Decarb Service (FIC-046), Throttle Body Clean (TBC-044), Tank Additive (FIC-047), and Overall Fuel Sales. Five winners, five recognition moments, five pattern-revealing data points. Tank additive often emerges as the gateway category — advisors strong in tank additive build the trust that produces other authorizations.",cue,,published
Fuel System,service,(via service_family_content),,,"Strong-tier advisors selling Decarb Service should add the test-drive callout to their close. After the customer authorizes, remind them that the certified technician will perform a test drive after the service to verify the vehicle is returned running great. The test drive does two things at once: gives the customer a tangible quality-control story to take with them, and reframes the decarb service as a verified-result service rather than a behind-the-scenes chemistry treatment. Customers value services they can SEE the verification on. The test drive is the verification.",cue,,published
Fuel System,service,(via service_family_content),,,Symptoms,cue,,published
Fuel System,service,(via service_family_content),,,Tank Additive Purpose,cue,,published
Fuel System,service,(via service_family_content),,,"Tank additives are NOT a replacement for full decarb service (FIC-046). Tank additives MAINTAIN cleanliness; decarb services REMOVE existing carbon buildup. Customer with documented carbon symptoms (rough idle, misfires, power loss) needs decarb (or walnut blasting on DI engines) — not just tank additives. Honest disclosure on this distinction protects the customer-advisor relationship and prevents the 'I poured the bottle in and the misfire didn't go away' upset.",cue,,published
Fuel System,service,(via service_family_content),,,"Tank additives are NOT a replacement for full decarb service (FIC-046). Tank additives MAINTAIN cleanliness; decarb services REMOVE existing carbon buildup. Customer with documented carbon symptoms (rough idle, misfires, power loss) needs decarb (or walnut blasting on DI engines) — not just tank additives. Honest disclosure on this distinction protects the customer-advisor relationship and prevents the 'I poured the bottle in and the misfire didn't go away' upset.",cue,,published
Fuel System,service,(via service_family_content),,,"Tank additives clean and maintain the entire fuel system — injectors, fuel rails, combustion chambers, and intake valves on port-injected applications. They work through normal combustion as the fuel",cue,,published
Fuel System,service,(via service_family_content),,,"Tank additives clean and maintain the entire fuel system — injectors, fuel rails, combustion chambers, and intake valves on port-injected applications. They work through normal combustion as the fuel",cue,,published
Fuel System,service,(via service_family_content),,,Throat Analogy,cue,,published
Fuel System,service,(via service_family_content),,,Throttle Body Purpose,cue,,published
Fuel System,service,(via service_family_content),,,Throttle Body Tip,cue,,published
Fuel System,service,(via service_family_content),,,"Throttle body cleaning is one of the most controversial services in modern service drives. Most automakers explicitly recommend AGAINST routine cleaning unless a specific driveability complaint exists — because modern throttle bodies use special bore coatings that aggressive cleaners damage, and the cleaning itself often creates the very problems it was supposed to fix.",cue,,published
Fuel System,service,(via service_family_content),,,"Throttle body cleaning is one of the most controversial services in modern service drives. Most automakers explicitly recommend AGAINST routine cleaning unless a specific driveability complaint exists — because modern throttle bodies use special bore coatings that aggressive cleaners damage, and the cleaning itself often creates the very problems it was supposed to fix.",cue,,published
Fuel System,service,(via service_family_content),,,"Throttle body service is justified — and often necessary — when one of five customer symptoms is present: rough idle or stalling, hesitation on acceleration, check engine light with throttle position",cue,,published
Fuel System,service,(via service_family_content),,,"Throttle body service is justified — and often necessary — when one of five customer symptoms is present: rough idle or stalling, hesitation on acceleration, check engine light with throttle position",cue,,published
Fuel System,service,(via service_family_content),,,Time + Mileage Frame,cue,,published
Fuel System,service,(via service_family_content),,,Time + Mileage Frame,cue,,published
Fuel System,service,(via service_family_content),,,"Top Tier gasoline is the primary preventive measure for carbon buildup — every major OEM (Ford, GM, Toyota, Honda, Hyundai, Mazda, Subaru, BMW, Mercedes, VW/Audi) recommends it. Top Tier brands include Costco, Shell, Chevron, Texaco, BP, Exxon, Mobil, Conoco, Phillips 66, 76. The detergent additive packages in Top Tier gasoline are formulated to keep injectors and intake valves clean. Customers buying gas at the cheapest non-Top-Tier pump are paying for it later in injector deposits, intake valve carbon, and decarb services. Decarb is supplemental to Top Tier — not a substitute for it.",cue,,published
Fuel System,service,(via service_family_content),,,"Top Tier gasoline is the primary preventive measure for carbon buildup — every major OEM (Ford, GM, Toyota, Honda, Hyundai, Mazda, Subaru, BMW, Mercedes, VW/Audi) recommends it. Top Tier brands include Costco, Shell, Chevron, Texaco, BP, Exxon, Mobil, Conoco, Phillips 66, 76. The detergent additive packages in Top Tier gasoline are formulated to keep injectors and intake valves clean. Customers buying gas at the cheapest non-Top-Tier pump are paying for it later in injector deposits, intake valve carbon, and decarb services. Decarb is supplemental to Top Tier — not a substitute for it.",cue,,published
Fuel System,service,(via service_family_content),,,"Top Tier gasoline is the primary preventive measure for fuel injection system health — every major OEM (Ford, GM, Toyota, Honda, Hyundai, Mazda, Subaru, BMW, Mercedes, VW/Audi) recommends it. Top Tier brands include Costco, Shell, Chevron, Texaco, BP, Exxon, Mobil, Conoco, Phillips 66, 76. The detergent additive packages in Top Tier gasoline are formulated to keep injectors and intake valves clean. Customers buying gas at the cheapest non-Top-Tier pump are paying for it later in injector deposits, intake valve carbon, and fuel system services. Fuel injection service is supplemental to Top Tier — not a substitute for it.",cue,,published
Fuel System,service,(via service_family_content),,,"Top Tier gasoline is the primary preventive measure for fuel injection system health — every major OEM (Ford, GM, Toyota, Honda, Hyundai, Mazda, Subaru, BMW, Mercedes, VW/Audi) recommends it. Top Tier brands include Costco, Shell, Chevron, Texaco, BP, Exxon, Mobil, Conoco, Phillips 66, 76. The detergent additive packages in Top Tier gasoline are formulated to keep injectors and intake valves clean. Customers buying gas at the cheapest non-Top-Tier pump are paying for it later in injector deposits, intake valve carbon, and fuel system services. Fuel injection service is supplemental to Top Tier — not a substitute for it.",cue,,published
Fuel System,service,(via service_family_content),,,Turbo Focus,cue,,published
Fuel System,service,(via service_family_content),,,Turbo Warning,cue,,published
Fuel System,service,(via service_family_content),,,"Use 'stubborn deposits that affect engine performance' instead of 'carbon build-up' when explaining the service to customers. Most customers don't know what carbon build-up means — the phrase sounds technical and vague, which means the customer's most likely response is to nod politely and decline. 'Stubborn deposits affecting performance' names a problem the customer recognizes and connects to a felt symptom. Customers don't authorize what they don't understand. They authorize relief from problems they recognize. Cross-references the Vocabulary & Language tab.",cue,,published
Fuel System,service,(via service_family_content),,,"Use 'stubborn deposits that affect engine performance' instead of 'carbon build-up' when explaining the service to customers. Most customers don't know what carbon build-up means — the phrase sounds technical and vague, which means the customer's most likely response is to nod politely and decline. 'Stubborn deposits affecting performance' names a problem the customer recognizes and connects to a felt symptom. Customers don't authorize what they don't understand. They authorize relief from problems they recognize. Cross-references the Vocabulary & Language tab.",cue,,published
Fuel System,service,(via service_family_content),,,Use 'stubborn deposits that cause your engine to run sluggish' instead of 'carbon build-up' when explaining the service to customers. Most customers don't know what carbon build-up means — the phrase,cue,,published
Fuel System,service,(via service_family_content),,,Use 'stubborn deposits that cause your engine to run sluggish' instead of 'carbon build-up' when explaining the service to customers. Most customers don't know what carbon build-up means — the phrase,cue,,published
Fuel System,service,(via service_family_content),,,Warranty,cue,,published
Fuel System,service,(via service_family_content),,,Warranty Extension,cue,,published
Fuel System,service,(via service_family_content),,,"Warranty-coverage REALITY CHECK by OEM. Most customers assume the powertrain warranty fully covers fuel system components. The reality is more nuanced. Fuel injectors and high-pressure direct-injection pumps are typically covered under POWERTRAIN warranty (5yr/60K for most American/Asian; 4yr/50K bumper-to-bumper-only for European premium brands; 10yr/100K for Hyundai/Kia/Genesis as industry leader). Low-pressure in-tank fuel pumps are typically only under BUMPER-TO-BUMPER warranty (3-5 years depending on brand). After bumper-to-bumper expires, customers pay for low-pressure pump failures even while still under 'powertrain warranty.' Service writers who name this honestly prevent the angry-customer-later scenario.",cue,,published
Fuel System,service,(via service_family_content),,,"Warranty-coverage REALITY CHECK by OEM. Most customers assume the powertrain warranty fully covers fuel system components. The reality is more nuanced. Fuel injectors and high-pressure direct-injection pumps are typically covered under POWERTRAIN warranty (5yr/60K for most American/Asian; 4yr/50K bumper-to-bumper-only for European premium brands; 10yr/100K for Hyundai/Kia/Genesis as industry leader). Low-pressure in-tank fuel pumps are typically only under BUMPER-TO-BUMPER warranty (3-5 years depending on brand). After bumper-to-bumper expires, customers pay for low-pressure pump failures even while still under 'powertrain warranty.' Service writers who name this honestly prevent the angry-customer-later scenario.",cue,,published
Fuel System,service,(via service_family_content),,,"Warranty-coverage REALITY CHECK by OEM. Most customers assume the powertrain warranty fully covers fuel system components. The reality is more nuanced. Fuel injectors and high-pressure direct-injection pumps are typically covered under POWERTRAIN warranty (5yr/60K for most American/Asian; 4yr/50K bumper-to-bumper-only for European premium brands; 10yr/100K for Hyundai/Kia/Genesis as industry leader). Low-pressure in-tank fuel pumps are typically only under BUMPER-TO-BUMPER warranty (3-5 years depending on brand). After bumper-to-bumper expires, customers pay for low-pressure pump failures even while still under 'powertrain warranty.' Service writers who name this honestly prevent the angry-customer-later scenario.",cue,,published
Fuel System,service,(via service_family_content),,,Where OEMs and chemical service companies AGREE: All agree TOP TIER FUEL is the primary preventive measure for fuel injection system health. Customer education on Top Tier as primary prevention is universal across every manufacturer and every chemistry brand. This is the foundation that everything else builds on — and it's the position no industry player disputes.,cue,,published
Fuel System,service,(via service_family_content),,,Where OEMs and chemical service companies AGREE: All agree TOP TIER FUEL is the primary preventive measure for fuel injection system health. Customer education on Top Tier as primary prevention is universal across every manufacturer and every chemistry brand. This is the foundation that everything else builds on — and it's the position no industry player disputes.,cue,,published
Fuel System,service,(via service_family_content),,,"Word track reframe: 'Are you familiar with our Tank Additives and what they do? Most fuel you buy is low on cleaner. They do that so the cost of gas doesn't go even higher. This cleaner will restore performance and comes with a 15,000 mile warranty.' Replaces technical chemistry language with customer-friendly framing that names a familiar problem (cheap gas is low on cleaner) and ties the additive to a felt outcome (restore performance) plus a tangible value (warranty).",cue,,published
Fuel System,service,(via service_family_content),,,"Word track reframe: 'Are you familiar with our Tank Additives and what they do? Most fuel you buy is low on cleaner. They do that so the cost of gas doesn't go even higher. This cleaner will restore performance and comes with a 15,000 mile warranty.' Replaces technical chemistry language with customer-friendly framing that names a familiar problem (cheap gas is low on cleaner) and ties the additive to a felt outcome (restore performance) plus a tangible value (warranty).",cue,,published
HVAC,service,(via service_family_content),,,After-MPI,advisor_video,319,published
HVAC,service,(via service_family_content),,,At the Kiosk,advisor_video,273,published
HVAC,service,(via service_family_content),,,At the Kiosk,advisor_video,318,published
HVAC,service,(via service_family_content),,,At the Kiosk,advisor_video,70,published
HVAC,service,(via service_family_content),,,MPI Setup,advisor_video,264,published
HVAC,service,(via service_family_content),,,MPI Setup,advisor_video,67,published
HVAC,service,(via service_family_content),,,On the Drive,advisor_video,223,published
HVAC,service,(via service_family_content),,,On the Drive,advisor_video,238,published
HVAC,service,(via service_family_content),,,On the Drive,advisor_video,314,published
HVAC,service,(via service_family_content),,,Part 2,advisor_video,295,published
HVAC,service,(via service_family_content),,,"A/C Odor Treatment (PN 1050, 5 oz aerosol, Clean Scent).",cue,,published
HVAC,service,(via service_family_content),,,"A/C Quiet MAX (PN 0136 — available as PN 01361 2 oz / PN 01368 8 oz, Universal Refrigerant Lubricant).",cue,,published
HVAC,service,(via service_family_content),,,"A/C SERVICE IS THE SEASONAL INCOME CATEGORY THAT HITS TWICE A YEAR (spring A/C prep + fall heating prep), with year-round odor and disinfection opportunities.",cue,,published
HVAC,service,(via service_family_content),,,"A/C STILL REQUIRES SERVICE — POE OIL ONLY ON ELECTRIC COMPRESSORS, NEVER PAG.",cue,,published
HVAC,service,(via service_family_content),,,"A/C service has BROAD industry consensus on the underlying reality — the R-134a to R-1234yf REFRIGERANT TRANSITION is the biggest A/C industry change in 25 years, EPA SECTION 609 CERTIFICATION is the legal foundation of automotive A/C service, and MOLD/MILDEW IN THE EVAPORATOR is the most common A/C complaint customers bring in.",cue,,published
HVAC,service,(via service_family_content),,,ANNUAL A/C INSPECTION BEFORE PEAK SUMMER IS THE INDUSTRY BEST PRACTICE — catch leaks before customer complaints start.,cue,,published
HVAC,service,(via service_family_content),,,"ArcticBlast (PN 0620, 10 ml syringe, A/C Performance Enhancer).",cue,,published
HVAC,service,(via service_family_content),,,Available globally for international and import-focused service operations including specific products for emerging markets.,cue,,published
HVAC,service,(via service_family_content),,,BG recommends annual A/C service before peak summer season — reflecting BG's preventive-maintenance philosophy.,cue,,published
HVAC,service,(via service_family_content),,,"BUMPER-TO-BUMPER COVERAGE: 3-year/36,000-mile bumper-to-bumper (Honda).",cue,,published
HVAC,service,(via service_family_content),,,"BUMPER-TO-BUMPER COVERAGE: 3-year/36,000-mile bumper-to-bumper (Nissan).",cue,,published
HVAC,service,(via service_family_content),,,"BUMPER-TO-BUMPER COVERAGE: 3-year/36,000-mile bumper-to-bumper (Toyota).",cue,,published
HVAC,service,(via service_family_content),,,"BUMPER-TO-BUMPER COVERAGE: 3-year/36,000-mile bumper-to-bumper.",cue,,published
HVAC,service,(via service_family_content),,,"BUMPER-TO-BUMPER COVERAGE: 3-year/36,000-mile bumper-to-bumper.",cue,,published
HVAC,service,(via service_family_content),,,"BUMPER-TO-BUMPER COVERAGE: 3-year/36,000-mile bumper-to-bumper.",cue,,published
HVAC,service,(via service_family_content),,,"BUMPER-TO-BUMPER COVERAGE: 3-year/36,000-mile bumper-to-bumper.",cue,,published
HVAC,service,(via service_family_content),,,"BUMPER-TO-BUMPER COVERAGE: 3-year/36,000-mile bumper-to-bumper.",cue,,published
HVAC,service,(via service_family_content),,,"BUMPER-TO-BUMPER COVERAGE: 4-year/50,000-mile bumper-to-bumper.",cue,,published
HVAC,service,(via service_family_content),,,"BUMPER-TO-BUMPER COVERAGE: 4-year/50,000-mile bumper-to-bumper.",cue,,published
HVAC,service,(via service_family_content),,,"BUMPER-TO-BUMPER COVERAGE: 4-year/50,000-mile bumper-to-bumper.",cue,,published
HVAC,service,(via service_family_content),,,"BUMPER-TO-BUMPER COVERAGE: 5-year/60,000-mile bumper-to-bumper — LONGER THAN MOST COMPETITORS.",cue,,published
HVAC,service,(via service_family_content),,,"Common BMW issues: condenser leaks, blower motor failures, IHKA (climate control) module issues, water-pump-driven coolant heat exchanger failures.",cue,,published
HVAC,service,(via service_family_content),,,"Common Ford issues: condenser leaks (rock impact in front-end), evaporator core failures on legacy 5.4L applications, compressor clutch wear.",cue,,published
HVAC,service,(via service_family_content),,,"Common Mercedes issues: ACC (Automatic Climate Control) system failures, evaporator core leaks, blend-door actuator wear.",cue,,published
HVAC,service,(via service_family_content),,,"Common Subaru issues: condenser leaks in salt-air environments, expansion valve problems, blower motor failures.",cue,,published
HVAC,service,(via service_family_content),,,"Common VW/Audi issues: HVAC blend-door actuator failures, climate control module issues, evaporator core leaks.",cue,,published
HVAC,service,(via service_family_content),,,EPA SECTION 609 CERTIFICATION IS REQUIRED for any technician handling automotive refrigerant in the United States.,cue,,published
HVAC,service,(via service_family_content),,,EV AND HYBRID ELECTRIC COMPRESSORS USE POE OIL ONLY — NEVER PAG OIL.,cue,,published
HVAC,service,(via service_family_content),,,EV AND HYBRID ELECTRIC COMPRESSORS USE POE OIL ONLY — NEVER PAG OIL.,cue,,published
HVAC,service,(via service_family_content),,,"Evaporator Core Cleaner (PN 1052, 10 oz aerosol foam, Patented Process).",cue,,published
HVAC,service,(via service_family_content),,,Ford uses Motorcraft FS-65 PAG oil for R-134a applications and Motorcraft YN-35 PAG oil for R-1234yf applications.,cue,,published
HVAC,service,(via service_family_content),,,"Frontier, Titan, Pathfinder, and Armada with crew cab applications have larger refrigerant capacities.",cue,,published
HVAC,service,(via service_family_content),,,"Genesis G80, G90, GV70, GV80 have premium A/C with multi-zone climate control.",cue,,published
HVAC,service,(via service_family_content),,,"HONDA HYBRID MODELS (Accord Hybrid, CR-V Hybrid, Insight) USE ELECTRIC A/C COMPRESSORS WITH POE OIL.",cue,,published
HVAC,service,(via service_family_content),,,"Honda Pilot, Passport, Ridgeline, Acura MDX have rear A/C requiring more refrigerant per service.",cue,,published
HVAC,service,(via service_family_content),,,MITCH'S BEAT THE HEAT PROGRAM.,cue,,published
HVAC,service,(via service_family_content),,,"MOC A/C Service Equipment — Universal Misting Gun (for Odor-B-Gone Liquid), A/C Injector Tool #76004 (for A/C Quiet MAX), ArcticBlast Injector Tools (#76008 for R-134a; #76025 for R-1234yf), Evaporator Core Cleaner hose assembly and case adapter (included with PN 1052).",cue,,published
HVAC,service,(via service_family_content),,,"MOLD AND MILDEW IN THE EVAPORATOR IS THE MOST COMMON A/C COMPLAINT — fast turnaround, low-cost service, customers love the result.",cue,,published
HVAC,service,(via service_family_content),,,"Mazda's i-stop start-stop system causes more A/C compressor cycling than non-stop-start vehicles, contributing to faster compressor wear.",cue,,published
HVAC,service,(via service_family_content),,,"Multi-step approach combining lubrication, cleaning, and refrigerant management as comprehensive maintenance.",cue,,published
HVAC,service,(via service_family_content),,,"Odor-B-Gone Fogger (PN 1065, 5 oz aerosol).",cue,,published
HVAC,service,(via service_family_content),,,"Odor-B-Gone Liquid (PN 0650 Unscented / PN 0651 New Car Scent, 8 oz).",cue,,published
HVAC,service,(via service_family_content),,,Position A/C service as INEXPENSIVE INSURANCE vs the cost of compressor or evaporator replacement after fluid neglect.,cue,,published
HVAC,service,(via service_family_content),,,Position: A/C service products with motorsport heritage.,cue,,published
HVAC,service,(via service_family_content),,,Position: COMPREHENSIVE 7-PRODUCT A/C AND HVAC LINEUP COVERING EVERY ANGLE OF A/C SERVICE.,cue,,published
HVAC,service,(via service_family_content),,,Position: Premium A/C service products with strong European market presence.,cue,,published
HVAC,service,(via service_family_content),,,Position: Strong A/C service program with the BG Frigi-Charge system.,cue,,published
HVAC,service,(via service_family_content),,,Practical guidance summary.,cue,,published
HVAC,service,(via service_family_content),,,REFRIGERANT TRANSITION TIMELINE: F-150 transitioned to R-1234yf in 2017-2018; Mustang in 2015; Explorer in 2018; Escape in 2017-2018.,cue,,published
HVAC,service,(via service_family_content),,,REFRIGERANT TRANSITION: BMW transitioned to R-1234yf in 2014-2017 — early adopter alongside Mercedes.,cue,,published
HVAC,service,(via service_family_content),,,REFRIGERANT TRANSITION: GM transitioned to R-1234yf approximately 2017-2018 across most light-duty applications.,cue,,published
HVAC,service,(via service_family_content),,,"REFRIGERANT TRANSITION: Honda transitioned to R-1234yf in 2017-2018, starting with Civic.",cue,,published
HVAC,service,(via service_family_content),,,REFRIGERANT TRANSITION: Hyundai/Kia transitioned to R-1234yf approximately 2017-2019.,cue,,published
HVAC,service,(via service_family_content),,,REFRIGERANT TRANSITION: Mazda transitioned to R-1234yf approximately 2017-2018 across SkyActiv platform vehicles.,cue,,published
HVAC,service,(via service_family_content),,,REFRIGERANT TRANSITION: Mercedes was AN EARLY ADOPTER — transitioned to R-1234yf in 2014-2017 — among the EARLIEST OEMs to make the change.,cue,,published
HVAC,service,(via service_family_content),,,REFRIGERANT TRANSITION: Nissan transitioned to R-1234yf approximately 2017-2019.,cue,,published
HVAC,service,(via service_family_content),,,REFRIGERANT TRANSITION: Stellantis transitioned to R-1234yf approximately 2015-2017 across most applications.,cue,,published
HVAC,service,(via service_family_content),,,REFRIGERANT TRANSITION: Subaru transitioned to R-1234yf approximately 2018-2020 — among the LATER adopters.,cue,,published
HVAC,service,(via service_family_content),,,"REFRIGERANT TRANSITION: Toyota transitioned to R-1234yf in 2015-2017 — PRIUS LED THE TRANSITION, followed by RAV4, Camry, and others.",cue,,published
HVAC,service,(via service_family_content),,,REFRIGERANT TRANSITION: VW/Audi transitioned to R-1234yf in 2014-2017 — early adopter alongside Mercedes and BMW.,cue,,published
HVAC,service,(via service_family_content),,,Ram 1500/2500/3500 with crew cab and Mega Cab applications have larger refrigerant capacities.,cue,,published
HVAC,service,(via service_family_content),,,Strategy 1: The 'How Is Your Air Conditioning Working' Opening.,cue,,published
HVAC,service,(via service_family_content),,,"Strategy 2: ArcticBlast — 45 Seconds, Every Customer, No Exceptions.",cue,,published
HVAC,service,(via service_family_content),,,Strategy 3: BEAT THE HEAT Program.,cue,,published
HVAC,service,(via service_family_content),,,Strategy 4: Cabin Filter Piggyback — Every Filter Is an A/C Conversation.,cue,,published
HVAC,service,(via service_family_content),,,Strategy 7: Refrigerant Identification — Customer-Cost Honesty.,cue,,published
HVAC,service,(via service_family_content),,,Strategy 7: The A/C POE Oil Critical Awareness.,cue,,published
HVAC,service,(via service_family_content),,,Strong dealer network with backed warranties on BG-treated systems through the BG Lifetime Protection Plan.,cue,,published
HVAC,service,(via service_family_content),,,"Suburban, Yukon XL, and Escalade ESV with rear A/C have larger refrigerant capacities.",cue,,published
HVAC,service,(via service_family_content),,,THE CABIN AIR FILTER PAIRING — CRITICAL CROSS-SELL.,cue,,published
HVAC,service,(via service_family_content),,,"THE EQS, EQE, EQB, EQS SUV, AND OTHER MERCEDES EVs USE R-1234yf WITH ELECTRIC COMPRESSORS AND HEAT PUMP SYSTEMS.",cue,,published
HVAC,service,(via service_family_content),,,"THE HUMMER EV, SILVERADO EV, LYRIQ, BOLT EV USE R-1234yf WITH ELECTRIC COMPRESSORS AND POE OIL.",cue,,published
HVAC,service,(via service_family_content),,,"THE ID.4, ID.BUZZ, AUDI Q4 e-tron, Q6 e-tron, Q8 e-tron, e-tron GT, AND OTHER VW/AUDI EVs USE R-1234yf WITH ELECTRIC COMPRESSORS.",cue,,published
HVAC,service,(via service_family_content),,,"THE IONIQ 5, IONIQ 6, EV6, EV9, GENESIS EVs USE R-1234yf WITH ELECTRIC COMPRESSORS AND POE OIL.",cue,,published
HVAC,service,(via service_family_content),,,"THE LEAF AND ARIYA EVs USE R-1234yf WITH ELECTRIC COMPRESSORS AND HEAT PUMP TECHNOLOGY for both cooling AND heating — like Toyota's hybrid heat pump systems, service procedures differ from conventional A/C.",cue,,published
HVAC,service,(via service_family_content),,,THE MX-30 EV USES R-1234yf WITH ELECTRIC COMPRESSOR AND POE OIL.,cue,,published
HVAC,service,(via service_family_content),,,THE PACIFICA HYBRID USES ELECTRIC A/C COMPRESSOR WITH POE OIL.,cue,,published
HVAC,service,(via service_family_content),,,THE R-1234yf TRANSITION HAS CHANGED THE COST OF MAJOR REPAIRS SIGNIFICANTLY.,cue,,published
HVAC,service,(via service_family_content),,,THE R-134a TO R-1234yf REFRIGERANT TRANSITION IS THE SINGLE BIGGEST A/C INDUSTRY CHANGE IN 25 YEARS.,cue,,published
HVAC,service,(via service_family_content),,,THE SOLTERRA EV USES R-1234yf WITH ELECTRIC COMPRESSOR AND POE OIL (shared platform with Toyota bZ4X).,cue,,published
HVAC,service,(via service_family_content),,,"THE i4, iX, i5, i7, iX3, AND OTHER BMW EVs USE R-1234yf WITH ELECTRIC COMPRESSORS AND HEAT PUMP SYSTEMS.",cue,,published
HVAC,service,(via service_family_content),,,"TOYOTA HYBRID MODELS (Prius, Camry Hybrid, RAV4 Hybrid, Highlander Hybrid) USE ELECTRIC A/C COMPRESSORS WITH POE OIL ONLY.",cue,,published
HVAC,service,(via service_family_content),,,Tested against extreme operating conditions — Bardahl's formulations are designed for vehicles operating in extreme conditions ranging from desert heat to Arctic cold.,cue,,published
HVAC,service,(via service_family_content),,,The Tundra and Sequoia with rear A/C use larger refrigerant capacities.,cue,,published
HVAC,service,(via service_family_content),,,"Wynn's has been around since 1939 with field-proven A/C product formulations across decades of refrigerant transitions including CFC, HFC, and the current HFO refrigerants.",cue,,published
Lighting,service,(via service_family_content),,,Anchor word track (walk-around discovery): 'One thing I noticed is your headlights are starting to haze over.,cue,,published
Lighting,service,(via service_family_content),,,"Benefit 10: Helps Pass Safety Inspections — In some states, heavily oxidized headlights can contribute to inspection failures.",cue,,published
Lighting,service,(via service_family_content),,,"Benefit 1: Improved Night Visibility — Restoring cloudy or oxidized headlights dramatically increases light output, helping drivers see farther and clearer at night.",cue,,published
Lighting,service,(via service_family_content),,,Benefit 2: Enhanced Safety — Better visibility produces faster reaction time.,cue,,published
Lighting,service,(via service_family_content),,,"Benefit 3: Restores Vehicle Appearance — Yellowed headlights make even a clean, well-maintained vehicle look aged and neglected.",cue,,published
Lighting,service,(via service_family_content),,,"Benefit 4: Cost Savings vs Replacement — New headlight assemblies can cost hundreds, often $1,000+ per side on modern vehicles.",cue,,published
Lighting,service,(via service_family_content),,,"Benefit 5: Increased Resale Value — A vehicle with clear headlights looks better maintained, which positively influences trade-in or resale value.",cue,,published
Lighting,service,(via service_family_content),,,Benefit 6: Better Light Output (Performance) — Oxidation blocks light.,cue,,published
Lighting,service,(via service_family_content),,,Benefit 7: UV Protection Added — Most professional restorations include a UV sealant that helps prevent future fading and oxidation.,cue,,published
Lighting,service,(via service_family_content),,,"Benefit 8: Quick Service, High Impact — Typically completed in under an hour.",cue,,published
Lighting,service,(via service_family_content),,,"Benefit 9: Improved Customer Confidence — Drivers feel safer and more confident driving at night, in fog, in heavy rain, and in bad weather generally after restoration.",cue,,published
Lighting,service,(via service_family_content),,,Headlight oxidation can reduce light output by up to 80 percent.,cue,,published
Lighting,service,(via service_family_content),,,"Headlight restoration is a multi-step polishing-and-sealing service that removes oxidation and yellowing from headlight lenses, then applies a UV-protective sealant to slow future fading.",cue,,published
Lighting,service,(via service_family_content),,,Look up during every walk-around.,cue,,published
Lighting,service,(via service_family_content),,,Restoration vs replacement is a 10-to-1 cost ratio.,cue,,published
Lighting,service,(via service_family_content),,,Typical restoration service time is under one hour.,cue,,published
Lighting,service,(via service_family_content),,,Use the MPI before-and-after photo.,cue,,published
Lighting,service,(via service_family_content),,,Variation A (the 80% stat opener): 'During the walk-around I noticed oxidation on your headlight lenses.,cue,,published
Lighting,service,(via service_family_content),,,Variation B (the cost-comparison opener): 'New headlight assemblies on your vehicle run about $[X] to $[Y] per side — sometimes more on the LED ones.,cue,,published
Lighting,service,(via service_family_content),,,Variation C (the brighter-bulbs redirect): 'You mentioned wanting brighter headlights.,cue,,published
Oil Change,service,(via service_family_content),,,"The MOC Products Limited Warranty is a vehicle protection program backed by MOC Products Company, Inc.",cue,,published
Spark Plugs,service,(via service_family_content),,,"Always replace ALL plugs as a set — never one or two. Plugs wear at the same rate across all cylinders, and a partial replacement creates inconsistent combustion that the ECU detects and tries to compensate for, often producing fault codes attributed to the wrong system.",cue,,published
Spark Plugs,service,(via service_family_content),,,"Always replace ALL plugs as a set — never one or two. Plugs wear at the same rate across all cylinders, and a partial replacement creates inconsistent combustion that the ECU detects and tries to compensate for, often producing fault codes attributed to the wrong system.",cue,,published
Spark Plugs,service,(via service_family_content),,,Catalytic Converter Save,cue,,published
Spark Plugs,service,(via service_family_content),,,Coil-on-Plug Bundle,cue,,published
Spark Plugs,service,(via service_family_content),,,"Coil-on-plug (COP) ignition is standard on virtually every vehicle built since the late 1990s — and a failing coil produces symptoms identical to a fouled plug (misfire, rough idle, check engine light). Always inspect coils when replacing plugs; replacing one without checking the other is a comeback waiting to happen.",cue,,published
Spark Plugs,service,(via service_family_content),,,"Comprehensive product line covering every vehicle type — Niterra produces spark plugs for everything from lawn mowers and chainsaws to passenger cars, motorcycles, racing applications (NHRA, NASCAR, Formula 1 historically), aircraft, and industrial equipment. The engineering depth and testing experience flow back into every product line.",cue,,published
Spark Plugs,service,(via service_family_content),,,"EVs and hybrid traction motors don't use spark plugs since electric motors don't combust fuel. Hybrids still have plugs on the gas engine portion, but pure EVs have zero ignition system service.",cue,,published
Spark Plugs,service,(via service_family_content),,,"EVs and hybrid traction motors don't use spark plugs since electric motors don't combust fuel. Hybrids still have plugs on the gas engine portion, but pure EVs have zero ignition system service.",cue,,published
Spark Plugs,service,(via service_family_content),,,"Industry-pioneering iridium technology — NGK developed and popularized iridium tip technology for production spark plugs, with the iridium IX line establishing the industry benchmark. Iridium has the",cue,,published
Spark Plugs,service,(via service_family_content),,,Interval by Type,cue,,published
Spark Plugs,service,(via service_family_content),,,Iridium Premium,cue,,published
Spark Plugs,service,(via service_family_content),,,"Iridium tip technology is the modern standard — and the difference between iridium and platinum isn't a marketing tier, it's a real engineering advantage. Iridium melts at 4,470°F (vs 3,225°F for platinum), enabling a 0.4-0.6mm center electrode (vs 1.1mm for platinum). The smaller tip concentrates the spark, improves cold-start ignition, and extends service life to 100,000+ miles.",cue,,published
Spark Plugs,service,(via service_family_content),,,"Largest spark plug manufacturer in the world — Niterra (rebranded from NGK in April 2023) produces approximately 1 billion spark plugs annually and supplies OE plugs to virtually every major automaker globally — Toyota, Honda, Nissan, Mazda, Subaru, Ford, GM, Stellantis, BMW, Mercedes-Benz, VW/Audi, and many others. For most vehicles on the road, an NGK aftermarket plug is genuinely the same product as factory-installed.",cue,,published
Spark Plugs,service,(via service_family_content),,,"Largest spark plug manufacturer in the world — Niterra (rebranded from NGK in April 2023) produces approximately 1 billion spark plugs annually and supplies OE plugs to virtually every major automaker globally — Toyota, Honda, Nissan, Mazda, Subaru, Ford, GM, Stellantis, BMW, Mercedes-Benz, VW/Audi, and many others. For most vehicles on the road, an NGK aftermarket plug is genuinely the same product as factory-installed.",cue,,published
Spark Plugs,service,(via service_family_content),,,"Laser Iridium and Ruthenium HX premium technologies — NGK's Laser Iridium plugs use laser-welded iridium tips for the strongest possible bond between the iridium and the center electrode, extending service life beyond standard iridium. The newer Ruthenium HX line uses ruthenium alloy electrodes for even better performance in modern direct-injection engines, with tighter tolerances and improved cold-start ignition.",cue,,published
Spark Plugs,service,(via service_family_content),,,MPG Story,cue,,published
Spark Plugs,service,(via service_family_content),,,"NTK sensor brand for ADAS and emissions — Niterra also owns the NTK brand for oxygen sensors, MAF sensors, and other engine management components. The brand has deep expertise in the entire engine ignition and emissions ecosystem — not just spark plugs in isolation.",cue,,published
Spark Plugs,service,(via service_family_content),,,Piggy Back,cue,,published
Spark Plugs,service,(via service_family_content),,,Preventive Framing,cue,,published
Spark Plugs,service,(via service_family_content),,,STRATEGY 1: The Fuel Economy Reframe — Plug Service Pays For Itself in Gas Savings,cue,,published
Spark Plugs,service,(via service_family_content),,,STRATEGY 1: The Fuel Economy Reframe — Plug Service Pays For Itself in Gas Savings,cue,,published
Spark Plugs,service,(via service_family_content),,,STRATEGY 2: The Coil + Plug Bundle — Never Replace One Without Inspecting the Other,cue,,published
Spark Plugs,service,(via service_family_content),,,STRATEGY 2: The Coil + Plug Bundle — Never Replace One Without Inspecting the Other,cue,,published
Spark Plugs,service,(via service_family_content),,,STRATEGY 3: The HEMI 16-Plug Honest Disclosure — Set Expectations Before the Estimate,cue,,published
Spark Plugs,service,(via service_family_content),,,STRATEGY 3: The HEMI 16-Plug Honest Disclosure — Set Expectations Before the Estimate,cue,,published
Spark Plugs,service,(via service_family_content),,,Spark Plug Purpose,cue,,published
Spark Plugs,service,(via service_family_content),,,"Spark plugs don't fail dramatically — they degrade gradually over 100,000+ miles, costing fuel economy, power, and emissions performance long before they cause a misfire code. The customer driving on",cue,,published
Spark Plugs,service,(via service_family_content),,,"Spark plugs don't fail dramatically — they degrade gradually over 100,000+ miles, costing fuel economy, power, and emissions performance long before they cause a misfire code. The customer driving on",cue,,published
Spark Plugs,service,(via service_family_content),,,Symptoms,cue,,published
Spark Plugs,service,(via service_family_content),,,Time + Mileage,cue,,published
Tires & Rotation,service,(via service_family_content),,,4/32 Trigger,cue,,published
Tires & Rotation,service,(via service_family_content),,,4/32 Trigger,cue,,published
Tires & Rotation,service,(via service_family_content),,,ALN-024 Wheel Alignment,cue,,published
Tires & Rotation,service,(via service_family_content),,,Alignment on Uneven Wear,cue,,published
Tires & Rotation,service,(via service_family_content),,,Alignment on Uneven Wear,cue,,published
Tires & Rotation,service,(via service_family_content),,,"Bridgestone is the world's largest tire manufacturer by revenue — produces tires for nearly every OEM, with extensive OE fitments on Toyota, Lexus, Honda, Subaru, GM, and others.",cue,,published
Tires & Rotation,service,(via service_family_content),,,"Continental is a German manufacturer — extensive OE fitments on European vehicles (Mercedes, BMW, Audi, VW) and increasingly on American and Asian premium models.",cue,,published
Tires & Rotation,service,(via service_family_content),,,EV TIRES WEAR FASTER — INSTANT TORQUE + BATTERY WEIGHT = MORE FREQUENT REPLACEMENTS.,cue,,published
Tires & Rotation,service,(via service_family_content),,,EV Tire Wear Rate,cue,,published
Tires & Rotation,service,(via service_family_content),,,"Goodyear is the largest American-owned tire manufacturer — extensive OE fitments on Ford, GM, Stellantis, and others, with a particularly strong presence on American trucks and SUVs.",cue,,published
Tires & Rotation,service,(via service_family_content),,,Michelin is owned by the French Michelin Group — also owns BFGoodrich (off-road and truck tires) and Uniroyal (value-tier tires) — giving Michelin tiered options at different price points.,cue,,published
Tires & Rotation,service,(via service_family_content),,,Michelin is widely regarded as the premium tier in the tire industry — consistently ranked #1 for tread life and dry/wet handling balance in independent tire-life and consumer studies.,cue,,published
Tires & Rotation,service,(via service_family_content),,,NIT-025 Nitrogen Inflation,cue,,published
Tires & Rotation,service,(via service_family_content),,,"Pirelli is an Italian manufacturer specializing in premium and performance tires — heavy focus on supercar, sports car, and luxury OE fitments. Ferrari, Lamborghini, McLaren, Porsche, and AMG all rely on Pirelli OE.",cue,,published
Tires & Rotation,service,(via service_family_content),,,Rotate at Every LOF,cue,,published
Tires & Rotation,service,(via service_family_content),,,Rotate at Every LOF,cue,,published
Tires & Rotation,service,(via service_family_content),,,Rotation Bundle,cue,,published
Tires & Rotation,service,(via service_family_content),,,Rotation Bundle,cue,,published
Tires & Rotation,service,(via service_family_content),,,Strategy 5: The 'EV Tires Wear Faster' Conversation.,cue,,published
Tires & Rotation,service,(via service_family_content),,,TBL-023 Tire Balance,cue,,published
Tires & Rotation,service,(via service_family_content),,,"THE EV ROTATION FREQUENCY EDUCATION — Every EV customer (Mach-E, Lightning, Hummer EV, Silverado EV, Lyriq, ID.4, e-tron, EQS, Ioniq 5, EV6, Mach-E, Solterra, Leaf, Ariya, etc.) needs the EV-tire-wear conversation. EVs wear tires faster — 5,000-mile rotation is reasonable. Education prevents complaints later when their first set wears at 30,000 miles instead of 50,000.",cue,,published
Tires & Rotation,service,(via service_family_content),,,"THE ROTATION + BALANCE PIGGYBACK — Every rotation is a balance opportunity. If the customer mentions any vibration — at speed, on the highway, when braking — balance is the diagnostic answer. Add ~$30-60 to the rotation ticket. Five-minute add-on once the wheel is off.",cue,,published
Tires & Rotation,service,(via service_family_content),,,TPS-026 TPMS Service,cue,,published
Tires & Rotation,service,(via service_family_content),,,TRO-022 Tire Rotation,cue,,published
Tires & Rotation,service,(via service_family_content),,,TSL-027 Tire Sealant,cue,,published
Tires & Rotation,service,(via service_family_content),,,"The Assurance line (Assurance MaxLife, Assurance WeatherReady, Assurance ComfortDrive) is the touring/all-season family targeting long tread life and all-weather performance.",cue,,published
Tires & Rotation,service,(via service_family_content),,,The CrossClimate 2 is a leading all-weather tire (3PMSF-rated for severe snow service) — serves as a single-tire solution for customers who don't want to swap to dedicated winter tires.,cue,,published
Tires & Rotation,service,(via service_family_content),,,"The Defender series (Defender 2, Defender LTX M/S 2) carries some of the longest tread-life warranties in the industry — up to 80,000 miles for the Defender 2 and 70,000 miles for the LTX M/S 2.",cue,,published
Tires & Rotation,service,(via service_family_content),,,"The Pilot Sport line (Pilot Sport 4S, Pilot Sport 5, Pilot Sport All Season 4) is widely considered the benchmark in ultra-high-performance tires — OE-fitted on many premium and sports cars from Porsche, BMW, Mercedes-AMG, and others.",cue,,published
Tires & Rotation,service,(via service_family_content),,,The TrueContact Tour and PureContact LS focus on long tread life with enhanced fuel-economy retention through low rolling resistance — popular for sedans and crossovers.,cue,,published
Tires & Rotation,service,(via service_family_content),,,Time + Mileage,cue,,published
Tires & Rotation,service,(via service_family_content),,,Tire Purpose,cue,,published
Tires & Rotation,service,(via service_family_content),,,Tread Depth,cue,,published
Tires & Rotation,service,(via service_family_content),,,Truck + Tow,cue,,published
Tires & Rotation,service,(via service_family_content),,,Uneven Wear,cue,,published
Wipers,service,(via service_family_content),,,After-MPI,advisor_video,232,published
Wipers,service,(via service_family_content),,,At the Kiosk,advisor_video,268,published
Wipers,service,(via service_family_content),,,"ACDelco offers tiered wiper options: Genuine GM (OE-identical), Professional, and Advantage — letting shops match price and customer expectations.",cue,,published
Wipers,service,(via service_family_content),,,AMG models use the same wiper systems as their non-AMG counterparts.,cue,,published
Wipers,service,(via service_family_content),,,Acura applications get higher-grade rubber compounds and quieter operation than equivalent Honda blades.,cue,,published
Wipers,service,(via service_family_content),,,"Application requirements — Windshield must be thoroughly clean and free of wax, oils, road film, and bug residue before application.",cue,,published
Wipers,service,(via service_family_content),,,Audi's e-tron and Q-series EVs use the same wiper systems as gas counterparts.,cue,,published
Wipers,service,(via service_family_content),,,BMW wiper systems use beam-style blades on virtually all modern applications — with rain-sensing functionality standard across most of the lineup.,cue,,published
Wipers,service,(via service_family_content),,,"BMW's 'Easy Change' position (accessed via iDrive menu or wiper stalk on most models) lifts the blades to a service position for easier replacement, especially useful in snow.",cue,,published
Wipers,service,(via service_family_content),,,"Beam-style blades are standard across the modern Kia lineup — Telluride, Carnival, EV6, EV9, Sorento, Sportage, K5, Forte.",cue,,published
Wipers,service,(via service_family_content),,,"Beam-style blades are standard across the modern Mazda lineup — CX-5, CX-50, CX-90, CX-70, CX-30, Mazda3, Mazda6, MX-5.",cue,,published
Wipers,service,(via service_family_content),,,"Bolt EV, Bolt EUV, and other GM EVs use standard wiper systems with no special EV-specific design.",cue,,published
Wipers,service,(via service_family_content),,,CT5-V Blackwing and CT4-V Blackwing use the same wipers as their non-Blackwing counterparts — performance trims don't change wiper requirements.,cue,,published
Wipers,service,(via service_family_content),,,Cadillac maintenance reminder systems track wiper-related service prompts — can flag wiper fluid and blade inspection automatically.,cue,,published
Wipers,service,(via service_family_content),,,Cadillac wiper assemblies are typically premium-grade with tighter tolerances and quieter operation than equivalent Chevrolet or GMC blades.,cue,,published
Wipers,service,(via service_family_content),,,"Civic Type R, Integra Type S, and other performance trims use the same wipers as their lower-trim counterparts.",cue,,published
Wipers,service,(via service_family_content),,,"Compatibility with rain-sensing wipers and ADAS cameras — Modern vehicles with rain-sensing wipers, lane-keep assist cameras, and other windshield-mounted sensors generally tolerate treatments fine, but treatments should be applied evenly to avoid optical distortions in the camera's field of view.",cue,,published
Wipers,service,(via service_family_content),,,"Corvette (C7, C8) uses smaller, lower-profile blades due to the aerodynamic windshield rake — and the C8 has a single wiper compared to most cars' two.",cue,,published
Wipers,service,(via service_family_content),,,Escalade applications use longer blades and higher arm pressure due to the larger windshield — requiring premium-grade rubber to maintain even sweep pressure across the full length.,cue,,published
Wipers,service,(via service_family_content),,,"F-150, Super Duty, and Expedition often use asymmetric wiper lengths (driver-side longer than passenger-side) — using the wrong length on either side leaves streaks and reduces sweep coverage.",cue,,published
Wipers,service,(via service_family_content),,,Ford recommends wiper replacement every 6-12 months — Motorcraft offers both standard rubber and premium silicone-coated blades for longer service life.,cue,,published
Wipers,service,(via service_family_content),,,"Frontier, Titan, Pathfinder, and Armada all have larger blades and higher arm pressure due to their truck/SUV windshield sizes.",cue,,published
Wipers,service,(via service_family_content),,,GM truck and SUV customers who park outside or use their vehicles in snowy climates benefit from winter-specific wiper blades that resist freeze-up.,cue,,published
Wipers,service,(via service_family_content),,,Genesis applications use higher-grade wiper assemblies with premium rubber compounds and quieter operation.,cue,,published
Wipers,service,(via service_family_content),,,Genuine BMW wipers carry roundel-marked packaging — spec'd for the precise arm geometry of each chassis.,cue,,published
Wipers,service,(via service_family_content),,,Genuine Mercedes-Benz wipers carry star-marked packaging — validated for the specific arm pressure and windshield curvature of each model.,cue,,published
Wipers,service,(via service_family_content),,,"Helps repel bugs and road grime — The same hydrophobic property that sheds water also reduces the adhesion of bug splatter, tree sap, and road tar — making the windshield easier to clean.",cue,,published
Wipers,service,(via service_family_content),,,"Honda OE wipers are spec'd for Honda's specific arm pressure and windshield rake — which varies meaningfully between Civic, Accord, CR-V, Pilot, and Odyssey.",cue,,published
Wipers,service,(via service_family_content),,,Honda's maintenance minder system doesn't always flag wiper blades specifically — so customer education on the 6-12 month replacement interval is important.,cue,,published
Wipers,service,(via service_family_content),,,"How they work — Hydrophobic treatments deposit a thin polymer or silicone coating that causes water to bead up and roll off at speeds as low as 35 mph, often without using the wipers at all.",cue,,published
Wipers,service,(via service_family_content),,,"Hybrid Toyotas and EVs (Prius, RAV4 Prime, bZ4X) use the same wiper systems as gas counterparts — rear wipers common on hatchbacks and SUVs but often forgotten during replacement.",cue,,published
Wipers,service,(via service_family_content),,,Hyundai OE wipers are typically beam-style across the modern lineup — validated for Hyundai's specific windshield curvature and arm pressure.,cue,,published
Wipers,service,(via service_family_content),,,"Hyundai recommends wiper replacement every 12 months or when streaking occurs, whichever comes first.",cue,,published
Wipers,service,(via service_family_content),,,"Improved visibility in rain — The clearest benefit is dramatically improved wet-weather visibility, especially at highway speeds and at night when oncoming headlights scatter through standing water on an untreated windshield.",cue,,published
Wipers,service,(via service_family_content),,,Infiniti applications use higher-grade wiper assemblies with premium rubber compounds and quieter operation.,cue,,published
Wipers,service,(via service_family_content),,,"Jeep Wrangler and Gladiator wipers face severe-duty conditions — dust, mud, branches, folded windshields — making more frequent replacement the norm.",cue,,published
Wipers,service,(via service_family_content),,,"Kia recommends wiper replacement every 12 months or when performance degrades, whichever comes first.",cue,,published
Wipers,service,(via service_family_content),,,Kia wipers mirror Hyundai's specs in most cases — since the two brands share platforms and supply chains.,cue,,published
Wipers,service,(via service_family_content),,,Lexus applications get higher-grade rubber compounds and tighter manufacturing tolerances than equivalent Toyota blades.,cue,,published
Wipers,service,(via service_family_content),,,M Performance and M models use the same wiper systems as their non-M counterparts.,cue,,published
Wipers,service,(via service_family_content),,,Many Cadillacs have rain-sensing wipers — depend on a clean windshield and undamaged sensor area near the rearview mirror.,cue,,published
Wipers,service,(via service_family_content),,,"Many Hyundai SUVs and hatchbacks (Tucson, Santa Fe, Palisade, Kona) include rear wipers that are commonly overlooked at replacement time.",cue,,published
Wipers,service,(via service_family_content),,,"Many MQB-platform vehicles share wiper sizes across brands (Golf/A3, Tiguan/Q3, Atlas/Q7) — simplifying inventory.",cue,,published
Wipers,service,(via service_family_content),,,"Many Toyota and Lexus applications use hybrid-style blades (a beam blade with a partial frame cover) — balancing performance, durability, and styling.",cue,,published
Wipers,service,(via service_family_content),,,Mazda OE wipers are spec'd for the brand's 'human-centered' cabin design — quiet operation and even sweep pressure as priorities.,cue,,published
Wipers,service,(via service_family_content),,,"Mercedes uses single-arm 'Magic Wand' or 'MonoBlade' wipers on many older E-Class, S-Class, and SLK applications — a single blade that sweeps the entire windshield.",cue,,published
Wipers,service,(via service_family_content),,,Modern Mercedes applications use dual beam-style blades — often with integrated washer jets in the blade itself (a Mercedes-pioneered feature).,cue,,published
Wipers,service,(via service_family_content),,,Mopar covers the full Stellantis North America lineup — wiper specs vary significantly between Wrangler/Gladiator (off-road) and Pacifica/Charger (on-road).,cue,,published
Wipers,service,(via service_family_content),,,Mopar offers both standard and winter-specific blades — winter blades particularly relevant for Jeep and Ram customers in northern climates.,cue,,published
Wipers,service,(via service_family_content),,,Most modern Ford and Lincoln applications use beam-style (frameless) blades — perform better in snow and ice than traditional bracket-style because there's no exposed metal frame to clog.,cue,,published
Wipers,service,(via service_family_content),,,"Most modern GM trucks and SUVs (Silverado, Sierra, Tahoe, Yukon, Suburban) use beam-style blades — with longer driver-side blades than passenger-side.",cue,,published
Wipers,service,(via service_family_content),,,Most modern Hondas and Acuras use hybrid-style blades (beam with partial frame cover) — balancing performance and styling.,cue,,published
Wipers,service,(via service_family_content),,,"Most modern Subarus (Outback, Forester, Crosstrek, Impreza, Ascent, Legacy, WRX, BRZ) use beam-style blades for better snow and ice performance.",cue,,published
Wipers,service,(via service_family_content),,,"Motorcraft is Ford's OE wiper brand — blades engineered to match the specific arm pressure, sweep pattern, and windshield curvature of Ford and Lincoln vehicles.",cue,,published
Wipers,service,(via service_family_content),,,Mustang Mach-E and other Ford EVs use the same wiper systems as gas counterparts — EV powertrains don't change wiper requirements.,cue,,published
Wipers,service,(via service_family_content),,,Nissan wipers are typically beam-style on modern applications — with hybrid-style on some older models still in service.,cue,,published
Wipers,service,(via service_family_content),,,"Outback, Forester, Crosstrek, and Ascent all have rear wipers that are commonly overlooked at replacement time — a quick service-writer add-on.",cue,,published
Wipers,service,(via service_family_content),,,"Possible downside — wiper chatter — Some users report wiper chatter or squeaking on freshly treated glass, especially with older or worn wiper blades.",cue,,published
Wipers,service,(via service_family_content),,,"Pro and ceramic-grade options — Beyond Rain-X: Aquapel (single-use professional applicator, 4-6 months), Gtechniq G1 ClearVision Smart Glass (ceramic-grade, up to 12 months), Gyeon Q² View, CarPro FlyBy 30 (3-6 months) — common upsell items at detailing shops and dealer service departments.",cue,,published
Wipers,service,(via service_family_content),,,Rain-sensing wipers are standard on most modern Mercedes — depend on a clean sensor area on the windshield.,cue,,published
Wipers,service,(via service_family_content),,,"Ram heavy-duty trucks (2500/3500) use longer, higher-pressure wipers than the 1500s — due to the larger windshield and commercial-use expectations.",cue,,published
Wipers,service,(via service_family_content),,,"Reapplication interval — Most consumer treatments (Rain-X Original, Aquapel, Rain-X Pro) last 1-3 months under normal driving.",cue,,published
Wipers,service,(via service_family_content),,,"Reduced wiper dependence and wiper wear — Because water sheets off on its own at speed, wipers run less often, which extends blade life and reduces motor wear.",cue,,published
Wipers,service,(via service_family_content),,,"Reduces ice and snow adhesion — Treated windshields shed ice and frost more easily than untreated glass, making winter morning scraping faster and less abrasive on the glass.",cue,,published
Wipers,service,(via service_family_content),,,Replacement intervals are typically every 12 months — with the maintenance reminder system flagging service automatically.,cue,,published
Wipers,service,(via service_family_content),,,"SRT and Hellcat applications (Charger, Challenger, Durango SRT, Trackhawk) use the same wipers as their non-SRT counterparts.",cue,,published
Wipers,service,(via service_family_content),,,"Subaru wipers are validated for the brand's all-weather positioning — rubber compounds spec'd for cold weather, wet weather, and freeze-resistance.",cue,,published
Wipers,service,(via service_family_content),,,Subaru's heated wiper park area (an option on many models) prevents wipers from freezing to the windshield in winter — a brand-aligned feature that pairs with premium blade upgrades.,cue,,published
Wipers,service,(via service_family_content),,,"THE REAR WIPER ADD-ON — On every SUV, hatchback, minivan, and wagon: ALWAYS check the rear wiper.",cue,,published
Wipers,service,(via service_family_content),,,THE WINTER WIPER UPSELL — Northern markets October-March: pitch winter-specific wipers automatically.,cue,,published
Wipers,service,(via service_family_content),,,THE WIPER + TREATMENT PIGGYBACK — Every wiper replacement is a windshield treatment opportunity.,cue,,published
Wipers,service,(via service_family_content),,,"Telluride, Carnival, Sorento, and Sportage all have rear wipers that are commonly forgotten — a natural upsell.",cue,,published
Wipers,service,(via service_family_content),,,"The CX-50, CX-70, and CX-90 are positioned for active-lifestyle customers who often see severe-duty conditions — making more frequent wiper replacement the norm.",cue,,published
Wipers,service,(via service_family_content),,,The Condition-Based Service (CBS) system flags wiper blade replacement automatically based on detected wear and operating conditions.,cue,,published
Wipers,service,(via service_family_content),,,"The EV6, EV9, and Niro EV use traditional wiper systems with no EV-specific design.",cue,,published
Wipers,service,(via service_family_content),,,The GT-R uses unique low-profile wipers due to its aerodynamic windshield rake.,cue,,published
Wipers,service,(via service_family_content),,,"The Ioniq 5, Ioniq 6, and Kona Electric all use traditional wiper systems — EVs don't require different wipers.",cue,,published
Wipers,service,(via service_family_content),,,"The Leaf, Ariya, and other Nissan EVs use traditional wiper systems with no EV-specific design.",cue,,published
Wipers,service,(via service_family_content),,,The MX-30 EV uses the same wiper system as gas Mazdas.,cue,,published
Wipers,service,(via service_family_content),,,"The MX-5 Miata uses smaller, lower-profile blades due to its compact windshield — and the soft-top and RF versions both use the same wiper system.",cue,,published
Wipers,service,(via service_family_content),,,The Solterra EV uses the same wiper system as gas Subarus.,cue,,published
Wipers,service,(via service_family_content),,,Toyota OE wipers are designed for the long maintenance intervals the brand is known for — often outlasting budget aftermarket blades by a meaningful margin.,cue,,published
Wipers,service,(via service_family_content),,,"Tundra, Tacoma, 4Runner, Sequoia, and Land Cruiser owners who drive in dusty or off-road conditions often see shorter blade life from grit abrasion.",cue,,published
Wipers,service,(via service_family_content),,,VW and Audi rain-sensing wipers depend on a clean sensor area — aftermarket window tints or treatments near the sensor can interfere.,cue,,published
Wipers,service,(via service_family_content),,,VW and Audi use beam-style blades across the modern lineup — often with aero-styled covers on Audi models.,cue,,published
