tab,src_row,action,matched_id,title,body,tier,op_code,service_family,collection,needs_review
Service Knowledge — AC HVAC,5,update,a2893d71-8cfa-4e30-ae7c-70907ae3ec2f,"A/C SERVICE IS THE SEASONAL INCOME CATEGORY THAT HITS TWICE A YEAR (spring A/C prep + fall heating prep), with year-round odor and disinfection opportunities.","$150 service vs $1,000-$2,500 repair. Customer feels the difference instantly.",zero,ACR-047,HVAC,Pitches by Op Code,
Service Knowledge — AC HVAC,6,update,342b0b74-568c-4fe2-afe4-68d265bd7213,THE R-134a TO R-1234yf REFRIGERANT TRANSITION IS THE SINGLE BIGGEST A/C INDUSTRY CHANGE IN 25 YEARS.,Check under-hood label first. R-134a vs R-1234yf = 5-10x cost difference.,zero,ACR-047,HVAC,Pitches by Op Code,
Service Knowledge — AC HVAC,7,update,102b023b-f138-4855-bcc1-34c830a7883e,EPA SECTION 609 CERTIFICATION IS REQUIRED for any technician handling automotive refrigerant in the United States.,EPA Section 609 — federal requirement. Verify your techs.,zero,ACR-047,HVAC,Pitches by Op Code,
Service Knowledge — AC HVAC,8,update,24e988dd-cc9e-4ef2-a266-15a24c6ebbee,EV AND HYBRID ELECTRIC COMPRESSORS USE POE OIL ONLY — NEVER PAG OIL.,Hybrid/EV = POE oil ONLY. NEVER PAG. Wrong oil = electrical short.,zero,ACR-047,HVAC,Pitches by Op Code,
Service Knowledge — AC HVAC,9,update,61d32480-1f58-4b07-83ec-7478fe6703a5,"MITCH'S BEAT THE HEAT PROGRAM (preserved from existing Success Cycle Speech R43, R47).",Beat the Heat — Arctic Blast + AC EVAP — 30K compressor warranty.,zero,ACR-047,HVAC,Pitches by Op Code,
Service Knowledge — AC HVAC,10,update,6fd2dc9d-1862-4d72-81f7-95c976876a14,THE CABIN AIR FILTER PAIRING — CRITICAL CROSS-SELL.,Every A/C conversation = cabin filter conversation. Year-round service.,zero,ACR-047,HVAC,Pitches by Op Code,
Service Knowledge — AC HVAC,11,update,2c3e40b3-d8db-456e-b366-825cfaad0674,"MOLD AND MILDEW IN THE EVAPORATOR IS THE MOST COMMON A/C COMPLAINT — fast turnaround, low-cost service, customers love the result.",Smell? Service. MOC has 5 odor products at different price points.,zero,ACE-053,HVAC,Pitches by Op Code,
Service Knowledge — AC HVAC,12,update,bb17c23e-7c26-4633-93a4-8ae29921e72f,ANNUAL A/C INSPECTION BEFORE PEAK SUMMER IS THE INDUSTRY BEST PRACTICE — catch leaks before customer complaints start.,Annual inspection. Catch leaks before complaints.,zero,ACS-048,HVAC,Pitches by Op Code,
Service Knowledge — AC HVAC,17,update,264130d5-3a25-4b31-8d61-30cf9bdaf9f0,"BUMPER-TO-BUMPER COVERAGE: 3-year/36,000-mile bumper-to-bumper.",Ford 3/36K. A/C compressor = B2B only.,zero,ACR-047,HVAC,Pitches by Op Code,
Service Knowledge — AC HVAC,18,update,03d4eb93-9fd6-48f1-8255-fdac2bb21cc9,REFRIGERANT TRANSITION TIMELINE: F-150 transitioned to R-1234yf in 2017-2018; Mustang in 2015; Explorer in 2018; Escape in 2017-2018.,F-150 / Escape 2017-2018; Mustang 2015. Cabin filter 20-30K.,zero,ACR-047,HVAC,Pitches by Op Code,
Service Knowledge — AC HVAC,19,update,dd8183de-0631-4113-89c4-60681e6b8629,Ford uses Motorcraft FS-65 PAG oil for R-134a applications and Motorcraft YN-35 PAG oil for R-1234yf applications.,Ford EV = POE oil. NEVER PAG.,zero,ACR-047,HVAC,Pitches by Op Code,
Service Knowledge — AC HVAC,20,update,7ad71fe5-95f0-41f4-a8d9-ddb7ca1756ed,"Common Ford issues: condenser leaks (rock impact in front-end), evaporator core failures on legacy 5.4L applications, compressor clutch wear.","Ford = condenser rocks, legacy 5.4L evap, clutch wear.",zero,ACR-047,HVAC,Pitches by Op Code,
Service Knowledge — AC HVAC,22,update,008a42ce-d88e-4088-aa72-1cb50d5c411b,"BUMPER-TO-BUMPER COVERAGE: 3-year/36,000-mile bumper-to-bumper.",GM 3/36K B2B only.,zero,ACR-047,HVAC,Pitches by Op Code,
Service Knowledge — AC HVAC,23,update,bb3be95d-583d-4d0c-8bc9-30a174663d14,REFRIGERANT TRANSITION: GM transitioned to R-1234yf approximately 2017-2018 across most light-duty applications.,GM 2017-2018 transition. Cabin filter 22-45K.,zero,ACR-047,HVAC,Pitches by Op Code,
Service Knowledge — AC HVAC,24,update,c781c230-0a10-474a-9e94-c44de7a2e496,"THE HUMMER EV, SILVERADO EV, LYRIQ, BOLT EV USE R-1234yf WITH ELECTRIC COMPRESSORS AND POE OIL.",GM EV = POE oil ONLY. PAG = electrical short.,zero,ACR-047,HVAC,Pitches by Op Code,
Service Knowledge — AC HVAC,25,update,89d66837-2139-4e81-83c3-dbc353564650,"Suburban, Yukon XL, and Escalade ESV with rear A/C have larger refrigerant capacities.","GM SUVs = larger capacity. C8 = mid-engine access. Common: evap, rear comp, blend-door.",zero,ACR-047,HVAC,Pitches by Op Code,
Service Knowledge — AC HVAC,27,update,67138b75-513e-4522-9e0b-017f4ee3dec7,"BUMPER-TO-BUMPER COVERAGE: 3-year/36,000-mile bumper-to-bumper (Toyota).",Toyota 3/36K; Lexus 4/50K.,zero,ACR-047,HVAC,Pitches by Op Code,
Service Knowledge — AC HVAC,28,update,96103221-ec60-44c1-8119-b72f328945ed,"REFRIGERANT TRANSITION: Toyota transitioned to R-1234yf in 2015-2017 — PRIUS LED THE TRANSITION, followed by RAV4, Camry, and others.",Toyota 2015-2017 transition. Hybrid = POE (ND-Oil 12). Conventional = PAG (ND-Oil 8). Cabin filter 15-30K.,zero,ACR-047,HVAC,Pitches by Op Code,
Service Knowledge — AC HVAC,29,update,75ea40e8-1b6a-4f76-b3d1-306a14c28e47,"TOYOTA HYBRID MODELS (Prius, Camry Hybrid, RAV4 Hybrid, Highlander Hybrid) USE ELECTRIC A/C COMPRESSORS WITH POE OIL ONLY.",Toyota Hybrid = POE only. Heat pump = different service.,zero,ACR-047,HVAC,Pitches by Op Code,
Service Knowledge — AC HVAC,30,update,c8baab83-de47-4dc4-b51a-b0665a210a01,The Tundra and Sequoia with rear A/C use larger refrigerant capacities.,"Toyota truck/Lexus = larger capacity. GR = high-output. Common: condenser, valve, filter.",zero,ACR-047,HVAC,Pitches by Op Code,
Service Knowledge — AC HVAC,32,update,408146f2-dd95-446f-bc49-b6e748b92e92,"BUMPER-TO-BUMPER COVERAGE: 3-year/36,000-mile bumper-to-bumper (Honda).",Honda 3/36K; Acura 4/50K.,zero,ACR-047,HVAC,Pitches by Op Code,
Service Knowledge — AC HVAC,33,update,7d0b4bbc-5bbc-4759-a461-fbad9a67f45c,"REFRIGERANT TRANSITION: Honda transitioned to R-1234yf in 2017-2018, starting with Civic.",Honda 2017-2018 transition. PAG 46 or 100. Cabin filter 15-30K.,zero,ACR-047,HVAC,Pitches by Op Code,
Service Knowledge — AC HVAC,34,update,906e66ff-3248-46d8-8c75-aa067060e1b2,"HONDA HYBRID MODELS (Accord Hybrid, CR-V Hybrid, Insight) USE ELECTRIC A/C COMPRESSORS WITH POE OIL.",Honda Hybrid/EV = POE only. Cross-contamination = cascading failures.,zero,ACR-047,HVAC,Pitches by Op Code,
Service Knowledge — AC HVAC,35,update,509c036f-8819-47d2-94ce-93866d296062,"Honda Pilot, Passport, Ridgeline, Acura MDX have rear A/C requiring more refrigerant per service.","Honda V6 SUV = rear A/C, more capacity. Common: condenser, valve, blower.",zero,ACR-047,HVAC,Pitches by Op Code,
Service Knowledge — AC HVAC,37,update,a149110e-8f4b-4f6c-b671-b519a04f7fce,"BUMPER-TO-BUMPER COVERAGE: 3-year/36,000-mile bumper-to-bumper.",Mopar 3/36K B2B only.,zero,ACR-047,HVAC,Pitches by Op Code,
Service Knowledge — AC HVAC,38,update,0bdfe46d-932d-4b7b-9a4d-772524e617b7,REFRIGERANT TRANSITION: Stellantis transitioned to R-1234yf approximately 2015-2017 across most applications.,Mopar 2015-2017 transition. PAG46 standard. Cabin filter 30-45K.,zero,ACR-047,HVAC,Pitches by Op Code,
Service Knowledge — AC HVAC,39,update,84638300-31d8-48cb-9ac4-5065fcba88ec,THE PACIFICA HYBRID USES ELECTRIC A/C COMPRESSOR WITH POE OIL.,Pacifica Hybrid = POE. SRT/Hellcat = high-output. Cummins = HD.,zero,ACR-047,HVAC,Pitches by Op Code,
Service Knowledge — AC HVAC,40,update,c845ccbd-d697-40f3-b126-d002e64a6258,Ram 1500/2500/3500 with crew cab and Mega Cab applications have larger refrigerant capacities.,"Ram crew = more capacity. Wrangler soft-top = sealing matters. Common: legacy minivan evap, valve, blend-door.",zero,ACR-047,HVAC,Pitches by Op Code,
Service Knowledge — AC HVAC,42,update,dcdb0d43-e533-4a18-89e1-ef694ecae3d7,"BUMPER-TO-BUMPER COVERAGE: 3-year/36,000-mile bumper-to-bumper.",Subaru 3/36K B2B only.,zero,ACR-047,HVAC,Pitches by Op Code,
Service Knowledge — AC HVAC,43,update,6ac9d6ae-4b65-4776-9c6f-558174e309e0,REFRIGERANT TRANSITION: Subaru transitioned to R-1234yf approximately 2018-2020 — among the LATER adopters.,Subaru 2018-2020 transition. Pre-2018 = R-134a. Cabin filter 15-30K.,zero,ACR-047,HVAC,Pitches by Op Code,
Service Knowledge — AC HVAC,44,update,1714abfa-7cca-4168-a740-e8743d0a096f,THE SOLTERRA EV USES R-1234yf WITH ELECTRIC COMPRESSOR AND POE OIL (shared platform with Toyota bZ4X).,Solterra = POE. BRZ = same as GR86.,zero,ACR-047,HVAC,Pitches by Op Code,
Service Knowledge — AC HVAC,45,update,42a3920b-9619-46eb-b6b8-9c5a7b87dc1d,"Common Subaru issues: condenser leaks in salt-air environments, expansion valve problems, blower motor failures.","Subaru = condenser, valve, blower. Salt-air = real problem.",zero,ACR-047,HVAC,Pitches by Op Code,
Service Knowledge — AC HVAC,47,update,67631879-acac-4759-8c7b-bd46d2d3e970,"BUMPER-TO-BUMPER COVERAGE: 5-year/60,000-mile bumper-to-bumper — LONGER THAN MOST COMPETITORS.",Hyundai/Kia 5yr/60K B2B. Best in class. Covers A/C compressor.,zero,ACR-047,HVAC,Pitches by Op Code,
Service Knowledge — AC HVAC,48,update,31b03205-a7ae-4348-9dce-da89c3a14c9d,REFRIGERANT TRANSITION: Hyundai/Kia transitioned to R-1234yf approximately 2017-2019.,H/K 2017-2019 transition. Cabin filter 15-22.5K severe (tightest).,zero,ACR-047,HVAC,Pitches by Op Code,
Service Knowledge — AC HVAC,49,update,b86de328-06b6-4f34-8dac-66d3d15a0f7f,"THE IONIQ 5, IONIQ 6, EV6, EV9, GENESIS EVs USE R-1234yf WITH ELECTRIC COMPRESSORS AND POE OIL.","H/K EV/Hybrid = POE only. 3-row SUV = rear A/C, more capacity.",zero,ACR-047,HVAC,Pitches by Op Code,
Service Knowledge — AC HVAC,50,update,8681d167-f47c-454f-a7a7-5c472398b8a1,"Genesis G80, G90, GV70, GV80 have premium A/C with multi-zone climate control.","Genesis = premium multi-zone. N = high-output. Common: clutch, evap, blend-door.",zero,ACR-047,HVAC,Pitches by Op Code,
Service Knowledge — AC HVAC,52,update,a9717cfb-04fd-4d4c-af6b-d48e74d979d9,"BUMPER-TO-BUMPER COVERAGE: 3-year/36,000-mile bumper-to-bumper (Nissan).",Nissan 3/36K; Infiniti 4/50K.,zero,ACR-047,HVAC,Pitches by Op Code,
Service Knowledge — AC HVAC,53,update,5b8cee5d-980c-4a5a-9988-1b06546a7814,REFRIGERANT TRANSITION: Nissan transitioned to R-1234yf approximately 2017-2019.,Nissan 2017-2019 transition. Cabin filter 15-30K.,zero,ACR-047,HVAC,Pitches by Op Code,
Service Knowledge — AC HVAC,54,update,00742f19-d660-416e-8126-1157b39eac1f,"THE LEAF AND ARIYA EVs USE R-1234yf WITH ELECTRIC COMPRESSORS AND HEAT PUMP TECHNOLOGY for both cooling AND heating — like Toyota's hybrid heat pump systems, service procedures differ from conventional A/C.",Leaf/Ariya = POE + heat pump. Different service.,zero,ACR-047,HVAC,Pitches by Op Code,
Service Knowledge — AC HVAC,55,update,b777db32-fd8a-44e7-937d-5904be1724f6,"Frontier, Titan, Pathfinder, and Armada with crew cab applications have larger refrigerant capacities.","Nissan trucks = bigger capacity. Infiniti = premium. Common: legacy evap, valve, blower.",zero,ACR-047,HVAC,Pitches by Op Code,
Service Knowledge — AC HVAC,57,update,d13f0041-9d0b-45e2-8db5-4af99b419094,"BUMPER-TO-BUMPER COVERAGE: 3-year/36,000-mile bumper-to-bumper.",Mazda 3/36K B2B only.,zero,ACR-047,HVAC,Pitches by Op Code,
Service Knowledge — AC HVAC,58,update,1fa9678a-03d6-4c54-b5b4-3d185dc2de71,REFRIGERANT TRANSITION: Mazda transitioned to R-1234yf approximately 2017-2018 across SkyActiv platform vehicles.,Mazda 2017-2018 transition. Cabin filter 15-30K.,zero,ACR-047,HVAC,Pitches by Op Code,
Service Knowledge — AC HVAC,59,update,463f55d0-da81-422e-968f-f79a4d524a75,THE MX-30 EV USES R-1234yf WITH ELECTRIC COMPRESSOR AND POE OIL.,Mazda EV/PHEV = POE only. SkyActiv = specific mounting.,zero,ACR-047,HVAC,Pitches by Op Code,
Service Knowledge — AC HVAC,60,update,278a07f3-bc06-4379-8404-453df31d69e5,"Mazda's i-stop start-stop system causes more A/C compressor cycling than non-stop-start vehicles, contributing to faster compressor wear.",Mazda i-stop = more cycling = faster wear. MX-5 soft-top = sealing matters.,zero,ACR-047,HVAC,Pitches by Op Code,
Service Knowledge — AC HVAC,62,update,dd7e625a-99eb-4c9a-8393-d0dee01903f1,"BUMPER-TO-BUMPER COVERAGE: 4-year/50,000-mile bumper-to-bumper.",Mercedes 4/50K B2B.,zero,ACR-047,HVAC,Pitches by Op Code,
Service Knowledge — AC HVAC,63,update,613ea546-c953-4874-84d3-2dfca8c2e852,REFRIGERANT TRANSITION: Mercedes was AN EARLY ADOPTER — transitioned to R-1234yf in 2014-2017 — among the EARLIEST OEMs to make the change.,Mercedes 2014-2017 — earliest. PAG 46. Carbon cabin filter 20K.,zero,ACR-047,HVAC,Pitches by Op Code,
Service Knowledge — AC HVAC,64,update,ed875525-83bc-4121-91b0-d39562a3295d,"THE EQS, EQE, EQB, EQS SUV, AND OTHER MERCEDES EVs USE R-1234yf WITH ELECTRIC COMPRESSORS AND HEAT PUMP SYSTEMS.",Mercedes EV = POE + heat pump. 4-zone = special procedures.,zero,ACR-047,HVAC,Pitches by Op Code,
Service Knowledge — AC HVAC,65,update,1ffd8fd5-8675-4770-8841-7ce5014f4ff7,"Common Mercedes issues: ACC (Automatic Climate Control) system failures, evaporator core leaks, blend-door actuator wear.","Mercedes = ACC, evap, blend-door. MB-Approved required.",zero,ACR-047,HVAC,Pitches by Op Code,
Service Knowledge — AC HVAC,67,update,50499717-bf0b-4f57-af23-0ff354c63fcc,"BUMPER-TO-BUMPER COVERAGE: 4-year/50,000-mile bumper-to-bumper.",BMW 4/50K B2B.,zero,ACR-047,HVAC,Pitches by Op Code,
Service Knowledge — AC HVAC,68,update,9c7fc1c6-e29d-47dd-b311-e169abae3676,REFRIGERANT TRANSITION: BMW transitioned to R-1234yf in 2014-2017 — early adopter alongside Mercedes.,BMW 2014-2017 transition. They call it MICROFILTER. 30K interval.,zero,ACR-047,HVAC,Pitches by Op Code,
Service Knowledge — AC HVAC,69,update,c08049e5-9d91-46f0-b885-ada7f4a46ad4,"THE i4, iX, i5, i7, iX3, AND OTHER BMW EVs USE R-1234yf WITH ELECTRIC COMPRESSORS AND HEAT PUMP SYSTEMS.",BMW EV = POE + heat pump. Rolls/MINI = BMW-derived.,zero,ACR-047,HVAC,Pitches by Op Code,
Service Knowledge — AC HVAC,70,update,061e4162-d0ec-4b0e-9b4e-e1a1eacb6372,"Common BMW issues: condenser leaks, blower motor failures, IHKA (climate control) module issues, water-pump-driven coolant heat exchanger failures.","BMW = condenser, blower, IHKA module. Watch for climate control complaints.",zero,ACR-047,HVAC,Pitches by Op Code,
Service Knowledge — AC HVAC,72,update,b081400a-2f67-4483-9b37-2238f47985e6,"BUMPER-TO-BUMPER COVERAGE: 4-year/50,000-mile bumper-to-bumper.",VW/Audi 4/50K B2B.,zero,ACR-047,HVAC,Pitches by Op Code,
Service Knowledge — AC HVAC,73,update,ad84159c-600f-465c-8890-956532becd6d,REFRIGERANT TRANSITION: VW/Audi transitioned to R-1234yf in 2014-2017 — early adopter alongside Mercedes and BMW.,VW/Audi 2014-2017 transition. Cabin filter 20-30K.,zero,ACR-047,HVAC,Pitches by Op Code,
Service Knowledge — AC HVAC,74,update,d404d596-647d-4581-9d5e-a6d1ac1bc633,"THE ID.4, ID.BUZZ, AUDI Q4 e-tron, Q6 e-tron, Q8 e-tron, e-tron GT, AND OTHER VW/AUDI EVs USE R-1234yf WITH ELECTRIC COMPRESSORS.",VW/Audi EV = POE only. MQB shares across brands.,zero,ACR-047,HVAC,Pitches by Op Code,
Service Knowledge — AC HVAC,75,update,56ac596f-104d-4d42-b59e-aa6411f51cc7,"Common VW/Audi issues: HVAC blend-door actuator failures, climate control module issues, evaporator core leaks.","VW/Audi = blend-door, climate module, evap leaks.",zero,ACR-047,HVAC,Pitches by Op Code,
Service Knowledge — AC HVAC,80,update,800f9d37-3936-42fb-bfc1-45467642faaf,Position: Strong A/C service program with the BG Frigi-Charge system.,BG = Frigi line + machine.,zero,ACR-047,HVAC,Pitches by Op Code,
Service Knowledge — AC HVAC,81,update,5f63e1b9-8324-4978-b209-2dd5af2c3939,BG recommends annual A/C service before peak summer season — reflecting BG's preventive-maintenance philosophy.,"BG = annual A/C, all technologies.",zero,ACR-047,HVAC,Pitches by Op Code,
Service Knowledge — AC HVAC,82,update,d809f3c6-5508-42f0-9258-90704a4db20b,Strong dealer network with backed warranties on BG-treated systems through the BG Lifetime Protection Plan.,BG has its own warranty.,zero,ACR-047,HVAC,Pitches by Op Code,
Service Knowledge — AC HVAC,84,update,6efb42f0-dd2e-4044-918c-fe7c1f6a6987,Position: Premium A/C service products with strong European market presence.,Wynn's = European specialty.,zero,ACR-047,HVAC,Pitches by Op Code,
Service Knowledge — AC HVAC,85,update,8df3ea1f-e982-4d52-bcab-7a7fa4b72a56,"Wynn's has been around since 1939 with field-proven A/C product formulations across decades of refrigerant transitions including CFC, HFC, and the current HFO refrigerants.","Wynn's = old brand, all refrigerant generations.",zero,ACR-047,HVAC,Pitches by Op Code,
Service Knowledge — AC HVAC,86,update,5f27a99b-7093-4d0e-ab3d-8ff6b2e01fe7,Available globally for international and import-focused service operations including specific products for emerging markets.,Wynn's = global brand.,zero,ACR-047,HVAC,Pitches by Op Code,
Service Knowledge — AC HVAC,88,update,65a4cb5d-3d00-40f6-9432-8c50ec9afaed,Position: A/C service products with motorsport heritage.,"Bardahl — global brand, covers EV/Hybrid.",zero,ACR-047,HVAC,Pitches by Op Code,
Service Knowledge — AC HVAC,89,update,1bd8f872-5671-4601-829d-6c97ad1187d1,"Multi-step approach combining lubrication, cleaning, and refrigerant management as comprehensive maintenance.","Bardahl — racing brand, full-system approach.",zero,ACR-047,HVAC,Pitches by Op Code,
Service Knowledge — AC HVAC,90,update,00bbba83-0fa1-4925-a496-6a16abcedc2e,Tested against extreme operating conditions — Bardahl's formulations are designed for vehicles operating in extreme conditions ranging from desert heat to Arctic cold.,Bardahl — extreme climates.,zero,ACR-047,HVAC,Pitches by Op Code,
Service Knowledge — AC HVAC,94,update,a8b68d86-fb88-4302-8fd4-b2a3be6d8341,Position: COMPREHENSIVE 7-PRODUCT A/C AND HVAC LINEUP COVERING EVERY ANGLE OF A/C SERVICE.,MOC = full A/C ecosystem. Motorcraft = Ford OE.,zero,ACR-047,HVAC,Pitches by Op Code,
Service Knowledge — AC HVAC,95,update,b2a209b0-513d-4597-97fb-5c0e2e139e22,"A/C Quiet MAX (PN 0136 — available as PN 01361 2 oz / PN 01368 8 oz, Universal Refrigerant Lubricant).","A/C Quiet MAX = universal, all refrigerants. Leak dye built in.",zero,ACR-047,HVAC,Pitches by Op Code,
Service Knowledge — AC HVAC,96,update,6c4b0c35-6bdf-499c-8f10-ea7eb09916f9,"ArcticBlast (PN 0620, 10 ml syringe, A/C Performance Enhancer).","ArcticBlast = 45 seconds, every customer. Colder faster.",zero,ABT-054,HVAC,Pitches by Op Code,
Service Knowledge — AC HVAC,97,update,33500744-c98f-47de-9d66-27c444ad7927,"Odor-B-Gone Liquid (PN 0650 Unscented / PN 0651 New Car Scent, 8 oz).","Odor-B-Gone PN 0650/0651 = 5 min, no machine.",zero,ACR-047,HVAC,Pitches by Op Code,
Service Knowledge — AC HVAC,98,update,0f98c6c0-91fa-477a-8170-b029f9c754b0,"A/C Odor Treatment (PN 1050, 5 oz aerosol, Clean Scent).",A/C Odor Treatment PN 1050 = aerosol. Year-round.,zero,ACR-047,HVAC,Pitches by Op Code,
Service Knowledge — AC HVAC,99,update,af65233d-77d6-41a2-a229-89f136e0f7e4,"Evaporator Core Cleaner (PN 1052, 10 oz aerosol foam, Patented Process).","EVC-007 = MOC PN 1052. Foam, deep clean. Beat the Heat program.",zero,ACE-053,HVAC,Pitches by Op Code,
Service Knowledge — AC HVAC,100,update,690ee8b2-95d9-44a9-b489-b633a2fe6dc8,"Odor-B-Gone Fogger (PN 1065, 5 oz aerosol).","Fogger PN 1065 = set, lock, leave 10 minutes.",zero,ACR-047,HVAC,Pitches by Op Code,
Service Knowledge — AC HVAC,101,update,1d7a594f-5f34-4fdb-8697-b7083018a52a,"Fresh A/C (PN 10507, 2 oz aerosol) — THE EPA-REGISTERED HOSPITAL-GRADE DISINFECTANT.","Fresh A/C PN 10507 = hospital-grade. EPA-registered. Kills viruses, bacteria, mold.",zero,CAF-002,Filters,Pitches by Op Code,
Service Knowledge — AC HVAC,102,update,4dc77e04-4349-4a6c-bf30-91ed1a35f5c4,"MOC A/C Service Equipment — Universal Misting Gun (for Odor-B-Gone Liquid), A/C Injector Tool #76004 (for A/C Quiet MAX), ArcticBlast Injector Tools (#76008 for R-134a; #76025 for R-1234yf), Evaporator Core Cleaner hose assembly and case adapter (included with PN 1052).",MOC has the tools for every product.,zero,ACR-047,HVAC,Pitches by Op Code,
Service Knowledge — AC HVAC,106,update,15f8ec42-8574-4f72-adde-65a44085ed83,Strategy 1: The 'How Is Your Air Conditioning Working' Opening (preserved from existing Engine & Perf R10 word track).,How is your AC working? — Ask every customer April-October.,zero,ACR-047,HVAC,Pitches by Op Code,
Service Knowledge — AC HVAC,107,update,c79dee18-c13c-495c-a5d4-b403ad5636f7,"Strategy 2: ArcticBlast — 45 Seconds, Every Customer, No Exceptions (preserved from Success Cycle Speech R18).",45 seconds. Every customer. Allergic to money if you skip it.,zero,ABT-054,HVAC,Pitches by Op Code,
Service Knowledge — AC HVAC,108,update,60917cf5-3588-47f4-8b14-1768f18621d7,"Strategy 3: BEAT THE HEAT Program (preserved from Success Cycle Speech R43, R47).",Beat the Heat = ArcticBlast + AC EVAP. 30K compressor warranty.,zero,ABT-054,HVAC,Pitches by Op Code,
Service Knowledge — AC HVAC,109,update,326ad913-7a0d-42eb-a811-0a91d40c99b6,Strategy 4: Cabin Filter Piggyback — Every Filter Is an A/C Conversation (preserved from Success Cycle Speech R22).,30% less airflow at 25K miles — say that.,zero,ACR-047,HVAC,Pitches by Op Code,
Service Knowledge — AC HVAC,110,update,5801f14f-d1f2-4c44-83f8-ad14207e45df,Strategy 5: The Cabin Filter Affects Heat Too — Year-Round (preserved from Success Cycle Speech R38).,CAF affects heat too. 20-25% less heat at 25K.,zero,CAF-002,Filters,Pitches by Op Code,
Service Knowledge — AC HVAC,111,update,4c946f68-5f87-488f-a0c9-797803bccc84,Strategy 6: Cabin Filter Upgrade Options — Charcoal / Scented / Three-Tier Offer (preserved from Success Cycle Speech R39 + R37).,"Three options: standard, charcoal, scented. Plus Fresh A/C.",zero,CAF-002,Filters,Pitches by Op Code,
Service Knowledge — AC HVAC,112,update,2b7451a4-510b-422b-a508-da2a50ba4174,Strategy 7: Refrigerant Identification — Customer-Cost Honesty.,Check the label. R-134a = cheap. R-1234yf = 5-10x more.,zero,ACR-047,HVAC,Pitches by Op Code,
Service Knowledge — AC HVAC,116,update,3ee5da45-e63a-42f8-878c-1e2f4f720940,"A/C service has BROAD industry consensus on the underlying reality — the R-134a to R-1234yf REFRIGERANT TRANSITION is the biggest A/C industry change in 25 years, EPA SECTION 609 CERTIFICATION is the legal foundation of automotive A/C service, and MOLD/MILDEW IN THE EVAPORATOR is the most common A/C complaint customers bring in.",Refrigerant change + EPA cert + mold = A/C reality.,zero,ACR-047,HVAC,Pitches by Op Code,
Service Knowledge — AC HVAC,117,update,90f39b04-6d4f-4f2a-b5ff-8d4270a78267,THE R-1234yf TRANSITION HAS CHANGED THE COST OF MAJOR REPAIRS SIGNIFICANTLY.,Check the label first. 5-10x cost difference.,zero,ACR-047,HVAC,Pitches by Op Code,
Service Knowledge — AC HVAC,118,update,61f21423-03da-4bd4-b0d7-a94e4947dcd8,EV AND HYBRID ELECTRIC COMPRESSORS USE POE OIL ONLY — NEVER PAG OIL.,Hybrid + EV = POE only. NEVER PAG. Across all OEMs.,zero,ACR-047,HVAC,Pitches by Op Code,
Service Knowledge — AC HVAC,119,update,6ae7eb38-98b9-4dae-90e1-43c24668c1aa,Practical guidance summary.,Identify / verify / annual / pair CAF / Beat the Heat / odor / POE on EV / sensory cues.,zero,ACR-047,HVAC,Pitches by Op Code,
Service Knowledge — AC HVAC,120,update,529aeb7c-e3de-4a52-a212-30f6db380ac8,Position A/C service as INEXPENSIVE INSURANCE vs the cost of compressor or evaporator replacement after fluid neglect.,Inexpensive insurance + customer feels the difference.,zero,ACR-047,HVAC,Pitches by Op Code,
Service Knowledge — EV Hybrid,5,update,93395da8-cb8e-47c3-835d-783a8b85c108,"EV MAINTENANCE IS FUNDAMENTALLY RESTRUCTURED — EDUCATION FIRST, SALE SECOND.","EVs need fewer services. Education first, sale second.",zero,CPC-051,EV & Hybrid,Pitches by Op Code,
Service Knowledge — EV Hybrid,6,update,32b6b3b0-a1bd-4b9d-ab10-8638fd9f6aea,CHARGE PORT CLEANING — A $30-50 SERVICE MOST CUSTOMERS DON'T KNOW EXISTS.,Charge port cleaning — $30-50 service no one else offers.,zero,CPC-051,EV & Hybrid,Pitches by Op Code,
Service Knowledge — EV Hybrid,7,update,3300bf5e-7041-4b05-9b24-bc5171d9cf67,RODENT DETERRENT — THE MOST OVERLOOKED EV SERVICE.,"$25 prevents $3,000-$10,000 in wiring damage. Pitch every EV.",zero,RDD-052,EV & Hybrid,Pitches by Op Code,
Service Knowledge — EV Hybrid,8,update,47b4af1c-0f76-4682-acec-ca9422bfbb36,THE 12V BATTERY STILL EXISTS ON EVERY EV — FAILURE CAUSES TOTAL LOCKOUT.,Did you know your EV has a 12V battery? Test annually.,zero,BAT-033,Battery,Pitches by Op Code,
Service Knowledge — EV Hybrid,9,update,4fbe120e-af55-4915-bd79-fde9b7c760d2,EV TIRES WEAR FASTER — INSTANT TORQUE + BATTERY WEIGHT = MORE FREQUENT REPLACEMENTS.,EV tires wear faster. Rotate more often. Bridgestone Turanza EV / Continental Tesla OE.,zero,TRO-022,Tires & Rotation,Pitches by Op Code,
Service Knowledge — EV Hybrid,10,update,c448f75a-de28-49a1-8972-aaca7c844108,BRAKE FLUID STILL REQUIRED ON EVs — REGEN REDUCES PAD WEAR BUT DOESN'T ELIMINATE FLUID DEGRADATION.,EVs still need brake fluid. Every 2 years. MOC Ultra DOT 5.1.,zero,BFF-012,Brake Service,Pitches by Op Code,
Service Knowledge — EV Hybrid,11,update,0195cef4-dc36-42d2-b318-2afd09a4f251,"A/C STILL REQUIRES SERVICE — POE OIL ONLY ON ELECTRIC COMPRESSORS, NEVER PAG.",EV/Hybrid A/C = POE only. NEVER PAG. Cabin filter still applies.,zero,ACR-047,HVAC,Pitches by Op Code,
Service Knowledge — EV Hybrid,12,update,01badd39-06e2-48ec-ab2f-5e526fdeb4bd,BATTERY COOLING FLUID DOES NEED SERVICE ON MOST APPLICATIONS — REGARDLESS OF 'LIFETIME' CLAIMS.,EV battery coolant needs service. Lifetime claims = mostly myth. MOC Protect PN 04441.,zero,CLF-010,Fluids,Pitches by Op Code,
Service Knowledge — EV Hybrid,17,update,34cd8187-7fdb-4465-b6dd-c091dffbf9d5,"DRIVE BATTERY WARRANTY: 8-year/100,000-mile (Model 3/Y Standard); 8-year/120,000-mile (Long Range); 8-year/150,000-mile (Performance / Model S/X).",Tesla 8 years / 100K-150K + 70% retention.,zero,CPC-051,EV & Hybrid,Pitches by Op Code,
Service Knowledge — EV Hybrid,18,update,aceeae7c-efc5-462e-9389-d7b01b77d589,SERVICE POSITION: Tesla famously claims 'EVs require no scheduled maintenance' — the actual reality is more nuanced.,Tesla still needs service. Annual caliper in cold/coastal.,zero,CPC-051,EV & Hybrid,Pitches by Op Code,
Service Knowledge — EV Hybrid,19,update,9b4ed914-1ca4-4323-9117-93a0073770c4,Tesla Model 3/Y has 'lifetime' coolant claims THAT HAVE BEEN WALKED BACK.,Tesla lifetime = walkback. Cybertruck 48V = different. Charge port cleaning = upsell.,zero,CPC-051,EV & Hybrid,Pitches by Op Code,
Service Knowledge — EV Hybrid,20,update,3a4ba1f0-20ee-4a2a-8012-b1e1a4570c86,"Common Tesla issues: 12V battery failures (frequent — many Tesla customers don't know they have one), MCU/MCU2 failures, suspension control arms (Model S/X).",Tesla 12V = annual test. Big customer education opportunity.,zero,CPC-051,EV & Hybrid,Pitches by Op Code,
Service Knowledge — EV Hybrid,22,update,eb9bd8fe-c473-4f3c-b634-de680f5b9eba,"DRIVE BATTERY WARRANTY: 8-year/100,000-mile on F-150 Lightning, Mustang Mach-E, E-Transit.",Ford EV 8/100K. Still has service intervals.,zero,CPC-051,EV & Hybrid,Pitches by Op Code,
Service Knowledge — EV Hybrid,23,update,0cc5bee8-1469-4dc2-8752-9bc26bec2bce,"F-150 Lightning, Mustang Mach-E use single-speed reduction gearboxes — no transmission service required.",Ford EV = POE oil. Cabin filter 20K. Brake fluid 2yr.,zero,CPC-051,EV & Hybrid,Pitches by Op Code,
Service Knowledge — EV Hybrid,24,update,2c34022b-71f1-4848-ae24-a94d0802f5dd,"The F-150 Lightning has dual battery pack options (98 kWh standard, 131 kWh extended) with thermal management requiring coolant service.",Lightning = 98/131 kWh. Battery coolant = Motorcraft Specialty Orange.,zero,CPC-051,EV & Hybrid,Pitches by Op Code,
Service Knowledge — EV Hybrid,25,update,ff2067fb-8800-4a32-a4f0-eb90961ace0d,"Common Ford EV issues: charge port contactor wear (perfect MOC PN 1097 application), infotainment lockups, 12V battery failures.",Ford EV 12V = annual test. Charge port = upsell.,zero,BAT-033,Battery,Pitches by Op Code,
Service Knowledge — EV Hybrid,27,update,03698279-1aa1-460d-9d4a-7ebcc868a791,"DRIVE BATTERY WARRANTY: 8-year/100,000-mile on Bolt, Silverado EV, Hummer EV, Lyriq, Equinox EV, Blazer EV.",GM EV 8/100K. Still has scheduled service.,zero,CPC-051,EV & Hybrid,Pitches by Op Code,
Service Knowledge — EV Hybrid,28,update,02911b2a-fe2c-48a6-903c-51d393813b38,GM EVs use Ultium platform (most current applications) with proprietary battery cooling.,GM EV = POE oil. Honda Prologue = GM platform. Caliper corrosion in cold/coastal.,zero,CPC-051,EV & Hybrid,Pitches by Op Code,
Service Knowledge — EV Hybrid,29,update,c6bd514f-a66b-4a4b-8e9a-21e83b168832,"The Hummer EV has unique service procedures due to off-road capability and sheer size (9,000+ lbs).",Hummer EV = special. GM has charging app.,zero,CPC-051,EV & Hybrid,Pitches by Op Code,
Service Knowledge — EV Hybrid,30,update,1604c706-c3e7-4e2a-9883-7a04d8a93bf4,"Common GM EV issues: charge cord port wear (perfect MOC PN 1097 application), infotainment issues, 12V battery failures.",GM EV 12V = annual test. Charge port = upsell.,zero,BAT-033,Battery,Pitches by Op Code,
Service Knowledge — EV Hybrid,32,update,9e5c1744-369d-4615-9062-f3fbb497cd10,"DRIVE BATTERY WARRANTY: 10-year/150,000-mile on hybrid battery — longest in industry alongside Hyundai/Kia.",Toyota Hybrid 10/150K. Lexus same. bZ4X 8/100K.,zero,CPC-051,EV & Hybrid,Pitches by Op Code,
Service Knowledge — EV Hybrid,33,update,7d9c41de-7aa3-48ea-8fab-8a81c48045d1,Toyota's hybrid lineup is the dominant service driver — pure EV (bZ4X) has minimal scheduled service.,Toyota Hybrid POE only. Hybrid 12V = SMALLER. Confirm part on every RO.,zero,CPC-051,EV & Hybrid,Pitches by Op Code,
Service Knowledge — EV Hybrid,34,update,31603272-3a35-4a5e-90e2-e8b344f63411,The bZ4X uses heat pump A/C for both cooling AND heating — different from conventional A/C service.,bZ4X = heat pump. Toyota lifetime = walkback.,zero,CPC-051,EV & Hybrid,Pitches by Op Code,
Service Knowledge — EV Hybrid,35,update,c87d00be-c4d2-4f8b-b59b-f3960ced8bd0,"Common Toyota Hybrid issues: hybrid battery degradation (post-warranty), 12V battery failures, A/C compressor sensor issues.",Toyota Hybrid still needs maintenance. Confirm part on every RO.,zero,CPC-051,EV & Hybrid,Pitches by Op Code,
Service Knowledge — EV Hybrid,37,update,85cc84f1-f1ce-4104-98a6-7f946bdc9894,"DRIVE BATTERY WARRANTY: 8-year/100,000-mile on hybrid and EV applications.",Honda EV/Hybrid 8/100K.,zero,CPC-051,EV & Hybrid,Pitches by Op Code,
Service Knowledge — EV Hybrid,38,update,e89bdb81-b682-406a-affd-59cd4e12307e,"Honda Hybrid models (Accord Hybrid, CR-V Hybrid, Insight) use Honda i-MMD hybrid system with electric A/C compressors and POE OIL — NEVER substitute PAG.",Honda Hybrid POE only. i-MMD. Hybrid 12V = smaller.,zero,CPC-051,EV & Hybrid,Pitches by Op Code,
Service Knowledge — EV Hybrid,39,update,bb0152f6-ff99-47e8-8909-ee54310a2d71,"The Honda Prologue and Acura ZDX EVs use GM Ultium platform — service procedures follow GM EV protocols, NOT Honda.",Honda Prologue / Acura ZDX = GM platform. NOT Honda parts.,zero,CPC-051,EV & Hybrid,Pitches by Op Code,
Service Knowledge — EV Hybrid,40,update,6d335e36-5c6e-4baf-8fe4-1fde5a358c24,"Common Honda Hybrid issues: hybrid battery cell degradation (post-warranty), A/C compressor failures.","Honda Hybrid history = IMA had issues, i-MMD better. Future = 0 Series 2026.",zero,CPC-051,EV & Hybrid,Pitches by Op Code,
Service Knowledge — EV Hybrid,42,update,a0b91495-dba6-422c-90ea-54ce04de038a,"DRIVE BATTERY WARRANTY: 8-year/100,000-mile on Pacifica Hybrid, FIAT 500e, Charger Daytona EV.",Stellantis EV 8/100K. Late to EV.,zero,CPC-051,EV & Hybrid,Pitches by Op Code,
Service Knowledge — EV Hybrid,43,update,49593847-b411-4070-95c1-abd7b06ffb83,The Pacifica Hybrid uses unique eFlite hybrid transmission with specific service requirements (cross-references Service Knowledge — Trans R45 + Coolant R41).,Pacifica Hybrid = eFlite. Charger Daytona EV = simulated V8 sound.,zero,CPC-051,EV & Hybrid,Pitches by Op Code,
Service Knowledge — EV Hybrid,44,update,75667960-5394-428d-a6ec-75577b64a31a,Pacifica Hybrid's battery thermal management uses specific coolant requirements.,Pacifica Hybrid 16 kWh. LG cells. Jeep / Ram EVs coming.,zero,CPC-051,EV & Hybrid,Pitches by Op Code,
Service Knowledge — EV Hybrid,45,update,3838e6ae-2f89-4d4f-9cbe-ad75fe5e0c20,"Common Stellantis Hybrid issues: hybrid system module failures, 12V battery issues.","Stellantis EVs = no belt, no plugs, no throttle. Pacifica Hybrid still has gas-side service.",zero,CPC-051,EV & Hybrid,Pitches by Op Code,
Service Knowledge — EV Hybrid,47,update,0245c05d-95a7-4fe7-8525-747b78817949,"DRIVE BATTERY WARRANTY: 8-year/100,000-mile on Solterra EV.",Subaru EV 8/100K.,zero,CPC-051,EV & Hybrid,Pitches by Op Code,
Service Knowledge — EV Hybrid,48,update,f5516728-5f6b-493d-bf9a-c2513b83cffc,The Solterra EV is a Toyota bZ4X twin — service procedures follow Toyota EV protocols (cross-references Battery R76 — Prime Planet Energy JV; Belts R80 / Plugs R80 / Throttle R80 / Hoses R80 — same EV no-service-needed honest answers).,Solterra = Toyota bZ4X. Crosstrek Hybrid = limited-market.,zero,CPC-051,EV & Hybrid,Pitches by Op Code,
Service Knowledge — EV Hybrid,49,update,c107c5f9-c244-4f8a-86fa-3526dbacf695,"Subaru's outdoor-adventure customer base is uniquely susceptible to rodent intrusion (camping, garage parking) — MOC Banish (PN 0160) is particularly relevant for Subaru customers.","Subaru = camping / garage = rodent target. Banish = $25 vs $3,000-$10,000.",zero,RDD-052,EV & Hybrid,Pitches by Op Code,
Service Knowledge — EV Hybrid,50,update,401e8aea-09cc-48e0-b953-f0202769dbd8,Subaru is investing in its own EV platform development (separate from the Toyota partnership) for future (cross-references Battery R83).,Subaru future EVs coming. 200K longevity = consistent service.,zero,CPC-051,EV & Hybrid,Pitches by Op Code,
Service Knowledge — EV Hybrid,52,update,b6a357de-4b94-47af-a4e5-d20e95c24409,"DRIVE BATTERY WARRANTY: 10-year/100,000-mile on Ioniq 5/6, EV6, EV9, Genesis EVs — among the best in the industry.",H/K EV 10/100K. Best in class.,zero,CPC-051,EV & Hybrid,Pitches by Op Code,
Service Knowledge — EV Hybrid,53,update,8d176f02-90f1-4e90-831d-f847a740e395,"The Ioniq 5/6, EV6, EV9 use E-GMP platform with 800V architecture — fastest charging in the segment.",H/K EV = 800V. Ioniq 5 N / EV6 GT = performance.,zero,CPC-051,EV & Hybrid,Pitches by Op Code,
Service Knowledge — EV Hybrid,54,update,4f99b76a-e60f-45f8-82a6-6259760d4413,"Common Hyundai/Kia EV issues: integrated charging unit (ICCU) failures, ICCU recalls on legacy production.",H/K EV = ICCU known issue. H/K Hybrid = POE only.,zero,CPC-051,EV & Hybrid,Pitches by Op Code,
Service Knowledge — EV Hybrid,55,update,a27b38b7-9ffe-4a8e-8a68-4b83d86cf612,"The Tucson, Sportage, Sorento, Santa Fe Hybrid, and Niro Hybrid use 1.49 kWh lithium-ion hybrid batteries (cross-references Battery R91).",H/K Hybrid 1.49 kWh. Cabin filter 15-22.5K severe.,zero,CPC-051,EV & Hybrid,Pitches by Op Code,
Service Knowledge — EV Hybrid,57,update,5c735b05-7bad-4f88-b223-729c191aa3c8,"DRIVE BATTERY WARRANTY: 8-year/100,000-mile on Leaf, Ariya.",Nissan = EV pioneer. Leaf since 2010.,zero,CPC-051,EV & Hybrid,Pitches by Op Code,
Service Knowledge — EV Hybrid,58,update,af4edbc9-462b-4955-bf55-c561bfa74a5b,The Nissan Leaf is one of the longest-running production EVs (since 2010) — world's first mass-market lithium-ion EV (cross-references Battery R99).,Older Leaf = degradation. Air-cooled = hot climate problem.,zero,CPC-051,EV & Hybrid,Pitches by Op Code,
Service Knowledge — EV Hybrid,59,update,f6625de4-a96a-45a6-88ac-bf4756efdfd6,The Nissan Ariya uses CMF-EV platform with single-speed reduction gear.,Ariya = POE. Heat pump = different service.,zero,CPC-051,EV & Hybrid,Pitches by Op Code,
Service Knowledge — EV Hybrid,60,update,b944490e-c4fb-492f-ab21-a633d4f9b562,"Common Leaf issues: battery degradation, 12V battery failures, infotainment lockups.",Older Leaf = CHAdeMO going away. Infiniti EVs coming.,zero,CPC-051,EV & Hybrid,Pitches by Op Code,
Service Knowledge — EV Hybrid,62,update,ff89be28-2043-49a9-a46a-6a1a796824bc,"DRIVE BATTERY WARRANTY: 8-year/100,000-mile on MX-30 EV, CX-90 PHEV, CX-70 PHEV.",Mazda EV 8/100K. Limited presence.,zero,CPC-051,EV & Hybrid,Pitches by Op Code,
Service Knowledge — EV Hybrid,63,update,fe243076-9200-4f66-97d6-6eca34babfd4,The MX-30 EV has limited US availability — primarily California and West Coast.,MX-30 = CA only. CX-90 PHEV = 26-mile EV.,zero,CPC-051,EV & Hybrid,Pitches by Op Code,
Service Knowledge — EV Hybrid,64,update,cc8c95ed-eeab-4750-a2ba-fbe405038810,Mazda's i-stop start-stop system on hybrid applications causes more thermal cycling.,Mazda i-stop = thermal cycling. Rotary range extender = Japan/Europe only.,zero,CPC-051,EV & Hybrid,Pitches by Op Code,
Service Knowledge — EV Hybrid,66,update,be99575f-e7d4-4928-89b7-a0e89d3ba365,"DRIVE BATTERY WARRANTY: 10-year/155,000-mile (250,000 km) on EQS, EQE, EQB, EQS SUV — among the longest in the industry (cross-references Battery R129).",Mercedes EV 10/155. Industry-leading.,zero,CPC-051,EV & Hybrid,Pitches by Op Code,
Service Knowledge — EV Hybrid,67,update,d89fb95e-a9f4-41df-95d8-431ca32fac15,"The EQ lineup uses Mercedes' EVA architecture (EQS, EQE) and shared platform (EQB, EQA).",Mercedes EQ = 400V. AMG EV = high-output. Heat pump A/C.,zero,CPC-051,EV & Hybrid,Pitches by Op Code,
Service Knowledge — EV Hybrid,68,update,fc89a2dd-01c2-4f90-9ff3-dde50509af1c,"Mercedes EV cabin filter recommended at 20,000 miles — carbon-impregnated filters standard (cross-references Service Knowledge — A/C HVAC).",Mercedes EV = carbon cabin filter. MB-Approved required.,zero,CPC-051,EV & Hybrid,Pitches by Op Code,
Service Knowledge — EV Hybrid,70,update,9bc30e04-c535-4325-a569-ddd11c8cc44e,"DRIVE BATTERY WARRANTY: 8-year/100,000-mile on i4, iX, i5, i7, iX3.",BMW EV 8/100K. CBS prompts you.,zero,CPC-051,EV & Hybrid,Pitches by Op Code,
Service Knowledge — EV Hybrid,71,update,5c144c18-71b7-410e-bdd7-e2714badc296,"The i4, iX, i5, i7, iX3 use BMW's eDrive technology with single-speed reduction gear.",BMW EV = eDrive. M EV = high-output. MINI / Rolls = BMW-derived.,zero,CPC-051,EV & Hybrid,Pitches by Op Code,
Service Knowledge — EV Hybrid,72,update,e97cd22d-b3ac-4e41-90e1-b47f0fd3befe,The upcoming BMW Neue Klasse platform (launching with the iX3 in 2026) will use round cells with 20% higher energy density and 30% faster charging (cross-references Battery R143).,BMW Neue Klasse = 2026. NACS adapter = Tesla Supercharger access.,zero,CPC-051,EV & Hybrid,Pitches by Op Code,
Service Knowledge — EV Hybrid,74,update,afdeeb7f-f643-49ae-a98a-db853f1a1517,"DRIVE BATTERY WARRANTY: 8-year/100,000-mile on ID.4, ID.Buzz, Q4/Q6/Q8 e-tron, e-tron GT.",VW/Audi EV 8/100K.,zero,CPC-051,EV & Hybrid,Pitches by Op Code,
Service Knowledge — EV Hybrid,75,update,534e0a00-9a1e-49a0-8629-da4451e5493c,"The ID.4, ID.Buzz, Q4 e-tron use MEB platform with 400V architecture.",VW/Audi MEB = 400V (ID.4). PPE = 800V (Q6/Q8). POE oil only.,zero,CPC-051,EV & Hybrid,Pitches by Op Code,
Service Knowledge — EV Hybrid,76,update,d3dfab9c-b8f6-482f-bff4-8b3f96490a65,"Common VW/Audi EV issues: ID.Software updates required, 12V battery failures, charge port contactor wear (perfect MOC PN 1097 application).",VW/Audi EV = ID.Software updates. NACS coming 2025-2026.,zero,CPC-051,EV & Hybrid,Pitches by Op Code,
Service Knowledge — EV Hybrid,81,update,ef206862-51c6-4941-bd90-dc01f9f4548e,Position: Hybrid-focused with LIMITED pure-EV products.,BG = hybrid-focused. No EV-specific equivalent to MOC.,zero,CPC-051,EV & Hybrid,Pitches by Op Code,
Service Knowledge — EV Hybrid,82,update,fb2dda79-d6fa-4d67-bd1d-2a20da434c0d,"BG's established service ecosystem continues to apply to the ICE side of hybrid applications including transmission, fuel system, and engine services.",BG = covers hybrid gas side.,zero,CPC-051,EV & Hybrid,Pitches by Op Code,
Service Knowledge — EV Hybrid,83,update,078c6f7e-6fcf-4600-b191-2d4276e73139,Field-proven hybrid technology service.,BG covers all hybrid OEMs on gas side.,zero,CPC-051,EV & Hybrid,Pitches by Op Code,
Service Knowledge — EV Hybrid,85,update,c72b1b6a-c5d4-4e4f-9cd5-3796b7e41fbe,Position: Limited EV-specific product line.,Wynn's = fuel/trans focus. Limited EV.,zero,CPC-051,EV & Hybrid,Pitches by Op Code,
Service Knowledge — EV Hybrid,86,update,c0a5573c-ecd5-4194-9369-e853069bad2e,Wynn's has been around since 1939.,"Wynn's = old brand, slow EV adaptation.",zero,CPC-051,EV & Hybrid,Pitches by Op Code,
Service Knowledge — EV Hybrid,87,update,86bb317b-a434-4f50-a7da-16d51045e6e9,Battery cooling system services use Wynn's traditional cooling system products applied to hybrid battery cooling applications.,Wynn's = covers hybrid battery cooling.,zero,CPC-051,EV & Hybrid,Pitches by Op Code,
Service Knowledge — EV Hybrid,89,update,17f0c36d-cb7f-4c4e-9757-c3ebd9e49148,Position: Limited EV-specific products.,Bardahl = fuel/engine focus. Limited EV.,zero,CPC-051,EV & Hybrid,Pitches by Op Code,
Service Knowledge — EV Hybrid,90,update,851ee1ca-1754-483a-b7d3-070a7eace2cd,"Motorsport heritage including Bardahl-sponsored vehicles — motorsport is increasingly EV-focused (Formula E, Extreme E) but Bardahl's established product line is ICE-focused.",Bardahl = motorsport heritage but slow on EV.,zero,CPC-051,EV & Hybrid,Pitches by Op Code,
Service Knowledge — EV Hybrid,91,update,bddd22bb-3eb2-423e-8437-ad594e2b8a96,OEM-compatible chemistry across hybrid applications addresses the conventional engine side of these vehicles.,Bardahl = covers hybrid gas side.,zero,CPC-051,EV & Hybrid,Pitches by Op Code,
Service Knowledge — EV Hybrid,95,update,02a6e0f1-048f-45e9-9d0b-6bab92ede0fd,Position: MOC HAS THE FEWEST EV-SPECIFIC PRODUCTS BUT THE MOST INNOVATIVE.,MOC = 2 EV products + broader catalog. Motorcraft = Ford OE.,zero,CPC-051,EV & Hybrid,Pitches by Op Code,
Service Knowledge — EV Hybrid,96,update,08e5c1e2-6023-48b8-81a5-5fb500b0e070,"Charge Port Cleaner (PN 1097, 2 oz aerosol with brush adapters PN 71372 and PN 71373) — PATENT PENDING.",MOC PN 1097 = patent-pending. Charge port cleaning. No competitor has it.,zero,CPC-051,EV & Hybrid,Pitches by Op Code,
Service Knowledge — EV Hybrid,97,update,0e648fa6-581a-4e25-99fc-a2101db68f68,"Banish — Rodent Deterrent (PN 0160, 8 oz spray bottle case of 12 / 1 gallon refill case of 4).","MOC PN 0160 Banish = $25 prevents $3,000-$10,000 wiring damage. EVERY EV customer.",zero,RDD-052,EV & Hybrid,Pitches by Op Code,
Service Knowledge — EV Hybrid,98,update,d16825ca-2a53-4d03-befe-f552a0ab9133,THE BROADER MOC CATALOG APPLIES TO EV SERVICE.,"MOC catalog covers EVs: A/C Quiet MAX, Ultra DOT 5.1, EV-HEV Brake Service, Protect.",zero,CPC-051,EV & Hybrid,Pitches by Op Code,
Service Knowledge — EV Hybrid,99,update,17b6e5aa-151c-4dd6-9f0f-5455276effa3,MOC IS ONE OF THE FEW ESTABLISHED CHEMICAL COMPANIES WITH EV-SPECIFIC INNOVATION.,MOC = only chemistry brand with EV-specific innovation. Real advantage.,zero,CPC-051,EV & Hybrid,Pitches by Op Code,
Service Knowledge — EV Hybrid,103,update,e49ebc01-945a-4e4e-8a63-b0fa05e5b304,"Strategy 1: The 'Education First, Sale Second' Opening.",Education first. Then pitch.,zero,CPC-051,EV & Hybrid,Pitches by Op Code,
Service Knowledge — EV Hybrid,104,update,2561e03b-455e-4d82-b4e9-fa199a64fc62,Strategy 2: The Patent-Pending Charge Port Cleaner Pitch (CPC-051).,Charge port cleaner = patent-pending. Only we have it. $30-50.,zero,CPC-051,EV & Hybrid,Pitches by Op Code,
Service Knowledge — EV Hybrid,105,update,4b179c6e-cf21-435f-978d-6c7ee4088971,Strategy 3: The Banish Rodent Deterrent Pitch (RDD-052).,"Banish = $25 vs $3,000-$10,000. Every EV customer.",zero,RDD-052,EV & Hybrid,Pitches by Op Code,
Service Knowledge — EV Hybrid,106,update,40ab9b98-f1e4-4591-b6c4-b451d112c7c5,Strategy 4: The 12V Battery Education Sale (preserved from existing Product Knowledge — Battery Strategy 3 R233).,EV 12V = annual test. Free inspection. High conversion.,zero,BAT-033,Battery,Pitches by Op Code,
Service Knowledge — EV Hybrid,107,update,1f01a81c-72ad-4142-acb3-e3b095c4c691,Strategy 5: The 'EV Tires Wear Faster' Conversation (preserved from Product Knowledge — Tires R205).,EV tires wear faster. Rotate more often.,zero,TRO-022,Tires & Rotation,Pitches by Op Code,
Service Knowledge — EV Hybrid,108,update,020aad4f-96ab-4e49-958a-74ef5d5e9426,Strategy 6: The Brake Fluid Still Required Conversation (preserved from Service Knowledge — Brake Fluid R12).,EV brake fluid = 2 years. MOC Ultra DOT 5.1.,zero,BFF-012,Brake Service,Pitches by Op Code,
Service Knowledge — EV Hybrid,109,update,6bb7478b-3216-406e-921c-7e65479f5902,Strategy 7: The A/C POE Oil Critical Awareness.,EV/Hybrid A/C = POE only. We know this. Some shops don't.,zero,ACR-047,HVAC,Pitches by Op Code,
Service Knowledge — EV Hybrid,110,update,02154ea9-788a-4eb2-b2f9-e394534f7278,Strategy 8: The Cabin Filter Premium-Customer Pitch (preserved from existing Product Knowledge — CAF tab + Service Knowledge — A/C HVAC).,EV cabin filter = often HEPA. Quiet cabin = customer notices.,zero,CAF-002,Filters,Pitches by Op Code,
Service Knowledge — EV Hybrid,114,update,70634e67-13b8-4ff7-a64a-78b640f3c05a,"EV maintenance has SETTLED industry consensus on the underlying restructuring — most traditional services (oil changes, transmission service, fuel injection, decarb, throttle bodies, spark plugs, engine flush, combustion-side belts/hoses) DO NOT APPLY.",EV = fewer services. Education first.,zero,CPC-051,EV & Hybrid,Pitches by Op Code,
Service Knowledge — EV Hybrid,115,update,c836ac09-0c7d-4635-9caa-0ac4ee70f180,THE 'NO MAINTENANCE NEEDED' MARKETING IS BROADLY MISLEADING — BUT EDUCATION IS YOUR CONVERSION TOOL.,EV customer wants education. Dealership advantage.,zero,CPC-051,EV & Hybrid,Pitches by Op Code,
Service Knowledge — EV Hybrid,116,update,106fdb33-f58d-44fd-a192-1db48bc002a7,MOC HAS THE ONLY GENUINELY-INNOVATIVE EV-SPECIFIC PRODUCT IN THE CHEMICAL COMPANY SPACE.,MOC = only chemistry brand with EV innovation. Real advantage.,zero,CPC-051,EV & Hybrid,Pitches by Op Code,
Service Knowledge — EV Hybrid,117,update,6515dc3c-93e7-40be-b123-a6cbc772c50b,Practical guidance summary.,Education / charge port / Banish / 12V / tires / brake fluid / POE / cooling / cabin filter.,zero,CPC-051,EV & Hybrid,Pitches by Op Code,
Service Knowledge — EV Hybrid,118,update,8adff11c-288c-4ca1-adf4-928ecd5b719b,Position EV service as EDUCATION-DRIVEN OPPORTUNITY CAPTURE.,EV = education + recurring revenue. Match or beat ICE per customer.,zero,CPC-051,EV & Hybrid,Pitches by Op Code,
Product Knowledge — Hoses,5,update,267fbf7e-7b78-40fc-b01f-fc9532cd615d,Electrochemical degradation (ECD) is the #1 cause of premature coolant hose failure — over 60% of failures — and ECD attacks from the INSIDE OUT.,Hoses fail from the inside — visual inspection isn't enough.,zero,CLH-042,Belts & Cooling,Pitches by Op Code,
Product Knowledge — Hoses,6,update,9ec238e2-6fe1-4132-bbda-4a91d4bf57fc,A coolant hose failure is rarely just a hose problem — it's a head gasket risk.,A bad hose can cost you the engine.,zero,CLH-042,Belts & Cooling,Pitches by Op Code,
Product Knowledge — Hoses,7,update,710b2e80-6ceb-4ee6-9025-ce4b76d3f59d,Coolant hoses must be replaced as part of the coolant flush service — not as a separate visit later.,Hoses + flush — same visit.,zero,CLH-042,Belts & Cooling,Pitches by Op Code,
Product Knowledge — Hoses,8,update,1bc8f1e7-4226-4e2b-a8c4-1c728f63563c,Wrong coolant chemistry destroys hoses.,OEM coolant only — wrong chemistry kills hoses.,zero,CLH-042,Belts & Cooling,Pitches by Op Code,
Product Knowledge — Hoses,9,update,062f55e6-07e3-4f95-9c3b-b281ff38d032,Modern engines run 16-20 PSI cooling system pressure — versus 4-8 PSI on legacy engines.,Modern engines work hoses harder — quality matters more than ever.,zero,CLH-042,Belts & Cooling,Pitches by Op Code,
Product Knowledge — Hoses,14,update,14731f70-1ca9-4b1a-a340-52f53a4d9b66,"Motorcraft is Ford's OE coolant hose brand — engineered to match the specific engine bay temperatures, coolant chemistry, and routing of Ford and Lincoln applications.",Motorcraft is Ford's brand for your truck.,zero,CLH-042,Belts & Cooling,Pitches by Op Code,
Product Knowledge — Hoses,15,update,b891b121-005f-4154-83fb-f8f2e4a053ab,"Ford's modern engines (EcoBoost 1.0L through 3.5L, Coyote 5.0L V8, 6.7L Power Stroke diesel) operate at significantly higher coolant temperatures and pressures than legacy engines — placing greater demands on hoses than vehicles from even 15 years ago.",Newer Ford engines work hoses harder.,zero,CLH-042,Belts & Cooling,Pitches by Op Code,
Product Knowledge — Hoses,16,update,1cb06855-ac6b-42f1-a7ac-9f6b39862212,"Ford uses a mix of conventional rubber hoses and quick-connect plastic-to-rubber assemblies — the plastic connectors are common failure points, often requiring replacing the entire assembly rather than just the hose.",Some Ford hoses are full assemblies — different than a simple hose.,zero,CLH-042,Belts & Cooling,Pitches by Op Code,
Product Knowledge — Hoses,17,update,71eea7ea-903d-4093-ac68-0a0c5a1a4996,"F-150 and Super Duty trucks with the 6.7L Power Stroke diesel have an extensive coolant hose network — engine cooling, EGR cooling, oil cooler, and air-to-water intercooler circuits — far more hoses than gasoline counterparts.",Power Stroke has more hoses than the gas trucks.,zero,CLH-042,Belts & Cooling,Pitches by Op Code,
Product Knowledge — Hoses,18,update,3bb43d5b-4f5b-4baa-ba9f-4a4c6f0c47af,EcoBoost engines have known coolant hose vulnerabilities at the turbocharger water lines — high temperatures cycle hoses repeatedly between hot and cold.,EcoBoost turbo lines wear faster — common issue.,zero,CLH-042,Belts & Cooling,Pitches by Op Code,
Product Knowledge — Hoses,19,update,487d232a-ce4b-4737-9b27-d78f3efedeb5,"Mustang GT, Mach 1, Dark Horse, and Shelby applications have heavier-duty hose specifications — validated for sustained high-RPM operation and (on Shelby) the supercharger intercooler coolant circuit.",Performance Mustang — performance hoses.,zero,CLH-042,Belts & Cooling,Pitches by Op Code,
Product Knowledge — Hoses,20,update,8634a063-39b3-4605-aff0-2e2abd414ecf,"Ford recommends coolant hose inspection at every oil change — thorough visual and squeeze test for soft spots, swelling, or hardening.",Ford wants us to check hoses every oil change.,zero,CLH-042,Belts & Cooling,Pitches by Op Code,
Product Knowledge — Hoses,21,update,1733271c-4ab9-4116-bd10-56ad14b8413f,"Mach-E, F-150 Lightning, and other Ford EVs still have coolant hoses — for traction battery cooling, motor cooling, and cabin climate.","Your EV has coolant hoses too — different system, same service need.",zero,CLH-042,Belts & Cooling,Pitches by Op Code,
Product Knowledge — Hoses,22,update,369a0da4-68d3-4023-8444-2354f8e2e098,"Ford's coolant specifications have shifted multiple times — Gold (legacy), Orange (Motorcraft Specialty Orange), Yellow (newer applications) — using the wrong coolant can chemically degrade hoses prematurely.",Right coolant for the right Ford — wrong one kills hoses.,zero,CLH-042,Belts & Cooling,Pitches by Op Code,
Product Knowledge — Hoses,23,update,8bb93291-6b12-4b79-a187-e8c6a6476e5b,"Lincoln Navigator, Aviator, and Nautilus often have additional hoses for transmission cooling, oil cooling, and turbocharger circuits — making the cooling system more complex and inspection more important.",Lincoln has more hoses — more to check.,zero,CLH-042,Belts & Cooling,Pitches by Op Code,
Product Knowledge — Hoses,26,update,33d908a7-4732-41d0-b21d-0013331b4ce4,ACDelco is GM's OE coolant hose brand — options include Genuine GM (OE-identical) and Professional (OE-spec for service applications).,ACDelco is GM's brand.,zero,CLH-042,Belts & Cooling,Pitches by Op Code,
Product Knowledge — Hoses,27,update,a25ebe36-0759-452a-aebd-999a27b15a8a,"The LS-based V8s, LT-series small blocks, and LM/L8T truck engines all use specific hose routings validated for the engine and chassis combination.",Specific routing for your truck.,zero,CLH-042,Belts & Cooling,Pitches by Op Code,
Product Knowledge — Hoses,28,update,12eb5132-c124-4d2b-9f12-a11328ab704e,"The 6.6L Duramax diesel (Silverado HD, Sierra HD) has extensive coolant hose networks — engine cooling, EGR cooling, oil cooler, and turbo-related circuits.",Duramax has more hoses than the gas trucks.,zero,CLH-042,Belts & Cooling,Pitches by Op Code,
Product Knowledge — Hoses,29,update,6097e078-0fc8-4a9f-a487-efa1732759fb,"The 6.2L Supercharged LT4 and LT5 (Cadillac Blackwing, Corvette Z06/ZR1, Camaro ZL1) have additional coolant hoses for the supercharger intercooler heat exchanger circuit — running separately from the main engine cooling system.",Supercharger has its own cooling loop.,zero,CLH-042,Belts & Cooling,Pitches by Op Code,
Product Knowledge — Hoses,30,update,dc77d22e-58af-467e-b1fd-fa6e0ef49bed,"Corvette (C7, C8) cooling systems have extensive front-radiator-to-rear-engine hose routing on the C8 due to the mid-engine layout — making hose service more complex than typical applications.",C8 hoses run further — bigger job.,zero,CLH-042,Belts & Cooling,Pitches by Op Code,
Product Knowledge — Hoses,31,update,5a42eea0-b8f5-44cd-add1-bb8b46f604a5,"The Hummer EV, Silverado EV, Lyriq, Bolt EV, and other GM EVs have coolant hoses for traction battery thermal management — critical for performance and longevity in extreme temperatures.",Your EV has coolant hoses for the battery.,zero,CLH-042,Belts & Cooling,Pitches by Op Code,
Product Knowledge — Hoses,32,update,977b8d5d-4613-40d6-b330-6ea7c6fe44c2,GM trucks with Active Fuel Management or Dynamic Fuel Management cylinder deactivation depend on consistent engine temperatures — a degraded hose causing slow coolant loss can create driveability issues attributed elsewhere.,Your truck's fuel system depends on stable cooling.,zero,CLH-042,Belts & Cooling,Pitches by Op Code,
Product Knowledge — Hoses,33,update,91e7ccec-623f-42b2-8df2-c1223b4bf37f,"ACDelco offers coolant hoses for police pursuit, fleet, and commercial applications (Tahoe PPV, Silverado SSV, Express vans) with higher temperature ratings for sustained idle and severe-duty operation.",skip — retail focus.,zero,CLH-042,Belts & Cooling,Pitches by Op Code,
Product Knowledge — Hoses,34,update,1ce4de9e-c1d7-4377-81c6-074723ab027f,GM's Dex-Cool coolant has specific hose compatibility requirements — using non-Dex-Cool products in Dex-Cool applications can cause gel formation that clogs heater cores and degrades hose interiors.,Dex-Cool only — wrong coolant gels and kills hoses.,zero,CLH-042,Belts & Cooling,Pitches by Op Code,
Product Knowledge — Hoses,35,update,d3d2e7e6-f62c-405f-8a8b-4dbd4d61fe3e,GM heater hoses and bypass hoses on V8 trucks are particularly known wear items — often failing before main upper/lower radiator hoses.,Heater hoses fail first on V8 trucks.,zero,CLH-042,Belts & Cooling,Pitches by Op Code,
Product Knowledge — Hoses,38,update,decf5e01-a493-45bb-8100-0779bdb8c4e8,"Toyota OE coolant hoses are typically supplied by Sumitomo Riko, Toyoda Gosei, and other Japanese manufacturers — specifications validated for Toyota's long maintenance intervals.",Toyota's brand of hose.,zero,CLH-042,Belts & Cooling,Pitches by Op Code,
Product Knowledge — Hoses,39,update,8b434688-4820-46d2-9546-6faee145b267,"Toyota Super Long Life Coolant (SLLC, pink) and World Long Life Coolant (red, OEM-spec for older vehicles) have specific chemical formulations that work with Toyota's hose materials — using incompatible coolant can degrade hoses.","Toyota pink for newer, red for older — only those.",zero,CLH-042,Belts & Cooling,Pitches by Op Code,
Product Knowledge — Hoses,40,update,912139cb-aadc-4b9b-b593-e9c202f9dc5c,"The 3.5L V35A twin-turbo V6 in the Tundra, Sequoia, Lexus LX, and Land Cruiser has a more complex coolant hose system than naturally aspirated engines — due to turbo cooling circuits.",Turbo engines have more hoses.,zero,CLH-042,Belts & Cooling,Pitches by Op Code,
Product Knowledge — Hoses,41,update,6b2199f0-5411-42c9-aad2-1fefdc08f076,"Tacoma, 4Runner, Tundra, and Sequoia in severe-duty conditions (off-road, towing in heat) place additional thermal load on hoses — warranting more frequent inspection.",Tough conditions mean checking hoses more often.,zero,CLH-042,Belts & Cooling,Pitches by Op Code,
Product Knowledge — Hoses,42,update,4441e21a-32f7-4647-84c7-ee2ed83f45ff,"Lexus performance applications (IS500, RC F, LC500) have heavier-duty hose specifications — for the 5.0L V8 with high-RPM cooling demands.",Performance Lexus — performance hoses.,zero,CLH-042,Belts & Cooling,Pitches by Op Code,
Product Knowledge — Hoses,43,update,ee6c31bd-2556-4a34-b91e-f497f0c3ce7c,"Hybrid Toyotas (Prius, Camry Hybrid, RAV4 Hybrid, Highlander Hybrid) have additional cooling circuits for the inverter, hybrid battery, and electric motor — with specific hose specifications for those circuits.",Hybrids have more cooling circuits.,zero,CLH-042,Belts & Cooling,Pitches by Op Code,
Product Knowledge — Hoses,44,update,d5ca917a-4b23-4918-b428-09fec9008889,"Toyota recommends coolant replacement every 10 years/100,000 miles initially, then every 5 years/50,000 miles thereafter — with hose inspection at every coolant service.","Toyota recommends coolant replacement every 10 years/100,000 miles initially, then every 5 years/50,000 miles thereafter — with hose inspection at every coolant service.",generic,CLH-042,Belts & Cooling,Pitches by Op Code,
Product Knowledge — Hoses,45,update,3ff7be44-f50f-4bec-b69c-23b78ab94f41,"The bZ4X EV has coolant hoses for traction battery thermal management, motor cooling, and cabin climate — validated for the vehicle's specific thermal management strategy.","The bZ4X EV has coolant hoses for traction battery thermal management, motor cooling, and cabin climate — validated for the vehicle's specific thermal management strategy.",generic,CLH-042,Belts & Cooling,Pitches by Op Code,
Product Knowledge — Hoses,46,update,81d674e1-278f-42e2-a200-d7f2f72b168e,"Toyota's reputation for hitting 200,000+ miles depends partly on consistent cooling system maintenance — a single hose failure can cause head gasket damage that ends an otherwise-reliable engine's life.",Toyota goes 200K+ when we maintain the cooling.,zero,CLH-042,Belts & Cooling,Pitches by Op Code,
Product Knowledge — Hoses,47,update,186a07ae-482c-42a3-9597-c52fad250f1c,The Mirai fuel-cell vehicle has unique coolant hose requirements for the fuel cell stack cooling — operates at different temperatures than gas-engine systems.,skip.,zero,CLH-042,Belts & Cooling,Pitches by Op Code,
Product Knowledge — Hoses,50,update,2cb71871-a461-44aa-bed5-7ecaf4b128a0,"Honda OE coolant hoses are typically supplied by Sumitomo Riko, Toyoda Gosei, and Honda-validated manufacturers — specifications matched to specific engine families.",Honda's brand of hose.,zero,CLH-042,Belts & Cooling,Pitches by Op Code,
Product Knowledge — Hoses,51,update,789fdbb3-2458-4f55-8dae-50b5aded29dd,Honda Type 2 Long Life Coolant (blue) is the OEM-spec for current applications — has specific chemistry that works with Honda's hose materials.,Honda Type 2 blue — only that.,zero,CLH-042,Belts & Cooling,Pitches by Op Code,
Product Knowledge — Hoses,52,update,82799a71-850a-48df-ab15-ff75827bd640,"The K-series 2.0L turbo (Civic Si, Civic Type R, Acura Integra Type S, Accord) has more complex coolant routing than naturally aspirated K-series — due to turbo and intercooler circuits.",Turbo Honda has more hoses.,zero,CLH-042,Belts & Cooling,Pitches by Op Code,
Product Knowledge — Hoses,53,update,c6c7351f-339d-4ee0-8569-c36c4dc542af,"The J-series V6 (J35Y6 in Pilot, Passport, Odyssey, Ridgeline, MDX) has specific hose configurations validated for the V-configuration engine layout.",V6 has specific routing.,zero,CLH-042,Belts & Cooling,Pitches by Op Code,
Product Knowledge — Hoses,54,update,d8009546-cee6-4ceb-9d0f-823b253788de,"The L15B7 1.5L turbo (Civic, CR-V) has compact coolant routing with a smaller-than-average hose system — but the higher boost pressures of turbo applications mean more demanding hose conditions.",Smaller hose system — but works hard.,zero,CLH-042,Belts & Cooling,Pitches by Op Code,
Product Knowledge — Hoses,55,update,8143b729-c027-4ed7-92e7-b1f51f9cfcd8,"Honda Hybrid models (Accord Hybrid, CR-V Hybrid, Civic Hybrid) have additional cooling circuits for the hybrid components.","Honda Hybrid models (Accord Hybrid, CR-V Hybrid, Civic Hybrid) have additional cooling circuits for the hybrid components.",generic,CLH-042,Belts & Cooling,Pitches by Op Code,
Product Knowledge — Hoses,56,update,9a86247e-670f-4717-bc3d-c65c62aaee33,The Honda Prologue EV and Acura ZDX EV have coolant hoses validated for GM's Ultium platform — these vehicles are built on GM EV architecture.,Built on GM platform — same cooling architecture.,zero,CLH-042,Belts & Cooling,Pitches by Op Code,
Product Knowledge — Hoses,57,update,c1cfbe4d-5000-4131-9b6c-0de4495d125e,Honda's maintenance minder system flags cooling system inspection through specific sub-codes — coolant and hose service are typically grouped.,Honda's maintenance minder system flags cooling system inspection through specific sub-codes — coolant and hose service are typically grouped.,generic,CLH-042,Belts & Cooling,Pitches by Op Code,
Product Knowledge — Hoses,58,update,80e66b56-a63e-4115-9556-0d7da751f1eb,"Honda recommends coolant replacement every 60,000 miles for the first service and every 30,000 miles thereafter — with hose inspection at each coolant service.","Honda recommends coolant replacement every 60,000 miles for the first service and every 30,000 miles thereafter — with hose inspection at each coolant service.",generic,CLH-042,Belts & Cooling,Pitches by Op Code,
Product Knowledge — Hoses,59,update,70667fd4-abf7-4249-bb49-1869b85ad883,"Acura applications (RDX, MDX, TLX, Integra) often have higher-grade hose materials and additional cooling circuits compared to equivalent Honda models — reflecting the luxury positioning.",Acura has higher-grade hoses than Honda.,zero,CLH-042,Belts & Cooling,Pitches by Op Code,
Product Knowledge — Hoses,62,update,a46e2d06-c183-48ed-8846-1846a776dab9,"Mopar offers OE coolant hose options including standard service and severe-duty for fleet, police, and heavy-duty applications.",Mopar's the Stellantis brand.,zero,CLH-042,Belts & Cooling,Pitches by Op Code,
Product Knowledge — Hoses,63,update,c0e879ea-679e-415b-a11e-b75ea46b7ba5,"The 5.7L and 6.4L HEMI V8s, the 3.6L Pentastar V6, and the new Hurricane inline-six all have specific hose routings validated for those engine families.",Specific hoses for your Mopar engine.,zero,CLH-042,Belts & Cooling,Pitches by Op Code,
Product Knowledge — Hoses,64,update,9ea3b530-6f77-4992-a527-b3bd1c34381e,"SRT and Hellcat applications (Charger, Challenger, Durango SRT, Trackhawk) have additional coolant hoses for the supercharger intercooler heat exchanger and oil cooler circuits.",Hellcat has its own cooling loop.,zero,CLH-042,Belts & Cooling,Pitches by Op Code,
Product Knowledge — Hoses,65,update,27b173ab-1a99-414f-93cc-9f4b811ddd21,"The 6.7L Cummins diesel in Ram heavy-duty trucks has an extensive coolant hose network — engine cooling, EGR cooling, oil cooler, and air-to-water intercooler circuits.",Cummins has more hoses than the gas trucks.,zero,CLH-042,Belts & Cooling,Pitches by Op Code,
Product Knowledge — Hoses,66,update,8a5526ff-91ca-4340-a030-4ceab145de4a,"The 3.0L EcoDiesel V6 has specific hose configurations for diesel-specific components — including the EGR cooler, which is a known failure point.",EcoDiesel EGR cooler — known wear point.,zero,CLH-042,Belts & Cooling,Pitches by Op Code,
Product Knowledge — Hoses,67,update,9f2242f7-efff-4960-aa4c-dc43da7a8357,"Jeep Wrangler and Gladiator with off-road use see accelerated hose wear — heat, water exposure, and trail debris that can puncture hoses.",Off-road use — hoses take more wear.,zero,CLH-042,Belts & Cooling,Pitches by Op Code,
Product Knowledge — Hoses,68,update,5c590749-f6f8-4490-900b-fdbd19f30889,"The Charger Daytona EV, Wagoneer EV (upcoming), and other Stellantis EVs have coolant hoses for traction battery thermal management.","The Charger Daytona EV, Wagoneer EV (upcoming), and other Stellantis EVs have coolant hoses for traction battery thermal management.",generic,CLH-042,Belts & Cooling,Pitches by Op Code,
Product Knowledge — Hoses,69,update,ee11981c-080c-4b73-94a8-317f59efa57a,The Pacifica Hybrid (PHEV) has additional coolant circuits for the high-voltage battery and electric drive components.,The Pacifica Hybrid (PHEV) has additional coolant circuits for the high-voltage battery and electric drive components.,generic,CLH-042,Belts & Cooling,Pitches by Op Code,
Product Knowledge — Hoses,70,update,6c490cff-1e41-4333-84b5-812231906304,Mopar's OAT (organic acid technology) coolant has specific chemistry requirements — using incompatible coolant can cause premature hose degradation.,Mopar OAT coolant only — wrong chemistry kills hoses.,zero,CLH-042,Belts & Cooling,Pitches by Op Code,
Product Knowledge — Hoses,71,update,97b06218-3a91-48cc-934d-dd122a1811ef,"Stellantis's 48V mild-hybrid eTorque system (Ram 1500, Wrangler 4xe) has additional coolant hoses for the integrated motor-generator cooling.",eTorque has its own cooling needs.,zero,CLH-042,Belts & Cooling,Pitches by Op Code,
Product Knowledge — Hoses,74,update,d4ff7d86-9a83-496b-8e03-87366e2eec15,"Subaru OE coolant hoses are typically supplied by Sumitomo Riko, Toyoda Gosei, and other Japanese manufacturers — specifications validated for the boxer engine's unique thermal characteristics.",Subaru's brand of hose.,zero,CLH-042,Belts & Cooling,Pitches by Op Code,
Product Knowledge — Hoses,75,update,a07ac950-f4c0-4df6-bdf5-5e1b5ff4ed33,The horizontally opposed boxer engine layout requires specific hose routing across both cylinder banks — different from inline or V-configuration engines.,Subaru's flat engine routes hoses differently.,zero,CLH-042,Belts & Cooling,Pitches by Op Code,
Product Knowledge — Hoses,76,update,ba891b3f-a13e-4006-a1a3-b58fdb67da2c,"Subaru's Super Coolant (blue, current spec) has specific chemistry that works with Subaru's hose materials — using incompatible coolant can cause premature degradation.",Subaru blue coolant only.,zero,CLH-042,Belts & Cooling,Pitches by Op Code,
Product Knowledge — Hoses,77,update,ab3b8db8-b9cb-48f1-8c02-05bda2882670,WRX and STI applications have additional coolant hoses for the turbocharger and air-to-water intercooler circuits.,Turbo Subaru has more hoses.,zero,CLH-042,Belts & Cooling,Pitches by Op Code,
Product Knowledge — Hoses,78,update,9fa3a623-6d61-4783-9a48-3268da7162cc,"Outback, Forester, Crosstrek, and Ascent in outdoor and off-road use can see accelerated hose wear — gravel, water exposure, and temperature cycling.",Outdoor Subaru — hoses take more wear.,zero,CLH-042,Belts & Cooling,Pitches by Op Code,
Product Knowledge — Hoses,79,update,ab5aba63-31cc-49a5-81a8-faa0af6ab227,"Subaru recommends coolant replacement at the initial 137,500-mile interval (Super Coolant) — and every 30,000 miles thereafter, with hose inspection at every service visit.","Subaru recommends coolant replacement at the initial 137,500-mile interval (Super Coolant) — and every 30,000 miles thereafter, with hose inspection at every service visit.",generic,CLH-042,Belts & Cooling,Pitches by Op Code,
Product Knowledge — Hoses,80,update,cbefa466-2bc4-4bbd-82b3-2a79d3725487,The Solterra EV has coolant hoses for traction battery thermal management and motor cooling — validated through the Toyota partnership.,The Solterra EV has coolant hoses for traction battery thermal management and motor cooling — validated through the Toyota partnership.,generic,CLH-042,Belts & Cooling,Pitches by Op Code,
Product Knowledge — Hoses,81,update,d3f49330-5381-4867-bcab-ea59aa771e5e,"Subaru's EJ-series (legacy Forester, Outback, Impreza, Legacy) had a known issue with coolant hose degradation around 100,000 miles — particularly the heater hoses.",Older Subaru — heater hoses are common wear point.,zero,CLH-042,Belts & Cooling,Pitches by Op Code,
Product Knowledge — Hoses,82,update,4a376ca9-34c3-4ef4-8d82-9b071a666f83,The boxer engine's relatively low engine bay height makes most coolant hoses accessible — though some routing across the top of the engine requires component removal for replacement.,Most hoses easy — some need work to access.,zero,CLH-042,Belts & Cooling,Pitches by Op Code,
Product Knowledge — Hoses,83,update,5168fd6c-e48d-415a-b8fc-35648ba53cc0,"Subaru's customer base often keeps vehicles 200,000+ miles — making consistent hose inspection a meaningful part of avoiding the head gasket failures that have historically plagued the brand's older engines.",Hose service helps prevent head gasket issues.,zero,CLH-042,Belts & Cooling,Pitches by Op Code,
Product Knowledge — Hoses,86,update,d0f5215f-9a84-49d5-8482-7b0587b2eceb,"Hyundai/Kia OE coolant hoses are typically supplied by DongSung, Pyung Hwa, and other Korean manufacturers — specifications validated for the brand's specific engine families.",Hyundai's brand of hose.,zero,CLH-042,Belts & Cooling,Pitches by Op Code,
Product Knowledge — Hoses,87,update,0abc893d-3189-4ddc-b2c5-5b325f2028b9,Hyundai/Kia Long Life Coolant (pink) is the OEM-spec for current applications — has specific chemistry compatibility with their hose materials.,Hyundai pink coolant only.,zero,CLH-042,Belts & Cooling,Pitches by Op Code,
Product Knowledge — Hoses,88,update,86dacc79-d408-4005-944d-81e228713fd1,"The 3.5L twin-turbo V6 (Genesis G80, GV80, Hyundai Palisade Calligraphy) has more complex coolant routing than naturally aspirated V6s.",Turbo V6 — more hoses.,zero,CLH-042,Belts & Cooling,Pitches by Op Code,
Product Knowledge — Hoses,89,update,dafa0dc7-1b81-4cc2-8733-68404e9f8945,"The N performance lineup (Elantra N, Kona N legacy, Sonata N Line, Ioniq 5 N) uses heavier-duty hose specifications — validated for sustained track use.",N performance — performance hoses.,zero,CLH-042,Belts & Cooling,Pitches by Op Code,
Product Knowledge — Hoses,90,update,7975b886-f450-444c-ba3b-32dadc8dbba2,"The Ioniq 5, Ioniq 6, EV6, EV9, Genesis GV60, and Electrified GV70/G80 all have extensive coolant hose networks for traction battery thermal management — critical for the 800V architecture's fast-charging capability.",Fast-charging Hyundai EV — needs cooling for the speed.,zero,CLH-042,Belts & Cooling,Pitches by Op Code,
Product Knowledge — Hoses,91,update,2ec6122d-6154-4fd3-8ae6-a274352bfd54,"Hybrid models (Tucson Hybrid, Sportage Hybrid, Sorento Hybrid, Niro Hybrid) have additional cooling circuits for the hybrid components.","Hybrid models (Tucson Hybrid, Sportage Hybrid, Sorento Hybrid, Niro Hybrid) have additional cooling circuits for the hybrid components.",generic,CLH-042,Belts & Cooling,Pitches by Op Code,
Product Knowledge — Hoses,92,update,40b4c62d-4357-4254-a985-0ef83e4b6786,"Hyundai/Kia recommend coolant replacement every 10 years/120,000 miles initially — then every 30,000 miles thereafter.","Hyundai/Kia recommend coolant replacement every 10 years/120,000 miles initially — then every 30,000 miles thereafter.",generic,CLH-042,Belts & Cooling,Pitches by Op Code,
Product Knowledge — Hoses,93,update,47df7e7f-f62c-404d-a568-7edb6b6fb42c,Genesis applications often have higher-grade hose materials and additional cooling circuits — reflecting the luxury positioning.,Genesis luxury — luxury-grade hoses.,zero,CLH-042,Belts & Cooling,Pitches by Op Code,
Product Knowledge — Hoses,94,update,a2486a40-a458-4ab2-86f9-c6a7b5aa15c2,"The 10-year/100,000-mile powertrain warranty does not cover coolant hoses (a wear item) — making consistent inspection a customer-education talking point.","Warranty covers engine, hoses are wear items.",zero,CLH-042,Belts & Cooling,Pitches by Op Code,
Product Knowledge — Hoses,95,update,31769bc8-d696-4048-8277-342a0a726a5f,The Kia Telluride and Hyundai Palisade share the Lambda 3.8L V6 cooling system architecture — simplifying inventory for shops servicing both brands.,skip — operational detail.,zero,CLH-042,Belts & Cooling,Pitches by Op Code,
Product Knowledge — Hoses,98,update,b98b016a-c31b-4eb1-a829-21663d4c8db7,"Nissan OE coolant hoses are typically supplied by Sumitomo Riko, Toyoda Gosei, and Nissan-validated manufacturers — specifications matched to factory engine layouts.",Nissan's brand of hose.,zero,CLH-042,Belts & Cooling,Pitches by Op Code,
Product Knowledge — Hoses,99,update,22317d65-0a62-4c66-9194-b583a24c7769,Nissan Long Life Antifreeze/Coolant (blue) is the OEM-spec for current applications — has specific chemistry compatibility.,Nissan Long Life Antifreeze/Coolant (blue) is the OEM-spec for current applications — has specific chemistry compatibility.,generic,CLH-042,Belts & Cooling,Pitches by Op Code,
Product Knowledge — Hoses,100,update,b62fa82f-3d49-4800-b701-4afb22fcf95c,"The VQ35 V6 (used across many Nissan/Infiniti applications), VR30DDTT twin-turbo V6 (Q50, Q60, Z), and the legacy VK56 V8 all have specific hose routings.",Specific hoses for your Nissan engine.,zero,CLH-042,Belts & Cooling,Pitches by Op Code,
Product Knowledge — Hoses,101,update,4aad26a8-2441-42d9-b0d1-f49dfdb19a8b,"The GT-R's VR38DETT twin-turbo V6 has an extensive coolant hose network — engine, turbo, and air-to-water intercooler circuits.",GT-R has extensive cooling.,zero,CLH-042,Belts & Cooling,Pitches by Op Code,
Product Knowledge — Hoses,102,update,2754cecc-6c1e-4311-b42b-3372b1fae2ae,"The Z, Z Nismo, and GT-R use heavier-duty hose specifications — validated for sustained high-output operation.",Performance Nissan — performance hoses.,zero,CLH-042,Belts & Cooling,Pitches by Op Code,
Product Knowledge — Hoses,103,update,81a26381-c6cf-44a8-a121-8293c993a5f7,"The Leaf and Ariya EVs have coolant hoses for traction battery thermal management — particularly important on the older Leaf, which used air cooling in early models and had documented battery degradation issues in hot climates.",Liquid cooling on newer Nissan EVs — better for battery life.,zero,CLH-042,Belts & Cooling,Pitches by Op Code,
Product Knowledge — Hoses,104,update,52ab2cdd-d0e9-4de2-bdc7-be06d2a6638b,"Frontier, Titan, Pathfinder, and Armada applications often see severe-duty conditions — warrant more frequent hose inspection.","Frontier, Titan, Pathfinder, and Armada applications often see severe-duty conditions — warrant more frequent hose inspection.",generic,CLH-042,Belts & Cooling,Pitches by Op Code,
Product Knowledge — Hoses,105,update,674a9294-3eb7-4a42-9533-f35c4ac208ff,Nissan/Infiniti CVT-equipped models have additional coolant circuits for transmission cooling that share the cooling system — a coolant leak can affect CVT operation.,CVT depends on stable cooling.,zero,CLH-042,Belts & Cooling,Pitches by Op Code,
Product Knowledge — Hoses,106,update,d20c7f7e-0d65-48ae-bc9f-94001e8b7d42,"Nissan recommends coolant replacement every 10 years/135,000 miles initially — then every 5 years/60,000 miles thereafter.","Nissan recommends coolant replacement every 10 years/135,000 miles initially — then every 5 years/60,000 miles thereafter.",generic,CLH-042,Belts & Cooling,Pitches by Op Code,
Product Knowledge — Hoses,107,update,a887be08-3531-435f-8b98-c5b689e5121d,"Infiniti applications (Q50, Q60, QX50, QX55, QX60, QX80) often have additional cooling circuits and higher-grade hose materials — reflecting the luxury positioning.",Infiniti — luxury-grade.,zero,CLH-042,Belts & Cooling,Pitches by Op Code,
Product Knowledge — Hoses,110,update,15bee3ba-d1bc-43c8-bd9c-90de4cab5f47,"Mazda OE coolant hoses are typically supplied by Sumitomo Riko, Toyoda Gosei, and other Japanese manufacturers — specifications validated for the SkyActiv engine family.",Mazda's brand of hose.,zero,CLH-042,Belts & Cooling,Pitches by Op Code,
Product Knowledge — Hoses,111,update,2e089daa-4484-444a-beab-5c969406e808,Mazda FL-22 Long Life Coolant (green) is the OEM-spec for SkyActiv engines — has specific chemistry compatibility.,Mazda FL-22 green only.,zero,CLH-042,Belts & Cooling,Pitches by Op Code,
Product Knowledge — Hoses,112,update,d9a57626-8cc5-4937-89a6-bc053e555255,The CX-90 and CX-70 use the new SkyActiv-G inline-six with specific cooling system routing for the larger engine bay packaging.,New larger engine — specific cooling routing.,zero,CLH-042,Belts & Cooling,Pitches by Op Code,
Product Knowledge — Hoses,113,update,b6881598-6c6a-4147-8d17-c8661db27833,The MX-5 Miata has compact coolant hose routing due to the small engine bay — most hoses easily accessible for inspection.,Quick to inspect on Miata.,zero,CLH-042,Belts & Cooling,Pitches by Op Code,
Product Knowledge — Hoses,114,update,ebe273a6-8b7d-49a9-a536-a8cf26c34bc2,The CX-50 Turbo and CX-90 Turbo S use heavier-duty hose specifications — for the higher-output engines.,Turbo Mazda — performance hoses.,zero,CLH-042,Belts & Cooling,Pitches by Op Code,
Product Knowledge — Hoses,115,update,ab3de14b-acaf-4478-9446-2741e2c3214d,Mazda's i-stop system depends on consistent thermal management — a degraded hose causing temperature variations can affect stop-start operation.,i-stop needs stable cooling.,zero,CLH-042,Belts & Cooling,Pitches by Op Code,
Product Knowledge — Hoses,116,update,c416fb86-d631-4730-a65b-a004c1d7a20e,The MX-30 EV has coolant hoses for traction battery thermal management.,The MX-30 EV has coolant hoses for traction battery thermal management.,generic,CLH-042,Belts & Cooling,Pitches by Op Code,
Product Knowledge — Hoses,117,update,261eaaf6-fe50-44b1-b908-53e627dd0198,The CX-90 PHEV has additional coolant circuits for the hybrid components — beyond the SkyActiv-G 2.5L's standard cooling.,The CX-90 PHEV has additional coolant circuits for the hybrid components — beyond the SkyActiv-G 2.5L's standard cooling.,generic,CLH-042,Belts & Cooling,Pitches by Op Code,
Product Knowledge — Hoses,118,update,9857e650-6e2e-4bed-baa3-7552a8f7779c,"Mazda recommends coolant replacement every 10 years/120,000 miles initially — then every 5 years/75,000 miles thereafter, with hose inspection at every service visit.","Mazda recommends coolant replacement every 10 years/120,000 miles initially — then every 5 years/75,000 miles thereafter, with hose inspection at every service visit.",generic,CLH-042,Belts & Cooling,Pitches by Op Code,
Product Knowledge — Hoses,119,update,f92e79c1-a74f-46d6-b69a-94f743f6ddb5,"Mazda's 'Jinba Ittai' driving philosophy emphasizes consistent vehicle performance — cooling system reliability is part of that experience, making OE-spec hose replacement part of preserving the brand's intended driving feel.",Mazda is consistent — keep it that way with right parts.,zero,CLH-042,Belts & Cooling,Pitches by Op Code,
Product Knowledge — Hoses,122,update,fcdcb5c3-b578-437e-b16b-c6efd530da4f,"Mercedes uses high-spec OE coolant hoses validated for the brand's specific engine families and demanding thermal cycles — typically supplied by Continental, Cooper Standard, and other European manufacturers.",Mercedes-spec hoses.,zero,CLH-042,Belts & Cooling,Pitches by Op Code,
Product Knowledge — Hoses,123,update,17f45772-8f7d-4a0e-8b3d-4c3f35796bf7,"AMG models (M139 turbo-four, M177/178 V8 biturbo, M256 inline-six) have additional coolant hoses for the turbocharger, intercooler, and transmission cooling circuits.",AMG has more cooling circuits.,zero,CLH-042,Belts & Cooling,Pitches by Op Code,
Product Knowledge — Hoses,124,update,9ea80f9b-a632-4215-afad-501d6f3bfc2c,The M256 inline-six and many modern Mercedes engines have integrated thermal management modules that consolidate multiple hose connections — known wear items requiring complete assembly replacement.,"Modern Mercedes — modules, not just hoses.",zero,CLH-042,Belts & Cooling,Pitches by Op Code,
Product Knowledge — Hoses,125,update,37db9fd4-11e4-4f26-b07e-25c0f5307cf8,"Diesel applications (legacy OM642, OM651, OM654) have extensive coolant hose networks — including EGR cooling, oil cooling, and turbo cooling circuits.",Mercedes diesel has more hoses.,zero,CLH-042,Belts & Cooling,Pitches by Op Code,
Product Knowledge — Hoses,126,update,0664a714-e37d-4eae-b7e6-bd559050dc0a,"The S-Class, EQS, and Maybach have the most sophisticated thermal management systems — multiple cooling loops for engine, transmission, hybrid components, and cabin climate.",Top-tier Mercedes — most complex cooling.,zero,CLH-042,Belts & Cooling,Pitches by Op Code,
Product Knowledge — Hoses,127,update,121c39fb-6e24-407c-93b5-6a900d06f8ec,Mercedes service intervals (Service A and Service B) include cooling system inspection per the FSS (Flexible Service System) indicator.,Mercedes service intervals (Service A and Service B) include cooling system inspection per the FSS (Flexible Service System) indicator.,generic,CLH-042,Belts & Cooling,Pitches by Op Code,
Product Knowledge — Hoses,128,update,fcb6b86e-d2e8-4d1e-b868-f22a2f7c594c,"The EQS, EQE, EQB, EQS SUV, and other Mercedes EVs have extensive coolant hose networks — for traction battery cooling, motor cooling, and inverter cooling.","The EQS, EQE, EQB, EQS SUV, and other Mercedes EVs have extensive coolant hose networks — for traction battery cooling, motor cooling, and inverter cooling.",generic,CLH-042,Belts & Cooling,Pitches by Op Code,
Product Knowledge — Hoses,129,update,5fd96907-984d-4a53-a0e5-cdd52182fdb2,"Mercedes coolant specifications (G05, G40, G48 depending on application) have specific compatibility requirements — using incompatible coolant can cause premature hose and component degradation.",Right Mercedes coolant — wrong one kills hoses.,zero,CLH-042,Belts & Cooling,Pitches by Op Code,
Product Knowledge — Hoses,130,update,971de87a-a7d1-4336-a8a8-a390bd4d9633,Mercedes recommends coolant hose replacement at the same interval as coolant changes — not waiting for visible failure.,Mercedes wants hoses replaced with coolant — not when they look bad.,zero,CLH-042,Belts & Cooling,Pitches by Op Code,
Product Knowledge — Hoses,131,update,183ff694-f34a-4dfe-bca4-00e19bf9ef4b,The Mercedes-Benz 'MB-Approved' hose designation indicates factory-validated parts — using non-MB-approved hoses can affect cooling performance and warranty eligibility on newer vehicles.,MB-Approved hoses for Mercedes warranty.,zero,CLH-042,Belts & Cooling,Pitches by Op Code,
Product Knowledge — Hoses,134,update,639536fb-542b-4973-933b-81c95e36375a,"BMW uses OE coolant hoses supplied primarily by Continental, Cooper Standard, Rein (a Continental subsidiary), and other European manufacturers — specifications validated for the brand's tight engineering tolerances.",BMW-spec hoses.,zero,CLH-042,Belts & Cooling,Pitches by Op Code,
Product Knowledge — Hoses,135,update,fd530789-8b7b-4d59-b0ee-f401b2104e1b,"The B58 inline-six (used in many M Performance and base applications) and the S58 (M3, M4, M2) both have specific hose routings.",Specific hoses for your engine.,zero,CLH-042,Belts & Cooling,Pitches by Op Code,
Product Knowledge — Hoses,136,update,9bdf3f41-1f55-40d2-81f7-8cb25049c5e1,"BMW is notorious for plastic coolant components — water pump impellers, expansion tanks, thermostat housings — that fail at predictable intervals, often along with hoses.",BMW plastics fail with hoses — replace together.,zero,CLH-042,Belts & Cooling,Pitches by Op Code,
Product Knowledge — Hoses,137,update,c6de5592-6fa8-444a-9209-645dadc7f13d,"The Condition-Based Service (CBS) system flags cooling system service when needed — but proactive hose replacement is widely recommended at 80,000–100,000 miles regardless of CBS prompts.",CBS will tell you eventually — proactive is better.,zero,CLH-042,Belts & Cooling,Pitches by Op Code,
Product Knowledge — Hoses,138,update,fbcf8272-15e0-409b-8ba4-2391b0c266f4,"M Performance and M models (M2, M3, M4, M5, M8, X3 M, X5 M, X6 M) have additional coolant hoses — for the higher-performance demands of those engines.",M car — more cooling.,zero,CLH-042,Belts & Cooling,Pitches by Op Code,
Product Knowledge — Hoses,139,update,56c03e6e-d27a-4f93-8597-c4f915f97c36,"BMW recommends coolant replacement every 50,000 miles or 4 years on most modern applications — with hose inspection at each service visit.","BMW recommends coolant replacement every 50,000 miles or 4 years on most modern applications — with hose inspection at each service visit.",generic,CLH-042,Belts & Cooling,Pitches by Op Code,
Product Knowledge — Hoses,140,update,227cfd03-1f3a-4a8a-86c7-f9ef7718a52b,"The i4, iX, i5, i7, iX3, and other BMW EVs have extensive coolant hose networks — for traction battery thermal management and motor cooling.","The i4, iX, i5, i7, iX3, and other BMW EVs have extensive coolant hose networks — for traction battery thermal management and motor cooling.",generic,CLH-042,Belts & Cooling,Pitches by Op Code,
Product Knowledge — Hoses,141,update,cfb92215-faa4-4120-9743-4e17e8815909,BMW coolant specifications (BMW Coolant or HOAT-based formulas) have specific compatibility requirements — using non-BMW coolant can cause premature hose and component degradation.,BMW coolant only.,zero,CLH-042,Belts & Cooling,Pitches by Op Code,
Product Knowledge — Hoses,142,update,bf303f76-1b2f-4b81-9b5e-908d6e9be087,"BMW M Performance applications (especially N20, N54, N55, S55) have known cooling system weak points where hoses, water pumps, thermostats, and expansion tanks all fail at similar intervals — a complete cooling system refresh is often more cost-effective than addressing failures one at a time.",BMW cooling — replace it all together.,zero,CLH-042,Belts & Cooling,Pitches by Op Code,
Product Knowledge — Hoses,143,update,ec83ea43-9ebf-4662-99af-93e7f92c8bb4,The Rolls-Royce models (under BMW Group) use BMW-derived V12 engines with extensive cooling system architecture — and premium hose specifications.,skip.,zero,CLH-042,Belts & Cooling,Pitches by Op Code,
Product Knowledge — Hoses,146,update,e9fe08bf-3453-427b-8642-3d98555cc9e7,VW/Audi use OE coolant hoses supplied primarily by Continental and Cooper Standard — specifications validated for the brand's engine families.,VW-spec hoses.,zero,CLH-042,Belts & Cooling,Pitches by Op Code,
Product Knowledge — Hoses,147,update,b1d79851-c6d8-4102-ab62-3f3aed651d80,"The EA888 2.0L turbo (used across many VW and Audi applications) has known coolant system weak points — water pump assembly, thermostat housing, and various hoses — often failing together around 80,000–100,000 miles.",EA888 cooling — replace it all together.,zero,CLH-042,Belts & Cooling,Pitches by Op Code,
Product Knowledge — Hoses,148,update,5a275598-4852-4667-ac3c-27451b7a4d80,"Audi RS models (RS3, RS5, RS6, RS7) have additional coolant hoses — for the higher-performance demands of those engines.",RS — performance hoses.,zero,CLH-042,Belts & Cooling,Pitches by Op Code,
Product Knowledge — Hoses,149,update,7c3326ba-802f-4eba-80be-d3215d39d0c6,"Diesel applications (legacy TDI 1.9L, 2.0L) have extensive coolant hose networks — including EGR cooling, oil cooler, and turbo-related circuits.",TDI has more hoses.,zero,CLH-042,Belts & Cooling,Pitches by Op Code,
Product Knowledge — Hoses,150,update,289bfbf8-e001-4a07-b3cc-f70c8a76e674,"Many MQB-platform vehicles share cooling system components and hose dimensions across brands — Golf/A3, Tiguan/Q3, Atlas/Q7 — simplifying inventory.",skip — operational detail.,zero,CLH-042,Belts & Cooling,Pitches by Op Code,
Product Knowledge — Hoses,151,update,c92d25e9-f35c-4260-8784-848ccd1ac777,"The ID.4, ID.Buzz, Audi Q4 e-tron, Q6 e-tron, Q8 e-tron, e-tron GT, and other VW/Audi EVs have extensive coolant hose networks — for traction battery thermal management.","The ID.4, ID.Buzz, Audi Q4 e-tron, Q6 e-tron, Q8 e-tron, e-tron GT, and other VW/Audi EVs have extensive coolant hose networks — for traction battery thermal management.",generic,CLH-042,Belts & Cooling,Pitches by Op Code,
Product Knowledge — Hoses,152,update,5dff3ca3-e48e-43f3-b5b2-0848a4eeb830,VW/Audi G13 (purple) and G12++ (pink) coolant specifications have specific chemistry — using incompatible coolant can cause premature hose degradation.,Right VW coolant — wrong kills hoses.,zero,CLH-042,Belts & Cooling,Pitches by Op Code,
Product Knowledge — Hoses,153,update,3ec12db0-ef5d-4e4b-8770-bda7ee198c3a,"VW/Audi recommend coolant replacement every 5 years/75,000 miles — with hose inspection at every service visit.","VW/Audi recommend coolant replacement every 5 years/75,000 miles — with hose inspection at every service visit.",generic,CLH-042,Belts & Cooling,Pitches by Op Code,
Product Knowledge — Hoses,154,update,170b39a6-45a8-429a-b496-e09b2233d09e,"The VR6 engine (legacy Jetta, Passat, Golf, R32) had a particularly complex coolant hose system — due to the unusual narrow-angle V6 layout.",skip — niche.,zero,CLH-042,Belts & Cooling,Pitches by Op Code,
Product Knowledge — Hoses,155,update,9fd98f2c-e4c7-4400-b485-c44d03274995,"VW/Audi adaptive thermal management systems on modern engines depend on consistent coolant flow — a degraded hose can produce unexpected fault codes for thermostat, water pump, or temperature sensor systems.",Cooling-system codes can come from hoses.,zero,CLH-042,Belts & Cooling,Pitches by Op Code,
Product Knowledge — Hoses,160,update,c115b5c3-43aa-4966-8b04-e0fecc7e4e53,EPDM compound with industry-leading temperature range — Gates Premium hoses use proprietary EPDM rubber compound rated for continuous operation from –40°F to 257°F.,Built to handle thousands of heat cycles.,zero,CLH-042,Belts & Cooling,Pitches by Op Code,
Product Knowledge — Hoses,161,update,01793961-094a-4e77-a265-2f32e78f66bd,Electrochemical degradation (ECD) resistance — the #1 cause of premature hose failure.,Gates is built against the #1 way hoses fail.,zero,CLH-042,Belts & Cooling,Pitches by Op Code,
Product Knowledge — Hoses,162,update,05bbb802-ed01-44f2-b8d8-6bd8fd89e0a9,"OE supplier credibility — Gates is the original equipment coolant hose supplier for many Ford, GM, Stellantis, and import applications.",Same hose that came with your truck.,zero,CLH-042,Belts & Cooling,Pitches by Op Code,
Product Knowledge — Hoses,163,update,07bb8be5-0c24-4d63-8cd5-b5683cff1398,Reinforcement layer engineered for pressure cycling — Gates hoses use polyester or aramid (Kevlar-family) braided reinforcement specifically engineered for the pressure cycles modern cooling systems impose.,Built for the higher pressures of modern engines.,zero,CLH-042,Belts & Cooling,Pitches by Op Code,
Product Knowledge — Hoses,164,update,37ffbaab-d393-4c87-8773-9f62013469af,Comprehensive coverage including molded and shaped hoses — Gates manufactures both straight stock and complex molded shapes that match OE routing exactly.,Right shape for the right routing.,zero,CLH-042,Belts & Cooling,Pitches by Op Code,
Product Knowledge — Hoses,167,update,a4bdc345-b671-497b-8a73-50223f55b502,"OE supplier across the global automotive industry — Cooper Standard is one of the world's largest OE suppliers of fluid handling systems with extensive contracts across Ford, GM, Stellantis, BMW, Mercedes, and many Asian automakers.",Cooper Standard makes factory hoses for many brands.,zero,CLH-042,Belts & Cooling,Pitches by Op Code,
Product Knowledge — Hoses,168,update,5584ebbf-860b-49e8-b34e-20bec61c6a7d,"Engineered fluid transfer assemblies, not just hoses — Cooper Standard's modern coolant hose products are increasingly complete assemblies that include quick-connect fittings, plastic connectors, integrated sensors, and specific routing.",Modern hoses are full assemblies — Cooper Standard makes them.,zero,CLH-042,Belts & Cooling,Pitches by Op Code,
Product Knowledge — Hoses,169,update,d29dfd39-6583-48e8-b0fd-4e0a06375f67,"Specialty material engineering for severe-duty applications — Cooper Standard developed proprietary HNBR and silicone-based compounds for diesel, hybrid, and EV thermal management applications where standard EPDM compounds aren't sufficient.",Specialty materials for diesel and EV cooling.,zero,CLH-042,Belts & Cooling,Pitches by Op Code,
Product Knowledge — Hoses,170,update,ab863c7d-32b4-43a7-839b-5a0e89a67158,Lightweight innovations for fuel economy and EV range — Cooper Standard has invested heavily in lightweight hose technologies that reduce vehicle weight without sacrificing durability.,skip.,zero,CLH-042,Belts & Cooling,Pitches by Op Code,
Product Knowledge — Hoses,171,update,215b76fd-3e2f-4c6a-8b58-68c4708738a8,"Sealing and fluid containment expertise — Beyond hoses, Cooper Standard manufactures the seals, gaskets, and sealing systems that interface with hoses at every connection point.","Built for the whole sealing system, not just the hose.",zero,CLH-042,Belts & Cooling,Pitches by Op Code,
Product Knowledge — Hoses,174,update,5f5bba2d-74e5-46d4-b54f-b7416354ae27,Silicone hose construction for extreme temperature applications — Flexfab specializes in silicone-reinforced hoses that handle continuous operating temperatures up to 350°F and intermittent peaks above 500°F — far beyond what EPDM rubber can handle.,Silicone hoses for the hottest engines.,zero,CLH-042,Belts & Cooling,Pitches by Op Code,
Product Knowledge — Hoses,175,update,4e875fd0-c911-4e92-8bb4-69ce1151a04f,Aerospace and military pedigree — Flexfab's silicone hose technology was developed for aerospace and military applications where failure isn't an option.,Aerospace technology — built where failure isn't an option.,zero,CLH-042,Belts & Cooling,Pitches by Op Code,
Product Knowledge — Hoses,176,update,c366d799-c2e3-4dd7-ab36-5bf05c039b0e,Multi-layer reinforcement for high-pressure and pressure-spike resistance — Flexfab's premium hoses use multi-layer aramid (Kevlar-family) braided reinforcement that handles both sustained high pressure and pressure spikes from rapid temperature changes.,Built for the heat spikes after you shut off the engine.,zero,CLH-042,Belts & Cooling,Pitches by Op Code,
Product Knowledge — Hoses,177,update,9fc1f665-0c48-4c68-b53e-721baac946db,"Color and customization options for performance and showcar applications — Flexfab silicone hoses available in multiple colors (red, blue, black, others) — popular in performance, off-road, and showcar communities where engine bay aesthetics matter alongside performance.",skip.,zero,CLH-042,Belts & Cooling,Pitches by Op Code,
Product Knowledge — Hoses,178,update,8f248b9f-4aa7-401a-86fd-5af1cfcb9823,"Severe-duty diesel and heavy equipment validation — Flexfab supplies hoses extensively to commercial truck (Cummins, Detroit, Mack), agricultural equipment (John Deere, Caterpillar), and military applications where failure means costly downtime.",Heavy-duty option for diesel trucks.,zero,CLH-042,Belts & Cooling,Pitches by Op Code,
Product Knowledge — Hoses,182,update,c91323f8-e9bd-48d5-ac03-1c8cbda5f3ee,STRATEGY 1: The Cooling System Service Bundle — Hose + Flush + Plastic Components Together,lead with the bundle name.,zero,CLH-042,Belts & Cooling,Pitches by Op Code,
Product Knowledge — Hoses,183,update,1c720297-5b58-46b2-bc28-b14d9aebcce3,STRATEGY 2: The Inside-Out Failure Education Sale — Why Visual Inspection Isn't Enough,Hoses fail from the inside — looking fine outside doesn,zero,CLH-042,Belts & Cooling,Pitches by Op Code,
Product Knowledge — Hoses,184,update,6a6a2736-49c0-41b6-bad3-0ca3f78fb6f6,"STRATEGY 3: The Head Gasket Insurance Frame — The $80 Hose vs the $3,000 Repair",A bad hose costs you the engine — not just the rubber.,zero,CLH-042,Belts & Cooling,Pitches by Op Code,
Product Knowledge — Headlights,5,update,3b0b54d3-71e8-4954-8b39-6668ef3d540e,"Headlight restoration is a multi-step polishing-and-sealing service that removes oxidation and yellowing from headlight lenses, then applies a UV-protective sealant to slow future fading.",The clear coat wore off and the plastic itself is oxidizing — needs more than a wipe.,zero,HLR-049,Lighting,Pitches by Op Code,
Product Knowledge — Headlights,6,update,6018886c-b43b-43c2-bbd7-08e50992d46e,Headlight oxidation can reduce light output by up to 80 percent.,Up to 80% less light at night — that's the actual safety issue.,zero,HLR-049,Lighting,Pitches by Op Code,
Product Knowledge — Headlights,7,update,29828876-1116-419b-a373-61aee1d575a6,Restoration vs replacement is a 10-to-1 cost ratio.,"Replacement is hundreds, sometimes thousands. Restoration is a fraction of that.",zero,HLR-049,Lighting,Pitches by Op Code,
Product Knowledge — Headlights,8,update,0c554e29-857d-4864-bff9-12bdc0fa4655,Typical restoration service time is under one hour.,Under an hour — fits inside what we're already doing.,zero,HLR-049,Lighting,Pitches by Op Code,
Product Knowledge — Headlights,12,update,a6cccb38-d436-40de-b5c4-b9f1ecb0f770,"Benefit 1: Improved Night Visibility — Restoring cloudy or oxidized headlights dramatically increases light output, helping drivers see farther and clearer at night.",You'll see the difference the first night you drive.,zero,HLR-049,Lighting,Pitches by Op Code,
Product Knowledge — Headlights,13,update,5170a7d5-77f3-4b64-beae-7c8850a67a5d,Benefit 2: Enhanced Safety — Better visibility produces faster reaction time.,"See sooner, react sooner.",zero,HLR-049,Lighting,Pitches by Op Code,
Product Knowledge — Headlights,14,update,16a48909-7e8d-4442-b54b-057408d7b30e,"Benefit 3: Restores Vehicle Appearance — Yellowed headlights make even a clean, well-maintained vehicle look aged and neglected.",Makes the whole car look newer.,zero,HLR-049,Lighting,Pitches by Op Code,
Product Knowledge — Headlights,15,update,16f2c80f-3964-42b2-90c0-37fefc7dc37e,"Benefit 4: Cost Savings vs Replacement — New headlight assemblies can cost hundreds, often $1,000+ per side on modern vehicles.",Replacement is hundreds; restoration is a fraction.,zero,HLR-049,Lighting,Pitches by Op Code,
Product Knowledge — Headlights,16,update,a7c2e069-5c6f-4edd-b058-1ade2b095155,"Benefit 5: Increased Resale Value — A vehicle with clear headlights looks better maintained, which positively influences trade-in or resale value.",Cleaner headlights = better trade value.,zero,HLR-049,Lighting,Pitches by Op Code,
Product Knowledge — Headlights,17,update,2318004a-d25b-41a5-9dfe-c13512b2ea35,Benefit 6: Better Light Output (Performance) — Oxidation blocks light.,Sometimes the bulbs are fine — the lenses are blocking the light.,zero,HLR-049,Lighting,Pitches by Op Code,
Product Knowledge — Headlights,18,update,7dfabfd7-e5a4-4835-b0ea-0c729b4dced8,Benefit 7: UV Protection Added — Most professional restorations include a UV sealant that helps prevent future fading and oxidation.,We seal them with UV protection — DIY kits skip that step.,zero,HLR-049,Lighting,Pitches by Op Code,
Product Knowledge — Headlights,19,update,12372344-a1a4-4bdd-aeca-71844b8c73b6,"Benefit 8: Quick Service, High Impact — Typically completed in under an hour.",Under an hour — done before you leave.,zero,HLR-049,Lighting,Pitches by Op Code,
Product Knowledge — Headlights,20,update,a7cda1cb-5a57-4222-97e9-b9abd98af83a,"Benefit 9: Improved Customer Confidence — Drivers feel safer and more confident driving at night, in fog, in heavy rain, and in bad weather generally after restoration.",You'll feel more comfortable driving at night.,zero,HLR-049,Lighting,Pitches by Op Code,
Product Knowledge — Headlights,21,update,d588f56c-cfa7-45ed-8ac1-fa30f3469d7c,"Benefit 10: Helps Pass Safety Inspections — In some states, heavily oxidized headlights can contribute to inspection failures.","In states with annual inspection, this can help you pass.",zero,HLR-049,Lighting,Pitches by Op Code,
Product Knowledge — Headlights,25,update,0d757b41-d4f3-46c6-934d-4f27f53c42fb,Anchor word track (walk-around discovery): 'One thing I noticed is your headlights are starting to haze over.,Memorize this exact word track.,zero,HLR-049,Lighting,Pitches by Op Code,
Product Knowledge — Headlights,26,update,2349a2de-eb2f-4da0-87b0-1b07f1a2b3e6,Variation A (the 80% stat opener): 'During the walk-around I noticed oxidation on your headlight lenses.,Up to 80% less light — say that.,zero,HLR-049,Lighting,Pitches by Op Code,
Product Knowledge — Headlights,27,update,d91b2e1c-77c3-4e79-8616-0911529152c0,Variation B (the cost-comparison opener): 'New headlight assemblies on your vehicle run about $[X] to $[Y] per side — sometimes more on the LED ones.,Replacement is hundreds; restoration is a fraction. While it's still restoration territory.,zero,HLR-049,Lighting,Pitches by Op Code,
Product Knowledge — Headlights,28,update,bce80b2d-867e-456c-b97e-69f235319f64,Variation C (the brighter-bulbs redirect): 'You mentioned wanting brighter headlights.,"Sometimes the lenses are the issue, not the bulbs.",zero,HLR-049,Lighting,Pitches by Op Code,
Product Knowledge — Headlights,32,update,9f19c065-cc30-4950-a43b-d93d3d464003,Look up during every walk-around.,"Look up — every walk-around, every vehicle.",zero,HLR-049,Lighting,Pitches by Op Code,
Product Knowledge — Headlights,33,update,521a1099-ea6a-437a-a92d-742e3de3b988,Use the MPI before-and-after photo.,Photo of the haze; photo of the result. Send both.,zero,HLR-049,Lighting,Pitches by Op Code,
Product Knowledge — Timing Belt,5,update,04d7a268-c202-4a87-bea6-0ca5fd3520a9,"Timing belts are NOT serpentine belts — different parts, different consequences.",These are two different belts — the timing belt is the critical one.,zero,TMB-039,Belts & Cooling,Pitches by Op Code,
Product Knowledge — Timing Belt,6,update,225c6a2c-0341-448e-80c4-f5fef1687022,Most modern engines have transitioned to timing chains — meaning timing belt service is now largely a legacy-vehicle specialty.,Newer engines mostly have chains — let's check yours.,zero,TMB-039,Belts & Cooling,Pitches by Op Code,
Product Knowledge — Timing Belt,7,update,9a828030-e161-4b6b-905b-f933d534b0b9,"The 'wet belt' design used in some Ford EcoBoost (1.0L, 1.5L, 1.6L, 2.0L) and VW EA288 TDI engines runs the timing belt in oil — and has been associated with widely reported premature failures.",Your engine has a wet-belt design — we recommend replacing it earlier than the manual says.,zero,TMB-039,Belts & Cooling,Pitches by Op Code,
Product Knowledge — Timing Belt,8,update,4cf22273-2f39-47e0-82e7-6499336e6df2,"Always replace water pump, tensioner, and idler pulleys at the same time as the timing belt — labor access is identical and these are matched-life wear components.","Belt + water pump + tensioner + idlers — all done together, one labor charge.",zero,TMB-039,Belts & Cooling,Pitches by Op Code,
Product Knowledge — Timing Belt,9,update,2e50b130-582e-4f4e-999f-4c097bba5379,"EVs and hybrids that use Atkinson-cycle gas engines (Toyota Prius, Camry Hybrid, RAV4 Hybrid, Honda Accord Hybrid, Mazda CX-90 PHEV, etc.) all use timing chains — meaning timing belt service does NOT apply to any current hybrid or EV in the US market.",Your hybrid has a chain — no timing belt service.,zero,TMB-039,Belts & Cooling,Pitches by Op Code,
Product Knowledge — Timing Belt,14,update,9e734532-fc09-465a-b71d-d9f68580febc,"Most modern Ford and Lincoln engines have moved to timing chains — Coyote 5.0L V8, EcoBoost 2.3L/2.7L/3.5L, the new 3.0L V6 — eliminating timing belt service on most current applications.",Most newer Fords have chains.,zero,TMB-039,Belts & Cooling,Pitches by Op Code,
Product Knowledge — Timing Belt,15,update,6742ac93-b9ea-4ea6-874a-3fbe7aff7dc1,"The 2.0L EcoBoost (2013–2018, in Escape, Fusion, Edge, Explorer, Focus ST) uses a timing belt that runs in oil ('wet belt') — a controversial design with widely reported premature failures.",Your engine's belt — let's replace it earlier than the book says.,zero,TMB-039,Belts & Cooling,Pitches by Op Code,
Product Knowledge — Timing Belt,16,update,fbeb3795-de18-4362-9e20-3a45ce65cda8,"The 1.0L EcoBoost three-cylinder (Fiesta, Focus) and 1.5L/1.6L EcoBoost (Escape, Fusion, MKZ, Fiesta ST) all use wet timing belt designs with similar premature-failure concerns.",Your EcoBoost has the wet-belt design.,zero,TMB-039,Belts & Cooling,Pitches by Op Code,
Product Knowledge — Timing Belt,17,update,ba099782-410d-437e-8afb-60aa41c2806b,"Older Ford applications with traditional timing belts (Escort ZX2, pre-2008 Focus, pre-2010 Ranger 2.3L) are interference engines — meaning belt failure causes catastrophic engine damage.",Older Ford — belt failure means engine damage.,zero,TMB-039,Belts & Cooling,Pitches by Op Code,
Product Knowledge — Timing Belt,18,update,170f2428-4201-4fe5-ab19-2b409ec4d9b9,"The 6.7L Power Stroke diesel (F-250, F-350, F-450, F-550) uses a timing chain, not a belt — eliminating timing belt service on Ford's heavy-duty diesel trucks.",Your Power Stroke has a chain — no belt service.,zero,TMB-039,Belts & Cooling,Pitches by Op Code,
Product Knowledge — Timing Belt,19,update,93f55897-733e-486b-bbfe-6d766ff93368,"Mach-E, F-150 Lightning, and Ford EVs don't have timing belts since electric motors don't require valve timing.","Mach-E, F-150 Lightning, and Ford EVs don't have timing belts since electric motors don't require valve timing.",generic,TMB-039,Belts & Cooling,Pitches by Op Code,
Product Knowledge — Timing Belt,20,update,e1f46422-2b9a-4cd9-8f60-a244702ac604,"Ford recommends timing belt replacement on wet-belt applications at 100,000–150,000 miles — but real-world failures often occur much earlier.",OEM says 100K — we say 60-80K.,zero,TMB-039,Belts & Cooling,Pitches by Op Code,
Product Knowledge — Timing Belt,21,update,2f0dc54c-7a2f-4ace-b234-6879a010de1b,Ford service bulletins on the 2.0L EcoBoost wet belt have led to extended warranties and class-action lawsuits in some markets — making customer education important when servicing affected vehicles.,Ford has acknowledged this issue — that's why we recommend early replacement.,zero,TMB-039,Belts & Cooling,Pitches by Op Code,
Product Knowledge — Timing Belt,22,update,531679ae-6206-4280-9ccc-562970d38e50,"When replacing a timing belt on any Ford application, water pump, tensioner, and idler pulleys should be replaced simultaneously since labor access is identical and these are matched-life components.",All four parts together — one labor charge.,zero,TMB-039,Belts & Cooling,Pitches by Op Code,
Product Knowledge — Timing Belt,23,update,ba9a0ebd-d1e0-468e-b247-77ceacad3bb9,Wet-belt service on Ford EcoBoost requires specific oil and engine cleaning procedures since debris from belt wear contaminates the oil — a more involved job than a traditional dry-belt replacement.,Wet-belt service is more involved than a regular timing belt.,zero,TMB-039,Belts & Cooling,Pitches by Op Code,
Product Knowledge — Timing Belt,26,update,756c69f0-c68b-4b8e-9d3f-8806c015970b,"Most modern GM engines use timing chains — LS/LT V8 family, Ecotec 2.0L turbo, the new 3.0L Duramax inline-six diesel, the high-feature V6 — eliminating timing belt service on most current GM vehicles.",Most newer GMs have chains.,zero,TMB-039,Belts & Cooling,Pitches by Op Code,
Product Knowledge — Timing Belt,27,update,338bcfdc-4d38-47c8-9ec6-4112395a654b,"The 1.4L turbo (Cruze, Sonic, Trax, Encore, Buick Verano) has had timing chain stretch issues — a chain problem, not a belt problem — but does not use a timing belt.",Your engine has a chain — different issue.,zero,TMB-039,Belts & Cooling,Pitches by Op Code,
Product Knowledge — Timing Belt,28,update,cc7c05f1-e08b-475e-8d10-77cb8c4a2cd4,"Older GM applications with timing belts (3.0L Cadillac CTS V6, some legacy Saturn, Daewoo-derived 1.5L/1.6L) are largely out of regular service today.",skip — minimal exposure.,zero,TMB-039,Belts & Cooling,Pitches by Op Code,
Product Knowledge — Timing Belt,29,update,713c2cbd-3d30-464c-b5c4-0563c241221b,"The 6.6L Duramax diesel (Silverado HD, Sierra HD) uses timing gears — not a belt or chain — essentially maintenance-free for the engine's life.",Duramax has gears — no service needed.,zero,TMB-039,Belts & Cooling,Pitches by Op Code,
Product Knowledge — Timing Belt,30,update,d16d7c56-0825-4faa-bc15-1c15048ee90e,"The Corvette (C5, C6, C7, C8) and all LS/LT V8 applications use timing chains.",Corvette has a chain.,zero,TMB-039,Belts & Cooling,Pitches by Op Code,
Product Knowledge — Timing Belt,31,update,674b57b4-0f05-4b78-9872-c4207d42242e,"GM's Hummer EV, Silverado EV, Lyriq, Bolt EV, and Bolt EUV don't have timing belts since electric motors don't require valve timing.","GM's Hummer EV, Silverado EV, Lyriq, Bolt EV, and Bolt EUV don't have timing belts since electric motors don't require valve timing.",generic,TMB-039,Belts & Cooling,Pitches by Op Code,
Product Knowledge — Timing Belt,32,update,9ee99bbf-c5ce-47c3-bb37-a3a4d80e325d,The Saab 9-3 and 9-5 (when GM owned Saab) used timing chains on most engines — with some legacy applications using belts.,skip — minimal exposure.,zero,TMB-039,Belts & Cooling,Pitches by Op Code,
Product Knowledge — Timing Belt,33,update,62ba07ed-6592-4189-8899-198fa8067b5c,"GM's recent 1.2L and 1.3L turbo three-cylinder engines (Trailblazer, Encore GX, some international markets) use timing chains.",Your turbo three has a chain.,zero,TMB-039,Belts & Cooling,Pitches by Op Code,
Product Knowledge — Timing Belt,34,update,0a89b0d9-66f8-472f-9bf5-d776f5868dd3,ACDelco offers timing chain kits and tensioners as service parts but largely doesn't carry timing belt kits — they're not needed for current production.,"ACDelco does chains, not belts.",zero,TMB-039,Belts & Cooling,Pitches by Op Code,
Product Knowledge — Timing Belt,35,update,e13caa1b-d06b-4e5d-98c1-53c823a2388e,"For older GM vehicles still requiring timing belt service, ACDelco and aftermarket suppliers (Gates, Continental, Dayco) cover legacy applications adequately.",Aftermarket covers older GM belt jobs.,zero,TMB-039,Belts & Cooling,Pitches by Op Code,
Product Knowledge — Timing Belt,38,update,43d9687f-fbed-40f3-9ce0-7855a3d15354,"Most modern Toyota and Lexus engines use timing chains — 2.5L Dynamic Force, 3.5L V6 (2GR-FKS), V35A 3.5L twin-turbo V6, 5.0L V8 (2UR-GSE/GUE), and i-FORCE MAX hybrid powertrain.",Most newer Toyotas have chains.,zero,TMB-039,Belts & Cooling,Pitches by Op Code,
Product Knowledge — Timing Belt,39,update,9e7513a0-2ac3-472c-8639-df9308fcf12f,"The legacy 1MZ-FE 3.0L V6 (Camry, Avalon, Solara, ES300, RX300, Sienna, Highlander) used a timing belt with 90,000-mile replacement interval — many of these vehicles are still in service.",Older Camry/Avalon — needs the timing belt service.,zero,TMB-039,Belts & Cooling,Pitches by Op Code,
Product Knowledge — Timing Belt,40,update,8a8d2f4e-b16c-47f4-919c-7ae69c0faab2,"The 2GR-FE 3.5L V6 (Camry, Avalon, RAV4, Highlander, Sienna, ES350, RX350, Venza, IS350) used a timing chain when it replaced the 1MZ in 2005–2007 — eliminating timing belt service on these model years and forward.",Newer V6 has a chain.,zero,TMB-039,Belts & Cooling,Pitches by Op Code,
Product Knowledge — Timing Belt,41,update,9a8c02de-ae6d-48e6-9d5a-0f0b53a58d50,"The 2AZ-FE 2.4L four-cylinder (Camry, RAV4, Solara, Scion tC, Highlander) uses a timing chain, not a belt.",Your four-cylinder has a chain.,zero,TMB-039,Belts & Cooling,Pitches by Op Code,
Product Knowledge — Timing Belt,42,update,8e89660e-ec10-4309-a6c7-43bf57201a04,"The 4Runner 4.0L V6 (1GR-FE) and 5.7L V8 (3UR-FE — legacy Tundra, Sequoia, Land Cruiser, Lexus LX) both use timing chains.",Truck has a chain.,zero,TMB-039,Belts & Cooling,Pitches by Op Code,
Product Knowledge — Timing Belt,43,update,342db7db-8b4a-498b-a31a-63b72240a718,The Tacoma 4.0L V6 and the legacy Tacoma 2.7L four-cylinder (2TR-FE) both use timing chains.,Tacoma has a chain.,zero,TMB-039,Belts & Cooling,Pitches by Op Code,
Product Knowledge — Timing Belt,44,update,b2add330-3813-403e-a22c-d0c02aee4102,"Toyota's hybrid system (Prius, Camry Hybrid, RAV4 Hybrid, Highlander Hybrid) uses Atkinson-cycle engines with timing chains.",Hybrid has a chain.,zero,TMB-039,Belts & Cooling,Pitches by Op Code,
Product Knowledge — Timing Belt,45,update,0699aff2-cb81-47e8-b6d7-3431319d8f5f,The bZ4X EV doesn't have a timing belt or chain.,The bZ4X EV doesn't have a timing belt or chain.,generic,TMB-039,Belts & Cooling,Pitches by Op Code,
Product Knowledge — Timing Belt,46,update,6314ecb4-796b-40fd-862b-e215f429abee,"For legacy Toyota and Lexus applications still requiring timing belt service (especially the 1MZ V6), the timing belt service typically costs $700–$1,200 at independent shops and includes the water pump, tensioner, and idlers.","Full service is typically $700-$1,200.",zero,TMB-039,Belts & Cooling,Pitches by Op Code,
Product Knowledge — Timing Belt,47,update,36dae6d8-e022-47dd-8d0e-268969eb8086,The 1MZ-FE is technically a non-interference engine — meaning belt failure typically doesn't cause valve damage.,"Belt failure won't destroy the engine, but you'll be stranded.",zero,TMB-039,Belts & Cooling,Pitches by Op Code,
Product Knowledge — Timing Belt,50,update,fb90f6cd-8f61-42eb-92a4-ab839551f244,"Most modern Honda and Acura engines use timing chains — K-series (K20A, K24A, K20C), L15B7 1.5L turbo (Civic, CR-V, Accord), 2.0L turbo (Civic Si, Accord, Acura TLX, Integra), K20C1 (Civic Type R, Integra Type S).",Most newer Hondas have chains.,zero,TMB-039,Belts & Cooling,Pitches by Op Code,
Product Knowledge — Timing Belt,51,update,a1f7284a-d170-4277-8ef7-9fb6dcf965dc,"The legacy J-series V6 (J35A in Pilot, Odyssey, Ridgeline, MDX through 2017; J37 in Acura RL, TL, MDX, RLX) used timing belts with 105,000-mile replacement intervals.",Older Pilot/Odyssey — needs timing belt at 105K.,zero,TMB-039,Belts & Cooling,Pitches by Op Code,
Product Knowledge — Timing Belt,52,update,90998fb5-8f31-4a89-bcf3-8b679920eede,"The newer J35Y6 V6 (2018+ Pilot, Passport, Odyssey, Ridgeline, MDX) uses a timing belt with 100,000-mile intervals — meaning current Pilot, Passport, Odyssey, and Ridgeline owners DO need timing belt service.",Your V6 still uses a belt — even on current models.,zero,TMB-039,Belts & Cooling,Pitches by Op Code,
Product Knowledge — Timing Belt,53,update,a41ef004-5730-4538-a4b1-ebd71f60cc65,"All J-series Honda V6 engines are interference designs — belt failure causes catastrophic engine damage, making timing belt service genuinely critical, not optional.",Belt failure means a new engine — this is critical.,zero,TMB-039,Belts & Cooling,Pitches by Op Code,
Product Knowledge — Timing Belt,54,update,352b04c2-3367-48af-9fb3-81941e69f52f,"The legacy F-series 2.2L/2.3L four-cylinder (Accord 1990s–early 2000s, Prelude) used timing belts with 90,000-mile intervals.",Older Accord — needs timing belt service.,zero,TMB-039,Belts & Cooling,Pitches by Op Code,
Product Knowledge — Timing Belt,55,update,d7a8f3e0-dc63-4067-a350-4929feef16a6,"The legacy D-series and B-series four-cylinders (Civic, Integra) used timing belts — many of these vehicles are still in enthusiast service.",Older Civic/Integra — timing belt.,zero,TMB-039,Belts & Cooling,Pitches by Op Code,
Product Knowledge — Timing Belt,56,update,a02dfefb-94c8-4e63-b667-5a95b6727207,The 2.4L K-series and all current Honda four-cylinders use timing chains.,K-series has a chain.,zero,TMB-039,Belts & Cooling,Pitches by Op Code,
Product Knowledge — Timing Belt,57,update,7ca97222-2e50-4faf-b0a0-0efd4fbe4583,The Acura NSX (1991–2005) used a timing belt with specific service procedures; the 2017–2022 NSX used a chain.,skip.,zero,TMB-039,Belts & Cooling,Pitches by Op Code,
Product Knowledge — Timing Belt,58,update,9f85fd32-67de-4c05-8549-d3a7949ccf74,"Honda recommends J-series timing belt replacement at 100,000–105,000 miles or 7 years, whichever comes first; the water pump should always be replaced at the same time.",Belt + water pump at 100K — same job.,zero,TMB-039,Belts & Cooling,Pitches by Op Code,
Product Knowledge — Timing Belt,59,update,374297d6-9bed-43a0-9f5b-178b5333dce4,The Honda Prologue EV and Acura ZDX EV don't have timing belts — built on GM's Ultium platform.,The Honda Prologue EV and Acura ZDX EV don't have timing belts — built on GM's Ultium platform.,generic,TMB-039,Belts & Cooling,Pitches by Op Code,
Product Knowledge — Timing Belt,62,update,18372a8a-db70-4e7f-b3b8-cdefe340b8c9,"Most modern Stellantis engines use timing chains — Pentastar 3.6L V6, 5.7L/6.4L HEMI V8, 2.0L turbo (Wrangler, Cherokee, Compass, 200), and the new Hurricane inline-six.",Most newer Mopars have chains.,zero,TMB-039,Belts & Cooling,Pitches by Op Code,
Product Knowledge — Timing Belt,63,update,e52d1f16-b18b-4f4d-8ead-1b7b55be0658,"The legacy 3.7L PowerTech V6 and 4.7L PowerTech V8 (older Jeep, Dodge, Ram applications) use timing chains.",Older Jeep/Ram has a chain.,zero,TMB-039,Belts & Cooling,Pitches by Op Code,
Product Knowledge — Timing Belt,64,update,dad6b8ae-64a5-4f3a-801d-14895211c073,The 3.0L EcoDiesel V6 uses a timing chain for the camshafts and a timing belt for the high-pressure fuel pump — a known wear item that requires specific service procedures.,"EcoDiesel has both — chain for cams, belt for fuel pump.",zero,TMB-039,Belts & Cooling,Pitches by Op Code,
Product Knowledge — Timing Belt,65,update,baf1cb5d-5f5d-4258-9b79-517c713989f3,The 6.7L Cummins diesel uses timing gears (no belt or chain) — essentially maintenance-free for engine life.,Cummins has gears — no service needed.,zero,TMB-039,Belts & Cooling,Pitches by Op Code,
Product Knowledge — Timing Belt,66,update,4b179162-673f-4b4c-911e-49a73e90fa9a,"The 6.2L supercharged HEMI (Hellcat, Demon, Trackhawk, TRX) uses a timing chain.",Hellcat has a chain.,zero,TMB-039,Belts & Cooling,Pitches by Op Code,
Product Knowledge — Timing Belt,67,update,fe06be51-3d21-46c3-a1dc-f4def359fa98,"The 2.4L Tigershark four-cylinder (Compass, Renegade, 200, Dart, Cherokee) uses a timing chain.",Tigershark has a chain.,zero,TMB-039,Belts & Cooling,Pitches by Op Code,
Product Knowledge — Timing Belt,68,update,5428feb1-db50-4e51-adc3-d752d4962d14,"The 1.4L MultiAir turbo (Dart, 200, Renegade, 500 Abarth) uses a timing belt with a 60,000–100,000 mile replacement interval depending on application.",Your turbo has a belt — needs service.,zero,TMB-039,Belts & Cooling,Pitches by Op Code,
Product Knowledge — Timing Belt,69,update,48ec8bd5-b40b-43a9-90a9-1d70da136c0a,"Older Chrysler/Dodge applications (2.7L LH V6, 3.5L LH V6, Mitsubishi-derived V6s) used timing belts — many are out of regular service today.",skip — minimal exposure.,zero,TMB-039,Belts & Cooling,Pitches by Op Code,
Product Knowledge — Timing Belt,70,update,1f83e86c-ec11-4ff8-92c1-1c003ee6b0b9,"The Charger Daytona EV, Wagoneer EV (upcoming), and other Stellantis EVs don't have timing belts.","The Charger Daytona EV, Wagoneer EV (upcoming), and other Stellantis EVs don't have timing belts.",generic,TMB-039,Belts & Cooling,Pitches by Op Code,
Product Knowledge — Timing Belt,71,update,66dcda5c-1927-4233-8a6e-e548f91d2dcf,The Pacifica Hybrid (PHEV) uses the Pentastar V6 with a timing chain.,Pacifica Hybrid has a chain.,zero,TMB-039,Belts & Cooling,Pitches by Op Code,
Product Knowledge — Timing Belt,74,update,86e4dd9a-6658-4c9e-b10c-70f1fa3a0f1b,"The legacy EJ-series boxer engines (EJ20, EJ22, EJ25 — used in Impreza, Forester, Outback, Legacy, WRX, STI through ~2011 non-turbo and ~2014 STI) used timing belts with 105,000-mile replacement intervals.",Older Subaru — needs timing belt service.,zero,TMB-039,Belts & Cooling,Pitches by Op Code,
Product Knowledge — Timing Belt,75,update,40aff0e9-1091-40c5-bf94-cc8f2d0ece89,"The current FA and FB boxer engines (FB20, FB25, FA20DIT, FA20F, FA24D, FA24F) all use timing chains — eliminating timing belt service on current Subaru vehicles.",Newer Subaru has a chain.,zero,TMB-039,Belts & Cooling,Pitches by Op Code,
Product Knowledge — Timing Belt,76,update,18aaff9a-6b1f-48c3-8536-ddfb2bdb0c8a,"The FA24D in the BRZ (and Toyota GR86) and the FB25 in the current Outback, Forester, Ascent, and Legacy all use timing chains.",Current Subaru has a chain.,zero,TMB-039,Belts & Cooling,Pitches by Op Code,
Product Knowledge — Timing Belt,77,update,ec6c7823-c5ab-4c31-a19f-ee0f6e286a1d,The Solterra EV doesn't have a timing belt or chain.,The Solterra EV doesn't have a timing belt or chain.,generic,TMB-039,Belts & Cooling,Pitches by Op Code,
Product Knowledge — Timing Belt,78,update,6ec5b159-72c7-4e93-b196-71a335bddcb1,"For legacy EJ-series Subarus still in service, the timing belt service is a significant job — the boxer engine layout makes access different from inline engines, but the work is well-documented.",Boxer engine — bigger job than a regular timing belt.,zero,TMB-039,Belts & Cooling,Pitches by Op Code,
Product Knowledge — Timing Belt,79,update,0574a0ef-b2fd-4858-b261-dfe3fa3b4de3,"The EJ-series timing belt service should always include water pump, tensioner, idler pulleys, and crankshaft seal — total parts cost typically $400–$700, with labor adding $400–$800.","Full service is typically $800-$1,500.",zero,TMB-039,Belts & Cooling,Pitches by Op Code,
Product Knowledge — Timing Belt,80,update,b54cbe95-2060-44cb-969e-b86c89b86a49,EJ-series engines are interference designs — meaning belt failure causes valve damage — making timing belt service genuinely critical.,Belt failure means a new engine.,zero,TMB-039,Belts & Cooling,Pitches by Op Code,
Product Knowledge — Timing Belt,81,update,78938b25-803a-49f8-a209-b03e1f60d930,"The legacy STI's EJ257 (turbocharged 2.5L) used a timing belt; many are still in enthusiast service and require regular replacement, especially with aggressive use.","STI — drive it hard, replace the belt sooner.",zero,TMB-039,Belts & Cooling,Pitches by Op Code,
Product Knowledge — Timing Belt,82,update,efc88e58-6b3e-4456-8c49-e3ca23b821c4,Subaru's flat-four boxer layout means the timing belt drives both cylinder heads' camshafts plus accessories like the oil pump on some applications.,skip — operational detail.,zero,TMB-039,Belts & Cooling,Pitches by Op Code,
Product Knowledge — Timing Belt,83,update,139df67b-391f-4d2c-97bc-f39ec81baad7,Subaru has fully transitioned to timing chains for new production — but the existing fleet of EJ-series Subarus on the road means timing belt knowledge remains relevant for shops servicing these vehicles.,Subaru has fully transitioned to timing chains for new production — but the existing fleet of EJ-series Subarus on the road means timing belt knowledge remains relevant for shops servicing these vehicles.,generic,TMB-039,Belts & Cooling,Pitches by Op Code,
Product Knowledge — Timing Belt,86,update,8f245cdb-1638-4da3-aa34-17311da95d1e,"Most modern Hyundai/Kia/Genesis engines use timing chains — Smartstream 2.5L, Theta II 2.0L/2.4L, Lambda V6 (3.3L, 3.5L, 3.8L), and Tau V8.",Most newer Hyundais have chains.,zero,TMB-039,Belts & Cooling,Pitches by Op Code,
Product Knowledge — Timing Belt,87,update,d8f39c0f-0c6e-484a-8099-f673492910be,"The legacy Beta II 2.0L/2.4L four-cylinder (older Elantra, Tucson, Sportage, Optima) used timing belts — most are out of regular service today.",skip — minimal exposure.,zero,TMB-039,Belts & Cooling,Pitches by Op Code,
Product Knowledge — Timing Belt,88,update,3d8be3aa-e248-4bd8-9537-c766160b9787,"The legacy Sigma V6 (Sonata, Optima, Tiburon V6) used timing belts — mostly out of regular service.",skip.,zero,TMB-039,Belts & Cooling,Pitches by Op Code,
Product Knowledge — Timing Belt,89,update,ce734e6b-d5be-4d98-a437-e8944e69898a,"The Mu V6 3.8L (legacy Genesis Coupe, Veracruz) used a timing chain.","The Mu V6 3.8L (legacy Genesis Coupe, Veracruz) used a timing chain.",generic,TMB-039,Belts & Cooling,Pitches by Op Code,
Product Knowledge — Timing Belt,90,update,714e7ffe-c628-4f29-9889-dc7de2e92156,"The 3.5L twin-turbo V6 (Genesis G80, GV80, Hyundai Palisade Calligraphy) uses timing chains with specific service procedures.",Genesis has a chain.,zero,TMB-039,Belts & Cooling,Pitches by Op Code,
Product Knowledge — Timing Belt,91,update,ae7b820a-1bce-4228-bfc1-5ac7ef8be3d5,"The N performance lineup (Elantra N, Kona N legacy, Sonata N Line, Ioniq 5 N) uses timing chains across the board.",N has a chain.,zero,TMB-039,Belts & Cooling,Pitches by Op Code,
Product Knowledge — Timing Belt,92,update,42c4ce66-5375-4fc3-bed8-bfc1b178df26,"Hybrid models (Tucson Hybrid, Sportage Hybrid, Sorento Hybrid, Niro Hybrid) use the Smartstream 1.6L turbo with timing chains.",Hybrid has a chain.,zero,TMB-039,Belts & Cooling,Pitches by Op Code,
Product Knowledge — Timing Belt,93,update,d1e38d2e-d8bf-4fc7-9c0e-df3f7daaf1e4,"The Ioniq 5, Ioniq 6, EV6, EV9, and Genesis EVs don't have timing belts.","The Ioniq 5, Ioniq 6, EV6, EV9, and Genesis EVs don't have timing belts.",generic,TMB-039,Belts & Cooling,Pitches by Op Code,
Product Knowledge — Timing Belt,94,update,7dfd9705-171b-4730-aaac-cbed8ab802cf,"The 10-year/100,000-mile powertrain warranty covers timing chain failures (a defect, not wear) but not timing belts (a wear item) on legacy applications.","Chain defects covered, belt service is wear.",zero,TMB-039,Belts & Cooling,Pitches by Op Code,
Product Knowledge — Timing Belt,95,update,07fd6f4d-8cd0-42e0-bd4e-79186f66f389,Hyundai/Kia's transition to timing chains across the lineup means timing belt service is rapidly fading from the dealer service portfolio — though independent shops still see legacy applications.,Newer Hyundais don't need this service.,zero,TMB-039,Belts & Cooling,Pitches by Op Code,
Product Knowledge — Timing Belt,98,update,e5ad8199-7741-48ee-a8c1-aaae31c10b90,"Most modern Nissan/Infiniti engines use timing chains — VQ35 V6, VR30DDTT twin-turbo V6, legacy VK56 V8 (Titan, Armada legacy), QR25DE 2.5L four-cylinder.",Most newer Nissans have chains.,zero,TMB-039,Belts & Cooling,Pitches by Op Code,
Product Knowledge — Timing Belt,99,update,6a658222-1554-4639-9835-691ba8ba8763,The GT-R's VR38DETT twin-turbo V6 uses a timing chain — with specific service procedures.,GT-R has a chain.,zero,TMB-039,Belts & Cooling,Pitches by Op Code,
Product Knowledge — Timing Belt,100,update,1ab5a273-f29e-4385-8ff2-9c97b633d32d,"The legacy KA24 (Hardbody pickup, 240SX) and SR20 (Sentra SE-R, 200SX) used timing chains.",skip.,zero,TMB-039,Belts & Cooling,Pitches by Op Code,
Product Knowledge — Timing Belt,101,update,76633ed9-a825-47f6-89c3-4079efde671e,"Older Nissan applications with timing belts (VG30E V6 in 300ZX, Pathfinder, Maxima, D21 pickup; Z24/Z22 four-cylinder) are largely out of regular service today.",skip.,zero,TMB-039,Belts & Cooling,Pitches by Op Code,
Product Knowledge — Timing Belt,102,update,3d4dc4d9-341c-4cc6-aa71-4500c9882bb9,"The legacy VG-series V6 (200SX, Pathfinder, Maxima 1980s–1990s, 300ZX) used timing belts with 60,000–105,000 mile intervals depending on application.",skip.,zero,TMB-039,Belts & Cooling,Pitches by Op Code,
Product Knowledge — Timing Belt,103,update,a6f0c3a7-14cc-4849-8b9c-13a8314cdfac,The VQ35 V6 (used across the Nissan/Infiniti lineup from 2002 onward) uses a timing chain — eliminating timing belt service from most modern Nissans.,VQ35 has a chain.,zero,TMB-039,Belts & Cooling,Pitches by Op Code,
Product Knowledge — Timing Belt,104,update,f98fb72e-b7f7-4e6b-9f4a-9519c78f0556,"The 3.5L V6 in older Maxima, Murano, Pathfinder, Quest, 350Z, and 370Z all use timing chains.",V6 has a chain.,zero,TMB-039,Belts & Cooling,Pitches by Op Code,
Product Knowledge — Timing Belt,105,update,cc957789-f382-438b-9394-769ad6c85818,The Leaf and Ariya EVs don't have timing belts.,The Leaf and Ariya EVs don't have timing belts.,generic,TMB-039,Belts & Cooling,Pitches by Op Code,
Product Knowledge — Timing Belt,106,update,7b4c2c15-6c48-447d-ae46-6706aa51e2e4,Frontier and Titan applications with the current 3.8L V6 and legacy 4.0L V6 use timing chains.,Truck has a chain.,zero,TMB-039,Belts & Cooling,Pitches by Op Code,
Product Knowledge — Timing Belt,107,update,be749651-b09c-4aff-9053-fc1b7123ef51,"Nissan e-POWER (gas-engine series-hybrid, popular internationally) uses a timing chain on the small gasoline engine that serves as a generator.",skip.,zero,TMB-039,Belts & Cooling,Pitches by Op Code,
Product Knowledge — Timing Belt,110,update,3606be6b-5604-44c9-95c5-780c9952f800,"Most modern Mazda engines use timing chains — SkyActiv-G 2.0L, 2.5L, 2.5L turbo, SkyActiv-D 2.2L diesel, the new SkyActiv-G inline-six in CX-90 and CX-70.",Most newer Mazdas have chains.,zero,TMB-039,Belts & Cooling,Pitches by Op Code,
Product Knowledge — Timing Belt,111,update,01a96fe1-55bc-4c23-a43b-961cc6008fcf,"The legacy MZR 2.0L and 2.3L (Mazda3, Mazda6, CX-7, MX-5 NC) used timing chains.",MZR Mazda has a chain.,zero,TMB-039,Belts & Cooling,Pitches by Op Code,
Product Knowledge — Timing Belt,112,update,cdd73a30-d037-46c3-99b1-d6aa8d5999f4,"The legacy K-series V6 (Millenia, MPV, Tribute V6) and L-series four-cylinders used timing chains for most applications.",skip — limited exposure.,zero,TMB-039,Belts & Cooling,Pitches by Op Code,
Product Knowledge — Timing Belt,113,update,9a2cf812-2a26-40f1-b607-dc6ebf05947c,"Older Mazda applications with timing belts (B6 1.6L in early Miata, BP 1.8L in Miata NA/NB, FE3 2.2L in B-series pickup) are largely out of regular service or are enthusiast vehicles.",skip — limited exposure.,zero,TMB-039,Belts & Cooling,Pitches by Op Code,
Product Knowledge — Timing Belt,114,update,a2a128cf-c973-46db-ae82-df100282013d,"The MX-5 Miata NA (1990–1997) and NB (1999–2005) used timing belts with 60,000–90,000 mile replacement intervals — relevant for the active classic Miata enthusiast community.",Classic Miata — needs timing belt.,zero,TMB-039,Belts & Cooling,Pitches by Op Code,
Product Knowledge — Timing Belt,115,update,dc0ecea0-a1ab-41e2-81bf-b44b9f941475,"The current MX-5 (ND, 2016+) uses a timing chain on the SkyActiv-G 2.0L.",Current Miata has a chain.,zero,TMB-039,Belts & Cooling,Pitches by Op Code,
Product Knowledge — Timing Belt,116,update,65f9ce33-9776-42de-a6bd-e1981e4de480,The CX-90 PHEV uses the SkyActiv-G 2.5L with a timing chain.,CX-90 PHEV has a chain.,zero,TMB-039,Belts & Cooling,Pitches by Op Code,
Product Knowledge — Timing Belt,117,update,36316369-d424-4a4f-9ac9-e65d4f92ad4e,The MX-30 EV doesn't have a timing belt.,The MX-30 EV doesn't have a timing belt.,generic,TMB-039,Belts & Cooling,Pitches by Op Code,
Product Knowledge — Timing Belt,118,update,628bb145-3aa5-480b-bf0f-c56a1bebbc0f,"The Wankel rotary engines (RX-7, RX-8) don't use timing belts or chains since rotary engines don't have valves — they use eccentric shaft seals instead, a different service item entirely.",skip — niche.,zero,TMB-039,Belts & Cooling,Pitches by Op Code,
Product Knowledge — Timing Belt,119,update,491c0bf3-7057-4e78-843b-2079f2c70783,"Mazda's transition to timing chains across the lineup means timing belt service is largely a legacy concern — for shops servicing older Miatas, MPVs, and Tribute applications.",Newer Mazdas don't need this service.,zero,TMB-039,Belts & Cooling,Pitches by Op Code,
Product Knowledge — Timing Belt,122,update,a4ba80b7-4498-4193-ad31-e20714f60889,"Most modern Mercedes engines use timing chains — M254/M256 inline-four and inline-six, M177/178 V8 biturbo, M139 turbo-four, OM656 inline-six diesel.",Most newer Mercedes have chains.,zero,TMB-039,Belts & Cooling,Pitches by Op Code,
Product Knowledge — Timing Belt,123,update,8164c57f-49f5-41f8-b1f1-9c914cebd96a,"The legacy M271 1.8L supercharged four-cylinder (C-Class, SLK, E-Class through 2014) used a timing chain — known for stretch issues but not a timing belt.",M271 has a chain — different issue.,zero,TMB-039,Belts & Cooling,Pitches by Op Code,
Product Knowledge — Timing Belt,124,update,d95c4ae5-00f7-4fee-a1a8-11ddfdbab01d,"The legacy OM651 2.1L diesel (E-Class, GLK, Sprinter) used a timing chain.",Mercedes diesel has a chain.,zero,TMB-039,Belts & Cooling,Pitches by Op Code,
Product Knowledge — Timing Belt,125,update,78cc1832-777d-4bb1-b9ac-339e453bf468,Older Mercedes applications with timing belts (M111 1.8L/2.3L through early 2000s; some V6/V8 applications) are largely out of regular service today.,skip.,zero,TMB-039,Belts & Cooling,Pitches by Op Code,
Product Knowledge — Timing Belt,126,update,385ff691-926b-448d-8a13-bc6e0b50dd0c,"The OM602 and OM603 inline-five and inline-six diesels (legacy 300D, E300 Diesel, Sprinter) used timing chains.",skip.,zero,TMB-039,Belts & Cooling,Pitches by Op Code,
Product Knowledge — Timing Belt,127,update,9a67b5aa-2cf9-4e3e-83db-69ec420aabc2,"The M104 inline-six (legacy E320, S320, SL320 1990s) used timing chains.",skip.,zero,TMB-039,Belts & Cooling,Pitches by Op Code,
Product Knowledge — Timing Belt,128,update,37f7ecb0-3c52-45bb-90b2-4c307c3df00a,The Mercedes-AMG One hypercar uses a Formula 1-derived powertrain with specialized timing gear arrangements.,skip.,zero,TMB-039,Belts & Cooling,Pitches by Op Code,
Product Knowledge — Timing Belt,129,update,bff8daf9-207a-431f-84a1-8e299da8bf44,"The EQS, EQE, EQB, EQS SUV, and other Mercedes EVs don't have timing belts.","The EQS, EQE, EQB, EQS SUV, and other Mercedes EVs don't have timing belts.",generic,TMB-039,Belts & Cooling,Pitches by Op Code,
Product Knowledge — Timing Belt,130,update,c9920f32-1bf9-4233-aaac-eda93b51abdb,Mercedes' transition to timing chains has been complete for many years — chain stretch issues on M271 and M272/M273 V6/V8 applications have been more notable than timing belt service in recent decades.,Mercedes does chains — and chains have their own issues.,zero,TMB-039,Belts & Cooling,Pitches by Op Code,
Product Knowledge — Timing Belt,131,update,e71422e5-4a9a-49c9-a7b7-176a1963a150,Mercedes' diesel lineup (legacy CDI engines) used timing chains across the modern era — eliminating timing belt service on Mercedes diesels for over two decades.,Mercedes diesel — chain for two decades.,zero,TMB-039,Belts & Cooling,Pitches by Op Code,
Product Knowledge — Timing Belt,134,update,6926d810-9d70-4916-a988-ccace18419c9,"Most BMW engines for over 20 years have used timing chains — M50/M52/M54 inline-six (legacy 3 Series, 5 Series), N52, N54, N55, B58, S55, S58, V8/V12 applications.",BMW has used chains for 20+ years.,zero,TMB-039,Belts & Cooling,Pitches by Op Code,
Product Knowledge — Timing Belt,135,update,c1dd1d9c-1053-4dbb-b1c9-96fd9158150f,BMW's transition away from timing belts happened earlier than most automakers — meaning even early-2000s BMWs largely use chains.,Even older BMWs have chains.,zero,TMB-039,Belts & Cooling,Pitches by Op Code,
Product Knowledge — Timing Belt,136,update,8a41c9b9-511b-4f31-8881-64f2e5f63b54,"The legacy M40, M42, and M44 four-cylinder engines (1990s 318i, Z3) used timing chains.",skip.,zero,TMB-039,Belts & Cooling,Pitches by Op Code,
Product Knowledge — Timing Belt,137,update,c415528b-a756-4461-b92b-b4df00570e13,"The M70/M73 V12 (legacy 750iL, 850i) used timing chains.",skip.,zero,TMB-039,Belts & Cooling,Pitches by Op Code,
Product Knowledge — Timing Belt,138,update,0e68f6ae-38f4-47c0-b6f8-52922b72d3d2,"The Mini Cooper (R-series, 2007–2013) used Peugeot/PSA-derived 1.6L engines with timing chains that had widely reported stretch issues — a chain problem, not a belt problem.",Older Mini has a chain — different issue.,zero,TMB-039,Belts & Cooling,Pitches by Op Code,
Product Knowledge — Timing Belt,139,update,8a9ff80b-3159-4232-9601-5f46f6a4e7ee,The current MINI Cooper (F-series and beyond) uses BMW-derived engines with timing chains.,Current Mini has a chain.,zero,TMB-039,Belts & Cooling,Pitches by Op Code,
Product Knowledge — Timing Belt,140,update,818f693e-78ca-44ce-9f48-30bb651aa042,"BMW M Performance and M models (M2, M3, M4, M5, M8, X3 M, X5 M, X6 M) use timing chains.",M has a chain.,zero,TMB-039,Belts & Cooling,Pitches by Op Code,
Product Knowledge — Timing Belt,141,update,6f1047f9-8576-4820-923a-34905cccc54e,"The i4, iX, i5, i7, iX3, and other BMW EVs don't have timing belts.","The i4, iX, i5, i7, iX3, and other BMW EVs don't have timing belts.",generic,TMB-039,Belts & Cooling,Pitches by Op Code,
Product Knowledge — Timing Belt,142,update,32861852-6915-4c47-ab20-9c1fbfba5e98,BMW's timing chain failures (especially N20 2.0L turbo 2012–2016 and N52 inline-six on some applications) have been more significant maintenance concerns than timing belts in the modern BMW era.,Some BMWs have chain issues — different problem than belt.,zero,TMB-039,Belts & Cooling,Pitches by Op Code,
Product Knowledge — Timing Belt,143,update,fc1c72fe-f08a-410b-b046-224ea7fa6af6,The Rolls-Royce models (under BMW Group) use BMW-derived V12 engines with timing chains.,skip.,zero,TMB-039,Belts & Cooling,Pitches by Op Code,
Product Knowledge — Timing Belt,146,update,2aa6cfd1-db57-45a1-be4f-e228bd056462,The EA888 2.0L turbo (used across many VW and Audi applications) and the EA839 3.0L turbo V6 use timing chains.,Most newer VWs/Audis have chains.,zero,TMB-039,Belts & Cooling,Pitches by Op Code,
Product Knowledge — Timing Belt,147,update,985f7754-0cd3-438c-a23e-1ca4200f3f6e,"The legacy 1.8T and 2.0T (early A4, A6, Passat, Jetta, Golf, GTI) used timing belts with 105,000-mile replacement intervals — highly relevant for the still-large fleet of these vehicles.",Older VW/Audi turbo — needs timing belt.,zero,TMB-039,Belts & Cooling,Pitches by Op Code,
Product Knowledge — Timing Belt,148,update,27ca8661-e6a6-43cd-a416-b18062ab0dbc,"The VR6 engine (Golf, Jetta, GTI, Passat, R32) used timing chains throughout its production.",VR6 has a chain.,zero,TMB-039,Belts & Cooling,Pitches by Op Code,
Product Knowledge — Timing Belt,149,update,229e934a-de14-4c0a-af4c-3eb08226e5ef,"Audi's W12 (A8, S8 some markets, Bentley Continental, VW Phaeton) used timing chains.",skip.,zero,TMB-039,Belts & Cooling,Pitches by Op Code,
Product Knowledge — Timing Belt,150,update,309125d5-b192-421b-862f-925c7db1ce6c,"The legacy TDI diesels (1.9L, 2.0L through ~2014) used timing belts with 100,000–120,000 mile replacement intervals — failure typically causes catastrophic engine damage on these interference designs.",Older TDI — timing belt is critical.,zero,TMB-039,Belts & Cooling,Pitches by Op Code,
Product Knowledge — Timing Belt,151,update,eb487af8-bfe4-45d7-883e-c4814632fdbb,"The newer EA288 TDI uses a timing belt that runs in oil ('wet belt') — similar to the Ford EcoBoost wet-belt issue, with reported premature failures.",Wet-belt design — replace earlier than the manual says.,zero,TMB-039,Belts & Cooling,Pitches by Op Code,
Product Knowledge — Timing Belt,152,update,142717a4-3b08-4cf5-a3d1-af6cd1396795,"The Audi 4.2L V8 (legacy A8, S4, RS4) used a timing chain — at the back of the engine, requiring engine removal for service.",Audi V8 — big job when it needs work.,zero,TMB-039,Belts & Cooling,Pitches by Op Code,
Product Knowledge — Timing Belt,153,update,e54f0667-b2ef-49fb-a9e2-88700e089dac,"The current 2.5L turbo five-cylinder (Audi RS3, RS Q3, TT RS) uses a timing chain.",RS has a chain.,zero,TMB-039,Belts & Cooling,Pitches by Op Code,
Product Knowledge — Timing Belt,154,update,d98bbcc1-8fc3-4348-aed8-f8d8f31c4620,"The ID.4, ID.Buzz, Audi Q4 e-tron, Q6 e-tron, Q8 e-tron, e-tron GT, and other VW/Audi EVs don't have timing belts.","The ID.4, ID.Buzz, Audi Q4 e-tron, Q6 e-tron, Q8 e-tron, e-tron GT, and other VW/Audi EVs don't have timing belts.",generic,TMB-039,Belts & Cooling,Pitches by Op Code,
Product Knowledge — Timing Belt,155,update,2d6a2ddc-dd83-40d0-933a-d11fb7002404,"Legacy VW/Audi 1.8T timing belt service is one of the most common timing belt jobs at independent shops — water pump, tensioner, idlers always replaced together for $800–$1,500 typical total cost.","Full service is typically $800-$1,500.",zero,TMB-039,Belts & Cooling,Pitches by Op Code,
Product Knowledge — Timing Belt,160,update,23be3ca3-a12b-45b4-89c8-364196c91f6a,"OE supplier credibility on legacy applications — Gates is the original equipment timing belt supplier for many Honda J-series V6 applications, the legacy Toyota 1MZ V6, and many other Japanese, American, and European applications.",Same belt that came with your engine.,zero,TMB-039,Belts & Cooling,Pitches by Op Code,
Product Knowledge — Timing Belt,161,update,a07ae6cc-2a9d-4f1b-b9cb-690d6e053ca5,PowerGrip and PowerGrip Premium tiers — Gates offers tiered timing belt options including PowerGrip (OE-equivalent) and PowerGrip Premium (validated for extended service intervals and high-stress applications) — letting shops match price and customer expectations.,Two Gates options — let's match yours.,zero,TMB-039,Belts & Cooling,Pitches by Op Code,
Product Knowledge — Timing Belt,162,update,86b2d612-32cf-4643-93c8-108bf393ae00,"Complete kit availability — Gates is one of the few brands offering complete timing belt service kits with belt, water pump, tensioner, idler pulleys, and seals — significant since these components share labor access and should always be replaced together.",Gates kit has everything in one box.,zero,TMB-039,Belts & Cooling,Pitches by Op Code,
Product Knowledge — Timing Belt,163,update,a583f566-4c9b-4841-91a7-e0d9c7566809,"Validated tooth profile and HNBR cord construction — Gates timing belts use HNBR (hydrogenated nitrile butadiene rubber) compound on premium applications, significantly more heat-resistant and longer-lasting than the EPDM used in serpentine belts.",Premium materials — built to last 100K+ miles.,zero,TMB-039,Belts & Cooling,Pitches by Op Code,
Product Knowledge — Timing Belt,164,update,0d39b864-519b-412d-be44-7cb2ab72a281,"Industry-leading warranty on premium kits — Gates' premium PowerGrip kits often carry warranties up to 4 years/48,000 miles, providing both customer confidence and shop margin protection on a service that has catastrophic failure modes.",Gates warranty for 4 years.,zero,TMB-039,Belts & Cooling,Pitches by Op Code,
Product Knowledge — Timing Belt,167,update,cc3c7964-3b7b-40c0-9ad9-019900407d04,"OE supplier to Stellantis EcoDiesel and several other applications — Dayco supplies OE timing components for many Stellantis applications, particularly the 3.0L EcoDiesel high-pressure fuel pump timing belt and various legacy applications.",Dayco makes the original belt for your engine.,zero,TMB-039,Belts & Cooling,Pitches by Op Code,
Product Knowledge — Timing Belt,168,update,aaa8ed17-c6e3-4d25-a9d7-d7e780b26e35,"Heavy-duty diesel timing belt validation — Dayco's timing belts are extensively validated for diesel applications (legacy VW TDI, EcoDiesel, Mercedes diesel) where higher cylinder pressures and continuous high-load operation impose greater demands than gasoline engines.",Built for diesel demands.,zero,TMB-039,Belts & Cooling,Pitches by Op Code,
Product Knowledge — Timing Belt,169,update,43fab7e6-566e-4b05-8ec0-17e158df7954,"Comprehensive timing kit coverage — Dayco offers complete timing belt kits with belt, water pump, tensioner, and idlers for most legacy applications still in regular service — strong coverage of Honda J-series, Toyota 1MZ, VW 1.8T, and Subaru EJ-series.",Dayco has kits for the major belt jobs.,zero,TMB-039,Belts & Cooling,Pitches by Op Code,
Product Knowledge — Timing Belt,170,update,9bb2cd8c-6671-4625-9127-7521bebec2ea,"HSN (high stress) belt construction for performance applications — Dayco's HSN line uses upgraded materials and construction validated for performance applications including legacy Subaru STI, VW/Audi 1.8T performance builds, and other high-RPM uses.",skip — niche.,zero,TMB-039,Belts & Cooling,Pitches by Op Code,
Product Knowledge — Timing Belt,171,update,51c5fcc1-7ec9-4da7-ab7e-9f898a1dfc83,Strong aftermarket distribution — Dayco's North American distribution network covers virtually every parts retailer and independent shop — making timing belt kits readily available for shops servicing legacy applications.,skip.,zero,TMB-039,Belts & Cooling,Pitches by Op Code,
Product Knowledge — Timing Belt,174,update,80a22e9c-cf87-4f48-9c39-b581db7ec9f4,"OE supplier to virtually all German timing belt applications — Continental is the OE supplier for legacy VW/Audi 1.8T, 2.0L TDI, and many other German applications.",Same belt that came with your German car.,zero,TMB-039,Belts & Cooling,Pitches by Op Code,
Product Knowledge — Timing Belt,175,update,6d01d3c6-5195-4337-8e6f-b909b62e7e89,Engineered for 'wet belt' applications — Continental developed timing belt technology specifically for oil-immersed (wet belt) designs used in some VW EA288 diesels and later applications.,Continental built for wet belt designs.,zero,TMB-039,Belts & Cooling,Pitches by Op Code,
Product Knowledge — Timing Belt,176,update,37420caf-a263-459c-9f2d-d327e04e07a0,"Tighter manufacturing tolerances for European NVH — German automakers have strict NVH specs, and Continental timing belts are engineered to meet those specs with specific tooth profiles that minimize meshing noise that causes 'timing belt whine' complaints on cheaper aftermarket alternatives.",Built quieter for German cars.,zero,TMB-039,Belts & Cooling,Pitches by Op Code,
Product Knowledge — Timing Belt,177,update,d2eb7c1c-e70f-4e94-8160-6ce63ef8e866,"Complete CT timing belt kits — Continental's CT line offers complete service kits with everything needed (belt, water pump, tensioner, idlers, seals) — particularly relevant for European applications where component-matching is critical.",Continental kit has everything.,zero,TMB-039,Belts & Cooling,Pitches by Op Code,
Product Knowledge — Timing Belt,178,update,664cc5a6-e094-4181-8623-26dcf4603d5a,R&D investment for new wet-belt technology — Continental's significant R&D budget funds advanced compound development including the next generation of wet-belt timing belt technology aimed at addressing the durability concerns of early-generation wet-belt designs.,skip.,zero,TMB-039,Belts & Cooling,Pitches by Op Code,
Product Knowledge — Timing Belt,181,update,0c399f14-1a2f-4b83-be9b-9136805fc289,"OE supplier to Honda J-series V6 timing belts — Bando is the primary OE supplier for many Honda J-series V6 applications (Pilot, Odyssey, Ridgeline, Acura MDX, RL, TL) — making aftermarket Bando the same product as factory-installed.",Same belt that came with your Pilot/Odyssey.,zero,TMB-039,Belts & Cooling,Pitches by Op Code,
Product Knowledge — Timing Belt,182,update,eff60acc-6c8c-4c9d-ae08-075b34f7adae,"Validated for Honda's 105,000-mile interval — Honda's recommendation of 105,000-mile timing belt replacement on J-series V6s depends on belt durability that meets that standard.",Built to go 105K like Honda recommends.,zero,TMB-039,Belts & Cooling,Pitches by Op Code,
Product Knowledge — Timing Belt,183,update,6e1076e9-1b99-4c4b-901d-18d5f3c24fee,"HNBR construction with aramid cords — Bando's timing belts use HNBR rubber compound and aramid tensile cords (Kevlar-family) — providing both heat resistance and stretch resistance critical for maintaining precise valve timing over 100,000+ miles.",Premium materials — built to last.,zero,TMB-039,Belts & Cooling,Pitches by Op Code,
Product Knowledge — Timing Belt,184,update,6b04a8be-10c9-4ada-9aa6-2994987ff149,"Tighter dimensional tolerances — Bando manufactures timing belts to tighter tolerances than industry average, which matters more on timing belts than serpentine belts because tooth-to-pulley engagement directly affects valve timing accuracy.",Tighter tolerances for precision timing.,zero,TMB-039,Belts & Cooling,Pitches by Op Code,
Product Knowledge — Timing Belt,185,update,c62997a1-ea90-45a9-8cf9-81798d39b569,"Strong Japanese vehicle aftermarket coverage — Bando's coverage of legacy Toyota 1MZ V6, Honda J-series, and other Japanese applications makes it a go-to brand for shops specializing in Japanese vehicles.",Specialty brand for Japanese vehicles.,zero,TMB-039,Belts & Cooling,Pitches by Op Code,
Product Knowledge — Timing Belt,189,update,1cdd5f24-73a7-4602-a690-bc38fd165673,STRATEGY 1: The Timing Belt Kit Job — Belt + Water Pump + Tensioner + Idlers Together (Never Belt Alone),lead with the bundle.,zero,TMB-039,Belts & Cooling,Pitches by Op Code,
Product Knowledge — Timing Belt,190,update,26621491-81f9-4ace-909d-8c06221224fd,STRATEGY 2: The Wet-Belt Early-Replacement Sale — Customer Protection on Ford EcoBoost and VW EA288 TDI,Wet-belt design — replace earlier than the book says.,zero,TMB-039,Belts & Cooling,Pitches by Op Code,
Product Knowledge — Timing Belt,191,update,64689e36-1a30-492e-b61e-3840daf0f4a3,STRATEGY 3: The Chain-vs-Belt Education Sale — Stop Overselling AND Stop Underselling,Let me check your engine — chain or belt makes a big difference.,zero,TMB-039,Belts & Cooling,Pitches by Op Code,
Product Knowledge — Belts,5,update,58a82da1-a6dd-447b-8969-ce22aa552fa6,EVs don't have serpentine belts — electric motors drive accessories directly.,No serpentine belt on your EV — direct-drive accessories.,zero,SRP-038,Belts & Cooling,Pitches by Op Code,
Product Knowledge — Belts,6,update,407423f8-71ad-4575-b143-e4f1ae480be4,"The belt and tensioner are a paired replacement — replacing the belt without inspecting the tensioner is the leading source of comeback complaints, with belt squeal returning within weeks.",Belt plus the tensioner — both are part of doing this right.,zero,SRP-038,Belts & Cooling,Pitches by Op Code,
Product Knowledge — Belts,7,update,e027558a-3ebc-4403-8302-e3b79ca0cfb4,"Modern 48V mild-hybrid systems with belt-driven integrated starter-generators (ISGs) place dramatically higher loads on the serpentine belt — up to 12+ kW of regenerative load through the belt, far beyond conventional accessory drives.",Your vehicle has a higher-demand belt system — let's use the right replacement.,zero,SRP-038,Belts & Cooling,Pitches by Op Code,
Product Knowledge — Belts,8,update,507b8e06-0583-4e57-bf72-0811b471a174,"Modern EPDM belts hide their wear — over 90% of EPDM belt failures occur with no visible cracking, glazing, or fraying.",EPDM belts don't always show wear visually — we measure rib depth instead.,zero,SRP-038,Belts & Cooling,Pitches by Op Code,
Product Knowledge — Belts,9,update,5b25c529-0030-4d51-a78d-2badd63361a9,"Most OEMs recommend serpentine belt inspection every 30,000 miles, with replacement typically needed every 60,000–100,000 miles — a cadence customers and shops both routinely skip.",OEM recommends inspection at this mileage.,zero,SRP-038,Belts & Cooling,Pitches by Op Code,
Product Knowledge — Belts,14,update,f9b64d3f-2c4f-4a95-9161-435c7cc2c98e,"Motorcraft is Ford's OE belt brand — engineered to match the specific pulley diameters, accessory loads, and engine bay temperatures of Ford and Lincoln applications.",Motorcraft is Ford's brand for your truck.,zero,SRP-038,Belts & Cooling,Pitches by Op Code,
Product Knowledge — Belts,15,update,1e356dac-6869-4d5e-8d85-4877c70b09dd,"Most modern Ford and Lincoln vehicles use a single serpentine belt to drive alternator, A/C compressor, power steering pump (where applicable), and water pump (on some engines).",One belt drives all your accessories — important to keep it healthy.,zero,SRP-038,Belts & Cooling,Pitches by Op Code,
Product Knowledge — Belts,16,update,f85047ae-7d6f-4565-a052-fd9923bd16dc,"EcoBoost engines (1.0L, 1.5L, 2.0L, 2.3L, 2.7L, 3.5L) often use stretch-fit belts requiring a specialized installation tool — incorrect installation damages the belt or pulleys.",EcoBoost belts need a special tool — we have it.,zero,SRP-038,Belts & Cooling,Pitches by Op Code,
Product Knowledge — Belts,17,update,60749f69-28e2-43cd-9cf9-4b152a943fbb,F-150 and Super Duty trucks with the 6.7L Power Stroke diesel use a separate belt for the supercharger-driven secondary cooling system in addition to the main serpentine belt.,Your diesel has two belts — we check both.,zero,SRP-038,Belts & Cooling,Pitches by Op Code,
Product Knowledge — Belts,18,update,a5433647-bd77-4629-9292-e719234ff5c0,"Mustang GT, Mach 1, Dark Horse, and Shelby applications often have heavy-duty belts validated for higher RPM and supercharger drive (where applicable on Shelby GT500).",Performance belt for performance Mustang.,zero,SRP-038,Belts & Cooling,Pitches by Op Code,
Product Knowledge — Belts,19,update,f1bf6ebd-92b4-4c3d-8313-a81a6fc18e93,"Ford recommends serpentine belt inspection every 30,000 miles, with replacement typically needed every 60,000–100,000 miles depending on application.","Ford recommends serpentine belt inspection every 30,000 miles, with replacement typically needed every 60,000–100,000 miles depending on application.",generic,SRP-038,Belts & Cooling,Pitches by Op Code,
Product Knowledge — Belts,20,update,d3ac61ee-e9e9-4b51-9974-5fd0004005a6,"Many modern Ford engines (especially EcoBoost and Coyote V8) integrate the water pump into the front timing cover, driven by the serpentine belt — belt failure means immediate engine overheating.",Belt failure on this engine means a tow.,zero,SRP-038,Belts & Cooling,Pitches by Op Code,
Product Knowledge — Belts,21,update,caecd4ed-eb26-4a6b-92a8-96e109bc048f,"The 'wet belt' timing belt design used in some Ford EcoBlue diesel engines (Europe/global, limited US) runs in oil — different from a serpentine belt but often confused.",skip — confusing context for the tier.,zero,SRP-038,Belts & Cooling,Pitches by Op Code,
Product Knowledge — Belts,22,update,01e2fac7-3c3f-4e11-8f1c-fca5c2a2f911,"Mach-E, F-150 Lightning, and other Ford EVs don't use serpentine belts — electric motors drive accessories directly.",No belt on your Lightning.,zero,SRP-038,Belts & Cooling,Pitches by Op Code,
Product Knowledge — Belts,23,update,2b4b0446-36a7-4a7a-afb4-2f51c5916c8b,Ford's tensioner and idler pulley assemblies wear together with belts — replacing the belt without inspecting tensioners is a common source of comeback complaints from belt squeal returning quickly.,Belt plus the tensioner — both required.,zero,SRP-038,Belts & Cooling,Pitches by Op Code,
Product Knowledge — Belts,26,update,cdcc95d8-f14e-4f3f-bbda-6b76c64d8e40,ACDelco is GM's OE belt brand — options include Genuine GM (OE-identical) and Professional (OE-spec for service applications).,ACDelco is GM's brand.,zero,SRP-038,Belts & Cooling,Pitches by Op Code,
Product Knowledge — Belts,27,update,e78791fe-6c3a-4803-b059-268187dc8ba6,"Most modern GM vehicles use a single serpentine belt — LS-based V8s, LT-series small blocks, and the new high-feature V6 all share similar accessory drive layouts.",Single belt drives everything.,zero,SRP-038,Belts & Cooling,Pitches by Op Code,
Product Knowledge — Belts,28,update,8440d692-6727-49d5-bc66-b1c2fc90305c,"Silverado, Sierra, Tahoe, Yukon, Suburban, and Escalade with Active Fuel Management or Dynamic Fuel Management depend on consistent accessory drive operation — these systems rely on stable engine vacuum and electrical loads.",Your truck's fuel-management system depends on consistent belt operation.,zero,SRP-038,Belts & Cooling,Pitches by Op Code,
Product Knowledge — Belts,29,update,7adc569d-0d25-42fe-adb0-63c9f00aa106,"The 6.6L Duramax diesel uses a heavier-duty serpentine belt rated for the larger water pump, alternator, and air conditioning loads typical of HD trucks.",Heavy-duty belt for your Duramax.,zero,SRP-038,Belts & Cooling,Pitches by Op Code,
Product Knowledge — Belts,30,update,2aef3891-e64d-4042-9dec-2adac34229a5,"Corvette (C7, C8) uses a serpentine belt with specific routing validated for the LT-series engine — the C8's mid-engine packaging adds further validation requirements.",Specific belt for the Corvette engine.,zero,SRP-038,Belts & Cooling,Pitches by Op Code,
Product Knowledge — Belts,31,update,b7a46933-42c5-416d-a850-dfe9c5f964aa,"Cadillac Blackwing models (CT4-V Blackwing, CT5-V Blackwing) use heavy-duty belts validated for supercharger drive (LT4) and twin-turbo applications.",Performance belt for performance Cadillac.,zero,SRP-038,Belts & Cooling,Pitches by Op Code,
Product Knowledge — Belts,32,update,e7229900-7e7e-41da-8ad9-d3eb671b6390,"GM recommends serpentine belt inspection every 30,000 miles, with replacement typically needed every 60,000–100,000 miles.","GM recommends serpentine belt inspection every 30,000 miles, with replacement typically needed every 60,000–100,000 miles.",generic,SRP-038,Belts & Cooling,Pitches by Op Code,
Product Knowledge — Belts,33,update,440c3841-8509-4b4a-b55e-587d4af3baf7,"The Hummer EV, Silverado EV, Lyriq, Bolt EV, and Bolt EUV don't use serpentine belts — electric motors drive accessories directly.","The Hummer EV, Silverado EV, Lyriq, Bolt EV, and Bolt EUV don't use serpentine belts — electric motors drive accessories directly.",generic,SRP-038,Belts & Cooling,Pitches by Op Code,
Product Knowledge — Belts,34,update,2ea6d60e-78f4-401a-8621-296a654b5126,GM's StabiliTrak and Active Brake Control depend on the engine running consistently — a broken belt that causes engine shutdown also disables those systems immediately.,A broken belt affects more than just the radio.,zero,SRP-038,Belts & Cooling,Pitches by Op Code,
Product Knowledge — Belts,35,update,a0972568-2f9a-4359-b176-00b40fbd4f4c,"ACDelco offers heavy-duty belts for police pursuit, fleet, and commercial applications (Tahoe PPV, Silverado SSV, Express vans) with higher temperature and load ratings.",skip — retail focus.,zero,SRP-038,Belts & Cooling,Pitches by Op Code,
Product Knowledge — Belts,38,update,7bf8409e-18bc-4f4f-a8c0-e063966c9fb1,"Toyota OE belts are typically supplied by Bando, Mitsuboshi, and other Japanese manufacturers — specifications validated for Toyota's long maintenance intervals.",Toyota's brand of belt.,zero,SRP-038,Belts & Cooling,Pitches by Op Code,
Product Knowledge — Belts,39,update,c88875a4-7f43-4c32-ade1-3ce10e381e52,Most modern Toyota and Lexus engines use a single serpentine belt; some older V6 and V8 applications have separate belts for different accessories.,Newer Toyotas use one belt.,zero,SRP-038,Belts & Cooling,Pitches by Op Code,
Product Knowledge — Belts,40,update,7a8a8068-957f-4001-9f1f-50f6738d6d6f,"The 3.5L twin-turbo V35A V6 in the Tundra, Sequoia, Lexus LX, and Land Cruiser uses a heavy-duty serpentine belt validated for the higher loads of turbo applications.",Heavy-duty belt for the turbo engine.,zero,SRP-038,Belts & Cooling,Pitches by Op Code,
Product Knowledge — Belts,41,update,52e9c3cc-0635-4e09-91df-9252e58500be,"Tacoma, 4Runner, and 4Runner-platform vehicles often see severe-duty conditions (off-road dust, mud) that can shorten belt life from contamination and abrasion.",Off-road use shortens belt life — let's check it.,zero,SRP-038,Belts & Cooling,Pitches by Op Code,
Product Knowledge — Belts,42,update,592456bb-7f21-4518-ad75-0a1b8b2d3663,"Lexus performance applications (IS500, RC F, LC500) have heavy-duty belts for the 2UR-GSE 5.0L V8 with high-RPM accessory drive demands.",Performance Lexus — performance belt.,zero,SRP-038,Belts & Cooling,Pitches by Op Code,
Product Knowledge — Belts,43,update,b7ccd5a4-390e-49c0-b155-6b92e749d16e,"Toyota recommends serpentine belt inspection every 30,000 miles, with replacement typically needed every 60,000–90,000 miles.","Toyota recommends serpentine belt inspection every 30,000 miles, with replacement typically needed every 60,000–90,000 miles.",generic,SRP-038,Belts & Cooling,Pitches by Op Code,
Product Knowledge — Belts,44,update,c7a78f49-bfe0-4539-a60d-ae8318b8d9b8,"Hybrid Toyotas (Prius, Camry Hybrid, RAV4 Hybrid, Highlander Hybrid) use serpentine belts on the gasoline engine — the hybrid system's electric motor drives some accessories independently when the gas engine is off.",Hybrid still has a belt on the gas side.,zero,SRP-038,Belts & Cooling,Pitches by Op Code,
Product Knowledge — Belts,45,update,f4cd438b-aca2-4e7c-b6c2-58977a319660,The bZ4X EV doesn't use a serpentine belt — electric motors drive accessories directly.,The bZ4X EV doesn't use a serpentine belt — electric motors drive accessories directly.,generic,SRP-038,Belts & Cooling,Pitches by Op Code,
Product Knowledge — Belts,46,update,621f1ccb-8810-4130-b4ad-67178ccc908b,"Toyota's reputation for hitting 200,000+ miles depends partly on consistent belt and tensioner inspection — neglecting these is a common cause of engine damage on otherwise-reliable Toyota engines.",Toyota goes 200K+ when we maintain the belt.,zero,SRP-038,Belts & Cooling,Pitches by Op Code,
Product Knowledge — Belts,47,update,6d9aaada-0351-44f2-a91a-5ad46dd37418,The 5.7L 3UR-FE V8 (legacy Tundra and Land Cruiser) uses a serpentine belt that's relatively easy to access and inspect — making it a good upsell during routine service for older Toyota truck owners.,Quick to inspect — let's check it today.,zero,SRP-038,Belts & Cooling,Pitches by Op Code,
Product Knowledge — Belts,50,update,586ee30c-a018-4687-89b6-2923dff081c6,"Honda OE belts are typically supplied by Bando, Mitsuboshi, and Honda-validated manufacturers — specifications validated for Honda's high-revving engine philosophy.",Honda's brand of belt.,zero,SRP-038,Belts & Cooling,Pitches by Op Code,
Product Knowledge — Belts,51,update,791337a9-245a-4192-bfaa-cfa86020b281,"Most modern Hondas and Acuras use a single serpentine belt for accessory drive — the newer L15B7 1.5L turbo (Civic, CR-V) has a relatively compact accessory drive layout.",Single belt on your Honda.,zero,SRP-038,Belts & Cooling,Pitches by Op Code,
Product Knowledge — Belts,52,update,c93a4f4b-65ea-4464-90ec-c963526d7731,"The K20C1 (Civic Type R), K24 (Accord, Acura TLX), and J35 (Pilot, Passport, Odyssey, Acura MDX) all use serpentine belts with Honda-specific routing.",Honda-specific belt for your engine.,zero,SRP-038,Belts & Cooling,Pitches by Op Code,
Product Knowledge — Belts,53,update,a0f951e5-f41c-4da9-a841-6597ac1a35d2,Honda's maintenance minder system flags serpentine belt inspection via specific sub-codes — the belt is typically inspected at every B-service visit.,Your Maintenance Minder calls for belt inspection.,zero,SRP-038,Belts & Cooling,Pitches by Op Code,
Product Knowledge — Belts,54,update,8f48ccd9-6b32-47ca-9106-5d30bf057dd5,"Older Hondas with timing belts (J-series V6 pre-2018, etc.) have both a serpentine belt and a timing belt — confusion between the two is common, with separate replacement intervals.",Two belts on older Hondas — different services.,zero,SRP-038,Belts & Cooling,Pitches by Op Code,
Product Knowledge — Belts,55,update,d6afc8c6-cb85-4a2a-b220-242ef03fcf04,"Newer Honda engines (1.5L turbo, 2.0L turbo, K-series) use timing chains — eliminating timing belt replacement but still requiring serpentine belt service.",Your engine has a chain instead of a timing belt — but you still have a serpentine belt.,zero,SRP-038,Belts & Cooling,Pitches by Op Code,
Product Knowledge — Belts,56,update,7c2d0bdc-85af-4ebf-bc38-c66c1c0b7139,"Honda Hybrid models (Accord Hybrid, CR-V Hybrid, Civic Hybrid) use serpentine belts on the gasoline engine.","Honda Hybrid models (Accord Hybrid, CR-V Hybrid, Civic Hybrid) use serpentine belts on the gasoline engine.",generic,SRP-038,Belts & Cooling,Pitches by Op Code,
Product Knowledge — Belts,57,update,287f4150-82e0-41d8-8f2e-dbb4fbde98a7,The Honda Prologue EV and Acura ZDX EV don't use serpentine belts (built on GM's Ultium platform).,The Honda Prologue EV and Acura ZDX EV don't use serpentine belts (built on GM's Ultium platform).,generic,SRP-038,Belts & Cooling,Pitches by Op Code,
Product Knowledge — Belts,58,update,5b3921e4-062d-45a9-8b99-50593ba1196b,"Honda recommends serpentine belt inspection every 30,000 miles, with replacement typically needed every 60,000–100,000 miles.","Honda recommends serpentine belt inspection every 30,000 miles, with replacement typically needed every 60,000–100,000 miles.",generic,SRP-038,Belts & Cooling,Pitches by Op Code,
Product Knowledge — Belts,59,update,66b070da-c02e-4208-8948-674d72b7b299,The Acura NSX (when in production) used a specialized accessory drive for the twin-turbo V6 hybrid powertrain — significantly different service requirements than mainstream Acura models.,skip — niche.,zero,SRP-038,Belts & Cooling,Pitches by Op Code,
Product Knowledge — Belts,62,update,cc87893b-1b04-4a36-a943-aeff4e22d6a3,"Mopar offers OE belt options including standard service and heavy-duty for fleet, police, and severe-duty applications.",Mopar's the Stellantis brand.,zero,SRP-038,Belts & Cooling,Pitches by Op Code,
Product Knowledge — Belts,63,update,4c0e77e2-7ee6-49ec-8d13-4a885614976d,"Most modern Stellantis vehicles use a single serpentine belt — including the Pentastar 3.6L V6, the 5.7L/6.4L HEMI V8, and the new Hurricane inline-six.",Single belt drives everything.,zero,SRP-038,Belts & Cooling,Pitches by Op Code,
Product Knowledge — Belts,64,update,3653d262-50f7-4a34-b8ac-7b1e679bde29,"SRT and Hellcat applications (Charger, Challenger, Durango SRT, Trackhawk) use heavy-duty belts validated for supercharger drive on the supercharged 6.2L HEMI.",Performance belt for the supercharged engine.,zero,SRP-038,Belts & Cooling,Pitches by Op Code,
Product Knowledge — Belts,65,update,b56e6833-4859-4e49-9c59-dc29b30c882d,The 6.7L Cummins diesel in heavy-duty Ram trucks uses a heavy-duty serpentine belt rated for the larger accessories typical of HD diesel applications.,Heavy-duty belt for your Cummins.,zero,SRP-038,Belts & Cooling,Pitches by Op Code,
Product Knowledge — Belts,66,update,77816675-6439-420d-83f7-81454793d802,"Jeep Wrangler and Gladiator with off-road use see accelerated belt wear from dust, mud, and water exposure — severe-duty belts are widely available through Mopar.",Off-road use — let's check the belt.,zero,SRP-038,Belts & Cooling,Pitches by Op Code,
Product Knowledge — Belts,67,update,25597e16-ce15-45ad-af0f-e2740d7a017e,"eTorque mild-hybrid systems (Ram 1500, Wrangler 4xe) integrate a belt-driven motor-generator that places higher demands on the serpentine belt and tensioner — failure of these components can disable eTorque.",Your truck's eTorque needs a higher-demand belt.,zero,SRP-038,Belts & Cooling,Pitches by Op Code,
Product Knowledge — Belts,68,update,90edfdf3-3167-411c-a711-1a5846492c40,"The 3.0L EcoDiesel V6 uses a serpentine belt that requires specific service procedures — some related components (tensioner, idler pulleys) are known wear items.",EcoDiesel — let's check the whole accessory drive.,zero,SRP-038,Belts & Cooling,Pitches by Op Code,
Product Knowledge — Belts,69,update,7aca0a8b-25de-4d7a-8f94-40036db8ae83,"Mopar recommends serpentine belt inspection every 30,000 miles, with replacement typically needed every 60,000–100,000 miles.","Mopar recommends serpentine belt inspection every 30,000 miles, with replacement typically needed every 60,000–100,000 miles.",generic,SRP-038,Belts & Cooling,Pitches by Op Code,
Product Knowledge — Belts,70,update,29b3caf6-a19a-451a-8e67-8d816e6af59b,"The Charger Daytona EV, Wagoneer EV (upcoming), and other Stellantis EVs don't use serpentine belts.","The Charger Daytona EV, Wagoneer EV (upcoming), and other Stellantis EVs don't use serpentine belts.",generic,SRP-038,Belts & Cooling,Pitches by Op Code,
Product Knowledge — Belts,71,update,c3e1b237-3aff-4a29-b416-eba5a6d9e661,The Pacifica Hybrid (PHEV) uses a serpentine belt on the Atkinson-cycle V6 engine — the hybrid system handles many accessory functions during EV-only operation.,The Pacifica Hybrid (PHEV) uses a serpentine belt on the Atkinson-cycle V6 engine — the hybrid system handles many accessory functions during EV-only operation.,generic,SRP-038,Belts & Cooling,Pitches by Op Code,
Product Knowledge — Belts,74,update,b584ca1c-595a-44e4-9969-4b22be9ed063,"Subaru OE belts are typically supplied by Bando, Mitsuboshi, and other Japanese manufacturers — specifications validated for the boxer engine's unique accessory drive layout.",Subaru's brand of belt.,zero,SRP-038,Belts & Cooling,Pitches by Op Code,
Product Knowledge — Belts,75,update,cff311a8-e3a0-4b47-8b06-42d41b10d098,The horizontally opposed boxer engine has distinct serpentine belt routing compared to inline or V-configuration engines — the belt runs across the front of the engine.,Subaru's flat engine routes the belt differently.,zero,SRP-038,Belts & Cooling,Pitches by Op Code,
Product Knowledge — Belts,76,update,d1b039ad-27a5-4b74-b1b5-64aab08328fb,"Older Subarus with the EJ25 (legacy Forester, Outback, Impreza, Legacy) used a timing belt in addition to the serpentine belt — newer FA/FB engines use timing chains.",Older Subarus had two belts — newer ones have one.,zero,SRP-038,Belts & Cooling,Pitches by Op Code,
Product Knowledge — Belts,77,update,99ab6c74-f137-40af-aa2c-ad8a771e1885,WRX and STI applications use heavier-duty belts validated for the turbocharged engine's higher accessory loads.,Performance belt for performance Subaru.,zero,SRP-038,Belts & Cooling,Pitches by Op Code,
Product Knowledge — Belts,78,update,306cd487-e4a7-41f0-a248-fec8e166172e,"Outback, Forester, Crosstrek, and Ascent owners often see gravel-road and outdoor use that can shorten belt life from contamination.","Outback, Forester, Crosstrek, and Ascent owners often see gravel-road and outdoor use that can shorten belt life from contamination.",generic,SRP-038,Belts & Cooling,Pitches by Op Code,
Product Knowledge — Belts,79,update,3361d1df-d10b-4c4b-bc1c-1529e3e01d9b,"Subaru recommends serpentine belt inspection every 30,000 miles, with replacement typically needed every 60,000–100,000 miles depending on application.","Subaru recommends serpentine belt inspection every 30,000 miles, with replacement typically needed every 60,000–100,000 miles depending on application.",generic,SRP-038,Belts & Cooling,Pitches by Op Code,
Product Knowledge — Belts,80,update,5c229471-8f1b-4e32-94d2-4740fa7f9325,The Solterra EV doesn't use a serpentine belt — electric motors drive accessories directly.,The Solterra EV doesn't use a serpentine belt — electric motors drive accessories directly.,generic,SRP-038,Belts & Cooling,Pitches by Op Code,
Product Knowledge — Belts,81,update,44e8f2e9-55d1-4f1e-8247-02c7f88ed769,The boxer engine's relatively low engine bay height makes serpentine belt access generally straightforward — though specific routing varies between turbocharged and naturally aspirated variants.,Quick to inspect — let's check it today.,zero,SRP-038,Belts & Cooling,Pitches by Op Code,
Product Knowledge — Belts,82,update,65c39942-3f92-493b-bff3-2b93c6ca14e4,"Subaru's long-time customer loyalty (200,000+ miles common) makes consistent belt and tensioner inspection a meaningful part of hitting those milestones without accessory-drive failures.","Subaru's long-time customer loyalty (200,000+ miles common) makes consistent belt and tensioner inspection a meaningful part of hitting those milestones without accessory-drive failures.",generic,SRP-038,Belts & Cooling,Pitches by Op Code,
Product Knowledge — Belts,83,update,eb5e11bb-a139-4e42-9565-2c9a7e3adfcb,The BRZ shares its serpentine belt platform with the Toyota GR86 — they use the same FA24 boxer engine.,skip — niche.,zero,SRP-038,Belts & Cooling,Pitches by Op Code,
Product Knowledge — Belts,86,update,064c295f-e19f-4444-a6f5-43f6c55e3f95,"Hyundai/Kia OE belts are typically supplied by Bando, Mitsuboshi, and Korean manufacturers — specifications validated for the brand's specific engine families.",Hyundai's brand of belt.,zero,SRP-038,Belts & Cooling,Pitches by Op Code,
Product Knowledge — Belts,87,update,ca9a07d5-7c5e-4a3c-a148-62ce392ab92c,"Most modern Hyundai/Kia/Genesis engines use a single serpentine belt — Theta II 2.0L/2.4L (legacy), Smartstream 2.5L, Lambda V6, and Tau V8 all share this approach.",Single belt on your engine.,zero,SRP-038,Belts & Cooling,Pitches by Op Code,
Product Knowledge — Belts,88,update,51bb478b-d7b2-4288-b7a0-52113a12e492,"Genesis G70, G80, G90, GV70, GV80, and the Hyundai Sonata N Line, Kia Stinger, and Genesis Sport applications use specific belts for performance trims.",Premium belt for premium model.,zero,SRP-038,Belts & Cooling,Pitches by Op Code,
Product Knowledge — Belts,89,update,9c18b1c1-6077-4d3e-bec1-e943ef35e21c,"The 3.5L twin-turbo V6 in the Genesis G80, GV80, and Hyundai Palisade Calligraphy uses a heavy-duty serpentine belt for the turbocharged accessory loads.",Heavy-duty belt for your turbo.,zero,SRP-038,Belts & Cooling,Pitches by Op Code,
Product Knowledge — Belts,90,update,b587b061-10bd-475a-ad43-1fdac36cce73,"The N performance lineup (Elantra N, Kona N legacy, Sonata N Line) uses heavy-duty belts validated for higher RPM operation.",Performance belt for N model.,zero,SRP-038,Belts & Cooling,Pitches by Op Code,
Product Knowledge — Belts,91,update,5c8e1769-9397-46af-97a2-25d16dcbac88,"Hyundai/Kia recommend serpentine belt inspection every 30,000 miles, with replacement typically needed every 60,000–100,000 miles.","Hyundai/Kia recommend serpentine belt inspection every 30,000 miles, with replacement typically needed every 60,000–100,000 miles.",generic,SRP-038,Belts & Cooling,Pitches by Op Code,
Product Knowledge — Belts,92,update,f60cf52b-12cf-4e5e-886c-0a75f9ab0211,"The Ioniq 5, Ioniq 6, EV6, EV9, and Genesis EVs don't use serpentine belts.","The Ioniq 5, Ioniq 6, EV6, EV9, and Genesis EVs don't use serpentine belts.",generic,SRP-038,Belts & Cooling,Pitches by Op Code,
Product Knowledge — Belts,93,update,1232ab9b-dd22-4467-adb6-0526a36cbba4,"Hybrid models (Tucson Hybrid, Sportage Hybrid, Sorento Hybrid, Niro Hybrid) use serpentine belts on the gasoline engine.","Hybrid models (Tucson Hybrid, Sportage Hybrid, Sorento Hybrid, Niro Hybrid) use serpentine belts on the gasoline engine.",generic,SRP-038,Belts & Cooling,Pitches by Op Code,
Product Knowledge — Belts,94,update,f17a32b7-f95b-419d-a66e-88a7ebd3ee34,"The 10-year/100,000-mile powertrain warranty does not cover serpentine belts — a wear item — making consistent inspection a customer-education talking point.","The 10-year/100,000-mile powertrain warranty does not cover serpentine belts — a wear item — making consistent inspection a customer-education talking point.",generic,SRP-038,Belts & Cooling,Pitches by Op Code,
Product Knowledge — Belts,95,update,5790ba0a-ae6f-46e2-8fa5-c9e5fc7dab06,The Kia Telluride and Hyundai Palisade share the Lambda 3.8L V6 serpentine belt platform — simplifying inventory for shops servicing both brands.,skip — operational detail.,zero,SRP-038,Belts & Cooling,Pitches by Op Code,
Product Knowledge — Belts,98,update,510fec7c-934a-4360-bb7b-79f928ce705b,"Nissan OE belts are typically supplied by Bando, Mitsuboshi, and Nissan-validated manufacturers — specifications matching factory engine layouts.",Nissan's brand of belt.,zero,SRP-038,Belts & Cooling,Pitches by Op Code,
Product Knowledge — Belts,99,update,be62128b-9f91-4e18-90b3-621d75fd2ddd,"The VQ35 V6 (used in many Nissan/Infiniti applications), VR30DDTT twin-turbo V6 (Q50, Q60, Z), and the legacy VQ37 all use single serpentine belt accessory drives.",Single belt on your engine.,zero,SRP-038,Belts & Cooling,Pitches by Op Code,
Product Knowledge — Belts,100,update,01bb43d9-9592-4cbc-b3ae-99f3a118515d,The GT-R uses a serpentine belt for the VR38DETT twin-turbo V6 — specific OE specifications validated for the high-output engine.,skip — niche.,zero,SRP-038,Belts & Cooling,Pitches by Op Code,
Product Knowledge — Belts,101,update,98ec63f2-a19f-4b74-a30d-8e5040b05ad2,"Frontier, Titan, Pathfinder, and Armada applications with the legacy VK56 V8 (Titan, Armada legacy) and current 3.8L V6 (Frontier) use serpentine belts with truck-specific accessory loads.",Truck-spec belt.,zero,SRP-038,Belts & Cooling,Pitches by Op Code,
Product Knowledge — Belts,102,update,5102539c-73a3-458e-b4f3-564df5814233,"Infiniti applications (Q50, Q60, QX50, QX55, QX60, QX80) often have specific belt routing for adaptive suspension and luxury-feature accessory drives.",Luxury features mean specific belt requirements.,zero,SRP-038,Belts & Cooling,Pitches by Op Code,
Product Knowledge — Belts,103,update,3d0e86e9-3518-4080-8b9f-0fad01f900a3,"Nissan recommends serpentine belt inspection every 30,000 miles, with replacement typically needed every 60,000–105,000 miles.","Nissan recommends serpentine belt inspection every 30,000 miles, with replacement typically needed every 60,000–105,000 miles.",generic,SRP-038,Belts & Cooling,Pitches by Op Code,
Product Knowledge — Belts,104,update,aacd7ff5-ef17-48a6-a143-08e5c2c7b0ae,The Leaf and Ariya EVs don't use serpentine belts.,The Leaf and Ariya EVs don't use serpentine belts.,generic,SRP-038,Belts & Cooling,Pitches by Op Code,
Product Knowledge — Belts,105,update,bebd7dc9-8c7d-4769-8ac3-a9b218bd8d6c,"The Z, Z Nismo, and GT-R applications use heavy-duty belts validated for higher RPM operation.",Performance belt for performance car.,zero,SRP-038,Belts & Cooling,Pitches by Op Code,
Product Knowledge — Belts,106,update,2d3f307a-0f0a-44a2-8312-f4684bce1405,Nissan's CVT-equipped models depend on consistent engine accessory drive operation — the CVT relies on stable hydraulic pressure from the engine.,Your transmission depends on consistent belt operation.,zero,SRP-038,Belts & Cooling,Pitches by Op Code,
Product Knowledge — Belts,107,update,ccb521d2-8291-43d8-87c2-41c43fbd43d2,The Frontier and older Titan PRO-4X applications often see severe-duty conditions that can shorten belt life from dust and water exposure.,The Frontier and older Titan PRO-4X applications often see severe-duty conditions that can shorten belt life from dust and water exposure.,generic,SRP-038,Belts & Cooling,Pitches by Op Code,
Product Knowledge — Belts,110,update,b7258e09-393d-45c5-91eb-097b96cb6b93,"Mazda OE belts are typically supplied by Bando, Mitsuboshi, and other Japanese manufacturers — specifications validated for the SkyActiv engine family.",Mazda's brand of belt.,zero,SRP-038,Belts & Cooling,Pitches by Op Code,
Product Knowledge — Belts,111,update,6d6c3c17-fcda-4363-89a1-7a3fd04da2b8,"Most modern Mazdas (CX-5, CX-50, CX-90, CX-70, CX-30, Mazda3, Mazda6, MX-5) use single serpentine belt accessory drives.",Single belt across your Mazda lineup.,zero,SRP-038,Belts & Cooling,Pitches by Op Code,
Product Knowledge — Belts,112,update,e6162181-1ee4-4913-b14c-b8b9b76e6873,The new SkyActiv-G inline-six in the CX-90 and CX-70 uses a serpentine belt with specific routing for the larger engine's accessories.,New larger engine — specific belt.,zero,SRP-038,Belts & Cooling,Pitches by Op Code,
Product Knowledge — Belts,113,update,e570ebea-aafb-4e22-b59c-e3c1e354b743,Mazda's i-stop (stop-start) system requires consistent belt and tensioner condition for proper restart cycles — a worn belt can produce noisy or hesitant engine restarts.,Stop-start needs a healthy belt.,zero,SRP-038,Belts & Cooling,Pitches by Op Code,
Product Knowledge — Belts,114,update,c6fe607c-df49-4faf-92a5-8230b769ef56,The MX-5 Miata's 2.0L SkyActiv-G uses a serpentine belt that's relatively accessible due to the small engine bay.,Quick to inspect on your Miata.,zero,SRP-038,Belts & Cooling,Pitches by Op Code,
Product Knowledge — Belts,115,update,38f48c5c-87f9-4265-9b2a-694b971eee2e,"Mazda recommends serpentine belt inspection every 30,000 miles, with replacement typically needed every 60,000–100,000 miles.","Mazda recommends serpentine belt inspection every 30,000 miles, with replacement typically needed every 60,000–100,000 miles.",generic,SRP-038,Belts & Cooling,Pitches by Op Code,
Product Knowledge — Belts,116,update,24004e81-a599-46bd-b10e-337b46492759,The MX-30 EV doesn't use a serpentine belt.,The MX-30 EV doesn't use a serpentine belt.,generic,SRP-038,Belts & Cooling,Pitches by Op Code,
Product Knowledge — Belts,117,update,03e87899-fbfb-40b9-931a-0e82ddf9d582,The CX-90 PHEV uses a serpentine belt on the gasoline portion of the powertrain.,The CX-90 PHEV uses a serpentine belt on the gasoline portion of the powertrain.,generic,SRP-038,Belts & Cooling,Pitches by Op Code,
Product Knowledge — Belts,118,update,0febbdb8-9467-4087-b41e-217ce7b46803,"The CX-50, CX-70, and CX-90 are positioned for active-lifestyle customers who often see severe-duty conditions warranting more frequent belt inspection.","The CX-50, CX-70, and CX-90 are positioned for active-lifestyle customers who often see severe-duty conditions warranting more frequent belt inspection.",generic,SRP-038,Belts & Cooling,Pitches by Op Code,
Product Knowledge — Belts,119,update,f176c55d-dfb8-49b1-89b1-2f17ff6b8df1,"Mazda's 'human-centered' engineering means belt-related noise (squeal, chirp) is particularly noticeable to enthusiast customers — making OE belt quality important for retaining the brand's NVH character.",Mazda is quiet — keep it quiet with the right belt.,zero,SRP-038,Belts & Cooling,Pitches by Op Code,
Product Knowledge — Belts,122,update,d5eb501a-56dd-4f07-9765-1507d550d79e,Mercedes uses high-spec OE belts validated for the brand's specific engine families and accessory loads — belts typically supplied by Continental and other European manufacturers.,Mercedes-spec belt — Continental brand.,zero,SRP-038,Belts & Cooling,Pitches by Op Code,
Product Knowledge — Belts,123,update,c32b57e2-ebe6-4beb-be37-dd5385a92032,"AMG models (M139 turbo-four, M177/178 V8 biturbo, M256 inline-six) use heavy-duty belts validated for supercharger and turbocharger drive demands.",AMG belt — performance-validated.,zero,SRP-038,Belts & Cooling,Pitches by Op Code,
Product Knowledge — Belts,124,update,68b122c6-df7f-463d-849e-3525a6c2f058,The M256 inline-six and many modern Mercedes engines use a 48V mild-hybrid system with a belt-driven integrated starter-generator (ISG) — placing higher demands on the serpentine belt and tensioner.,Your hybrid system runs through the belt — needs the right one.,zero,SRP-038,Belts & Cooling,Pitches by Op Code,
Product Knowledge — Belts,125,update,4c9618a5-2b80-46eb-b55a-549e2cb47e32,Mercedes service intervals (Service A and Service B) include belt inspection on a defined schedule per the FSS (Flexible Service System).,Mercedes service intervals (Service A and Service B) include belt inspection on a defined schedule per the FSS (Flexible Service System).,generic,SRP-038,Belts & Cooling,Pitches by Op Code,
Product Knowledge — Belts,126,update,ca67a8ec-aee7-44c7-91f8-ba5c657a90a2,"Diesel applications (legacy OM642, OM651, OM654) use heavy-duty belts validated for the higher accessory loads of diesel engines.",Diesel-spec belt for your engine.,zero,SRP-038,Belts & Cooling,Pitches by Op Code,
Product Knowledge — Belts,127,update,617643c0-4118-4f8d-990b-16f60c5bfbbe,The Mercedes-AMG One hypercar uses a Formula 1-derived powertrain with specialized accessory drive components.,skip.,zero,SRP-038,Belts & Cooling,Pitches by Op Code,
Product Knowledge — Belts,128,update,62c430ab-8ddb-4001-9a11-0cd74b55fc2a,"Mercedes recommends serpentine belt inspection at every Service A or B visit — replacement typically needed every 60,000–100,000 miles.","Mercedes recommends serpentine belt inspection at every Service A or B visit — replacement typically needed every 60,000–100,000 miles.",generic,SRP-038,Belts & Cooling,Pitches by Op Code,
Product Knowledge — Belts,129,update,28311582-5c37-4248-90cd-7597d5c090dc,"The EQS, EQE, EQB, EQS SUV, and other Mercedes EVs don't use serpentine belts.","The EQS, EQE, EQB, EQS SUV, and other Mercedes EVs don't use serpentine belts.",generic,SRP-038,Belts & Cooling,Pitches by Op Code,
Product Knowledge — Belts,130,update,064371c2-d3f1-4587-81de-423001e236a1,Mercedes belt tensioners are often hydraulic on V8 and AMG applications — requiring specific service procedures different from standard mechanical tensioners.,AMG tensioner is different — specific procedure.,zero,IDP-041,Belts & Cooling,Pitches by Op Code,
Product Knowledge — Belts,131,update,e8b4cc01-6aec-4e32-b234-68be6f5804ef,"S-Class, Maybach, and other premium applications use the most sophisticated accessory drive systems — with belt-driven A/C compressors that integrate with the cabin climate's 'Air Balance' and other premium features.",Premium climate features depend on belt operation.,zero,SRP-038,Belts & Cooling,Pitches by Op Code,
Product Knowledge — Belts,134,update,b3e134f1-f5c7-4cfc-81cc-14792a05977b,"BMW uses OE belts supplied primarily by Continental, Gates, and other European manufacturers — specifications validated for the brand's tight engineering tolerances.",BMW-spec belt.,zero,SRP-038,Belts & Cooling,Pitches by Op Code,
Product Knowledge — Belts,135,update,d099707e-4e1d-48e4-833a-59a4717eda8e,"The B58 inline-six (used in many M Performance and base applications) and the S58 (M3, M4, M2) both use serpentine belts with specific routing.",Specific belt for your engine.,zero,SRP-038,Belts & Cooling,Pitches by Op Code,
Product Knowledge — Belts,136,update,5d5e722b-73df-4781-bc99-9f25b3ee5958,Many modern BMW engines (especially B58 and updated versions) use a 48V mild-hybrid system with a belt-driven integrated starter-generator — more demanding on the serpentine belt.,Your hybrid system runs through the belt.,zero,SRP-038,Belts & Cooling,Pitches by Op Code,
Product Knowledge — Belts,137,update,8a13cb35-5435-44ce-956c-82ea13681616,The Condition-Based Service (CBS) system flags belt service when needed — belt inspection is recommended at every CBS interval.,The Condition-Based Service (CBS) system flags belt service when needed — belt inspection is recommended at every CBS interval.,generic,SRP-038,Belts & Cooling,Pitches by Op Code,
Product Knowledge — Belts,138,update,cf018b54-777a-4166-9ab6-0205dfaeba8d,"M Performance and M models (M2, M3, M4, M5, M8, X3 M, X5 M, X6 M) use heavy-duty belts validated for sustained high-RPM operation and track use.",M-spec belt for M car.,zero,SRP-038,Belts & Cooling,Pitches by Op Code,
Product Knowledge — Belts,139,update,6f0f109e-ae04-4082-b9c5-487ccb88caa9,"BMW recommends serpentine belt replacement every 60,000–100,000 miles depending on application — the CBS system may flag earlier replacement based on detected wear.","BMW recommends serpentine belt replacement every 60,000–100,000 miles depending on application — the CBS system may flag earlier replacement based on detected wear.",generic,SRP-038,Belts & Cooling,Pitches by Op Code,
Product Knowledge — Belts,140,update,6bf54052-66f4-46bb-8dfb-320ded27ed0c,"The i4, iX, i5, i7, iX3, and other BMW EVs don't use serpentine belts.","The i4, iX, i5, i7, iX3, and other BMW EVs don't use serpentine belts.",generic,SRP-038,Belts & Cooling,Pitches by Op Code,
Product Knowledge — Belts,141,update,6c1997db-0065-4338-810c-b19bee7af9d7,"MINI applications (Cooper, Cooper S, JCW, Countryman) use serpentine belts validated for the BMW-derived engines used across the lineup.",MINI uses BMW engines — same belt validation.,zero,SRP-038,Belts & Cooling,Pitches by Op Code,
Product Knowledge — Belts,142,update,ccbefda5-023f-4c18-bdd5-5df804be2c39,"BMW belt tensioners on N20 (2.0L turbo, 2012–2016) and certain N52 inline-six applications are known wear items — often need replacement before the belt itself.",Tensioner is a wear item on your model.,zero,IDP-041,Belts & Cooling,Pitches by Op Code,
Product Knowledge — Belts,143,update,2857431e-f79b-4fb5-b84b-9edcaed28f26,The BMW M Hybrid V8 (LMDh racing program) uses a specialized hybrid powertrain validated for endurance racing — different from production BMW serpentine belt service.,skip.,zero,SRP-038,Belts & Cooling,Pitches by Op Code,
Product Knowledge — Belts,146,update,e2537df6-6e31-40ae-9b78-990dca37d786,VW/Audi use OE belts supplied primarily by Continental (a German company with deep VW Group ties) and other European manufacturers.,VW-spec belt — Continental brand.,zero,SRP-038,Belts & Cooling,Pitches by Op Code,
Product Knowledge — Belts,147,update,1aa430ca-f896-4d96-9d85-50690a3c0f7f,The EA888 2.0L turbo (used across many VW and Audi applications) and the EA839 3.0L turbo V6 both use serpentine belts with specific routing.,VW-specific belt for your engine.,zero,SRP-038,Belts & Cooling,Pitches by Op Code,
Product Knowledge — Belts,148,update,08fdb545-64a1-478e-b417-ecd514b7c4c9,"Audi RS models (RS3, RS5, RS6, RS7) use heavy-duty belts validated for higher RPM operation and turbocharger drive demands.",RS-spec belt for performance Audi.,zero,SRP-038,Belts & Cooling,Pitches by Op Code,
Product Knowledge — Belts,149,update,75215313-877e-46c3-a5ac-670bf9da604f,Many modern VW and Audi engines use 48V mild-hybrid systems with belt-driven integrated starter-generators — placing higher demands on belt and tensioner components.,Your hybrid system runs through the belt.,zero,SRP-038,Belts & Cooling,Pitches by Op Code,
Product Knowledge — Belts,150,update,36fb6250-df0d-49fc-baf0-08401227b2c0,"VW/Audi recommend serpentine belt inspection at every maintenance reminder service, with replacement typically needed every 60,000–100,000 miles.","VW/Audi recommend serpentine belt inspection at every maintenance reminder service, with replacement typically needed every 60,000–100,000 miles.",generic,SRP-038,Belts & Cooling,Pitches by Op Code,
Product Knowledge — Belts,151,update,49c542a9-9385-4b5b-8449-2252f0901a30,"The ID.4, ID.Buzz, Audi Q4 e-tron, Q6 e-tron, Q8 e-tron, e-tron GT, and other VW/Audi EVs don't use serpentine belts.","The ID.4, ID.Buzz, Audi Q4 e-tron, Q6 e-tron, Q8 e-tron, e-tron GT, and other VW/Audi EVs don't use serpentine belts.",generic,SRP-038,Belts & Cooling,Pitches by Op Code,
Product Knowledge — Belts,152,update,8b74c9ce-5dce-4a7b-a31a-91c6a7270f08,"The TDI diesel applications (legacy Jetta, Passat, Golf, Audi Q-series, A-series) use heavy-duty belts validated for the diesel's higher accessory loads.",Diesel-spec belt.,zero,SRP-038,Belts & Cooling,Pitches by Op Code,
Product Knowledge — Belts,153,update,4584926d-9298-4212-a4ab-c510160e7470,"Many MQB-platform vehicles share belt sizes and accessory drive designs across brands — Golf/A3, Tiguan/Q3, Atlas/Q7.",skip — operational detail.,zero,SRP-038,Belts & Cooling,Pitches by Op Code,
Product Knowledge — Belts,154,update,5b4fe4e4-661c-47f2-8862-12d6fa259f96,The 'wet belt' timing belt design used in some VW EA288 diesel engines and some recent gasoline engines runs in oil — different from a serpentine belt but often confused.,skip — confusing context.,zero,SRP-038,Belts & Cooling,Pitches by Op Code,
Product Knowledge — Belts,155,update,26cdc77c-b0e9-403f-aa5f-1ed83a1c77ce,Audi's adaptive air suspension and other electrical-load-heavy systems require consistent alternator output — depends on a properly tensioned and undamaged serpentine belt.,Audi's adaptive air suspension and other electrical-load-heavy systems require consistent alternator output — depends on a properly tensioned and undamaged serpentine belt.,generic,SRP-038,Belts & Cooling,Pitches by Op Code,
Product Knowledge — Belts,160,update,55e9f775-c5f4-4a8f-8564-e2b966c448b2,"EPDM construction with Stress Relief Grooves — Gates Micro-V belts use EPDM rubber compound rated for 100,000+ miles of service life.",Modern EPDM lasts much longer than old belts.,zero,SRP-038,Belts & Cooling,Pitches by Op Code,
Product Knowledge — Belts,161,update,d197075b-ec9c-445d-88e6-304cf60956ad,"Industry-leading temperature range — validated for continuous operation –40°F to 257°F, with short-term spikes to 300°F+.",Built for hot engine bays.,zero,SRP-038,Belts & Cooling,Pitches by Op Code,
Product Knowledge — Belts,162,update,46317d02-f1f5-46c1-b3de-cf37061a974d,"OE supplier credibility — Gates is the original equipment supplier on Ford EcoBoost, GM LS/LT V8s, Stellantis HEMI, and many import applications.",Same belt that came with your truck.,zero,SRP-038,Belts & Cooling,Pitches by Op Code,
Product Knowledge — Belts,163,update,3cf66ed2-63d5-4389-9b71-906cd642c27b,"Stretch Fit installation tool included — Gates pioneered the stretch-fit serpentine belt design used on modern Ford 1.5L EcoBoost, Honda 1.5T, and many compact-engine applications.",Comes with the right tool.,zero,SRP-038,Belts & Cooling,Pitches by Op Code,
Product Knowledge — Belts,164,update,cbb24fe3-baee-4afe-9818-9527299f2823,"Wear gauge included with premium kits — measures rib depth and tells customers when belt is approaching end-of-life, well before visible cracking.",We measure rib depth — visual inspection isn't enough on modern belts.,zero,SRP-038,Belts & Cooling,Pitches by Op Code,
Product Knowledge — Belts,167,update,5fbbef5f-708d-4a76-a330-431bcac33746,"Aramid fiber tensile cord on Poly Rib HT — Dayco's heavy-duty belts use aramid (Kevlar-family) tensile cords instead of polyester, providing 30%+ higher load capacity and better stretch resistance over time.",Heavy-duty belt for your diesel.,zero,SRP-038,Belts & Cooling,Pitches by Op Code,
Product Knowledge — Belts,168,update,654742de-b9b5-4734-8a0f-a67e5eb2dfc3,"Validated for stop-start cycle counts — Dayco's modern belts are validated for 500,000+ stop-start cycles vs legacy belts validated only for continuous operation.",Built for stop-start systems.,zero,SRP-038,Belts & Cooling,Pitches by Op Code,
Product Knowledge — Belts,169,update,b3cfb1db-fec2-4e6a-9614-e762fbfa2330,"Widest aftermarket coverage — Dayco maintains one of the broadest belt catalogs in the industry, covering 99%+ of vehicles on the road including legacy applications other manufacturers have discontinued.",Wide coverage including older models.,zero,SRP-038,Belts & Cooling,Pitches by Op Code,
Product Knowledge — Belts,170,update,d045071e-acb7-4c39-ae97-b00fd9a2b49d,"OE supplier to Stellantis HEMI and Pentastar — Dayco is OE belt supplier for many Stellantis applications including 5.7L/6.4L HEMI V8, 3.6L Pentastar V6, and 6.7L Cummins diesel.",Same belt that came with your Ram/Jeep.,zero,SRP-038,Belts & Cooling,Pitches by Op Code,
Product Knowledge — Belts,171,update,9b7ab566-9398-4f33-9c10-b38eab388c76,"Heavy-duty fleet validation — Dayco belts are extensively used in commercial fleet applications (UPS, FedEx, USPS, municipal fleets) where belt failure means costly downtime.",Used by major delivery fleets.,zero,SRP-038,Belts & Cooling,Pitches by Op Code,
Product Knowledge — Belts,174,update,b2ce4aef-9117-4101-b594-37da6d3c3269,"OE supplier to virtually all German automakers — Continental supplies OE belts to BMW, Mercedes-Benz, Audi, VW, Porsche, and most other German automakers.",Same belt that came with your German car.,zero,SRP-038,Belts & Cooling,Pitches by Op Code,
Product Knowledge — Belts,175,update,cd9a789b-5681-42b5-ad5e-976a0f6bd35c,"Validated for 48V mild-hybrid integrated starter-generator (ISG) systems — Continental's modern belts are specifically engineered for the higher loads of belt-driven 48V ISG systems in modern Mercedes M254/M256, BMW B58, and Audi V6/V8 applications.",Built for your hybrid system.,zero,SRP-038,Belts & Cooling,Pitches by Op Code,
Product Knowledge — Belts,176,update,08f0cbe4-b19e-4eca-9873-9280c7573bd7,"Higher rubber compound density — Continental belts use higher-density EPDM than industry average, providing better resistance to oil contamination.",Built for European engines.,zero,SRP-038,Belts & Cooling,Pitches by Op Code,
Product Knowledge — Belts,177,update,e607164b-0ec9-4f78-b0ec-c7bf452cc641,"Optimized for noise reduction — Continental belts use asymmetric groove patterns that interrupt resonant frequencies, reducing chirping and squealing on cold starts and in humid weather.",Built quieter for German cars.,zero,SRP-038,Belts & Cooling,Pitches by Op Code,
Product Knowledge — Belts,178,update,da5978ea-8501-4f26-9413-d7dd98c8fd01,"Industry-leading R&D investment — Continental AG invests over $3 billion annually in R&D, with significant portions going to ContiTech belt and hose engineering.",skip.,zero,SRP-038,Belts & Cooling,Pitches by Op Code,
Product Knowledge — Belts,181,update,105fa0c3-26fa-42d2-8b99-57f3ada6d819,"OE supplier to most Japanese automakers — Bando supplies OE belts to Toyota, Honda, Nissan, Mazda, Subaru, and Mitsubishi.",Same belt that came with your Japanese car.,zero,SRP-038,Belts & Cooling,Pitches by Op Code,
Product Knowledge — Belts,182,update,fd9a59d2-3423-4a85-a16b-4ea5fea45733,"Validated for Toyota's industry-leading service intervals — Toyota's reputation for 200,000+ mile reliability is partly built on belts that don't need replacement at 60K.",Bando makes the belts that go 200K miles.,zero,SRP-038,Belts & Cooling,Pitches by Op Code,
Product Knowledge — Belts,183,update,c9d4d6c6-e151-4427-a911-cb761928a36f,"Tighter manufacturing tolerances — Bando belts manufactured to tighter dimensional tolerances than industry average, with rib depth and width variations measured in fractions of a millimeter.",Tight tolerances for Japanese precision.,zero,SRP-038,Belts & Cooling,Pitches by Op Code,
Product Knowledge — Belts,184,update,479d3c02-be31-43d7-931d-66d03e429e3e,"Power Ace Cog technology for high-RPM applications — Bando developed cogged belt technology for high-RPM applications (motorcycles, performance cars) that resists centrifugal flexing causing belt failure at sustained high engine speeds.",skip — niche.,zero,SRP-038,Belts & Cooling,Pitches by Op Code,
Product Knowledge — Belts,185,update,3e70cb0d-4eff-4074-9ae2-ac7a7195f063,CVT belt expertise transfers to serpentine engineering — Bando is one of the world's largest CVT belt manufacturers (steel push-belts in CVT transmissions).,skip.,zero,SRP-038,Belts & Cooling,Pitches by Op Code,
Product Knowledge — Belts,189,update,5ea6fa4d-8d5e-4095-81ee-b208c029530d,STRATEGY 1: The Accessory Drive Service Bundle — Belt + Tensioner + Idler Pulley Together,lead with the bundle name.,zero,SRP-038,Belts & Cooling,Pitches by Op Code,
Product Knowledge — Belts,190,update,da4be41d-6173-43b6-97b0-7790840a00de,STRATEGY 2: The 48V Mild-Hybrid Awareness Sale — Most Owners Don't Know Their Belt Drives Their Hybrid System,Your hybrid system needs a higher-demand belt.,zero,SRP-038,Belts & Cooling,Pitches by Op Code,
Product Knowledge — Belts,191,update,067ef590-60d6-4a83-8e6c-16f21cce560e,STRATEGY 3: The Wear Gauge Demonstration — Show the Customer the Rib-Depth Number,EPDM belts don,zero,SRP-038,Belts & Cooling,Pitches by Op Code,
Product Knowledge — Wipers,5,update,81505ecd-248c-4670-a1e2-02f1e6fd86e6,"How they work — Hydrophobic treatments deposit a thin polymer or silicone coating that causes water to bead up and roll off at speeds as low as 35 mph, often without using the wipers at all.","How they work — Hydrophobic treatments deposit a thin polymer or silicone coating that causes water to bead up and roll off at speeds as low as 35 mph, often without using the wipers at all.",generic,WTR-021,Wipers,Pitches by Op Code,
Product Knowledge — Wipers,6,update,6f561f7f-bd30-4477-a1b1-10cc7a44770b,"Improved visibility in rain — The clearest benefit is dramatically improved wet-weather visibility, especially at highway speeds and at night when oncoming headlights scatter through standing water on an untreated windshield.","Improved visibility in rain — The clearest benefit is dramatically improved wet-weather visibility, especially at highway speeds and at night when oncoming headlights scatter through standing water on an untreated windshield.",generic,WTR-021,Wipers,Pitches by Op Code,
Product Knowledge — Wipers,7,update,fba2c1d3-fe23-43de-93ed-002b3ff47585,"Reduced wiper dependence and wiper wear — Because water sheets off on its own at speed, wipers run less often, which extends blade life and reduces motor wear.","Reduced wiper dependence and wiper wear — Because water sheets off on its own at speed, wipers run less often, which extends blade life and reduces motor wear.",generic,WTR-021,Wipers,Pitches by Op Code,
Product Knowledge — Wipers,8,update,17fe1d63-71cf-4cc0-985b-05fa180492dd,"Application requirements — Windshield must be thoroughly clean and free of wax, oils, road film, and bug residue before application.","Application requirements — Windshield must be thoroughly clean and free of wax, oils, road film, and bug residue before application.",generic,WTR-021,Wipers,Pitches by Op Code,
Product Knowledge — Wipers,9,update,86a8454e-b39f-4291-b981-738a65bae4d7,"Reapplication interval — Most consumer treatments (Rain-X Original, Aquapel, Rain-X Pro) last 1-3 months under normal driving.","Reapplication interval — Most consumer treatments (Rain-X Original, Aquapel, Rain-X Pro) last 1-3 months under normal driving.",generic,WTR-021,Wipers,Pitches by Op Code,
Product Knowledge — Wipers,10,update,53a05f39-a82b-4aa6-9bae-fc5213da4411,"Reduces ice and snow adhesion — Treated windshields shed ice and frost more easily than untreated glass, making winter morning scraping faster and less abrasive on the glass.",Easier ice scraping all winter.,zero,WTR-021,Wipers,Pitches by Op Code,
Product Knowledge — Wipers,11,update,17ec0c2a-c33f-447e-8cb1-6f091a23b3a0,"Helps repel bugs and road grime — The same hydrophobic property that sheds water also reduces the adhesion of bug splatter, tree sap, and road tar — making the windshield easier to clean.",Bugs come off easier.,zero,WTR-021,Wipers,Pitches by Op Code,
Product Knowledge — Wipers,12,update,3e0873b3-6704-45a7-9223-aa03ceca8e27,"Possible downside — wiper chatter — Some users report wiper chatter or squeaking on freshly treated glass, especially with older or worn wiper blades.",New blades make it perfect.,zero,WTR-021,Wipers,Pitches by Op Code,
Product Knowledge — Wipers,13,update,8616b73b-19a3-4338-b8ca-73f7dab85348,"Compatibility with rain-sensing wipers and ADAS cameras — Modern vehicles with rain-sensing wipers, lane-keep assist cameras, and other windshield-mounted sensors generally tolerate treatments fine, but treatments should be applied evenly to avoid optical distortions in the camera's field of view.","Compatibility with rain-sensing wipers and ADAS cameras — Modern vehicles with rain-sensing wipers, lane-keep assist cameras, and other windshield-mounted sensors generally tolerate treatments fine, but treatments should be applied evenly to avoid optical distortions in the camera's field of view.",generic,WTR-021,Wipers,Pitches by Op Code,
Product Knowledge — Wipers,14,update,2df29f52-94cf-4638-9f42-d84f28444ce4,"Pro and ceramic-grade options — Beyond Rain-X: Aquapel (single-use professional applicator, 4-6 months), Gtechniq G1 ClearVision Smart Glass (ceramic-grade, up to 12 months), Gyeon Q² View, CarPro FlyBy 30 (3-6 months) — common upsell items at detailing shops and dealer service departments.",pitch one product clearly.,zero,WTR-021,Wipers,Pitches by Op Code,
Product Knowledge — Wipers,19,update,f1c66f93-94c0-46d6-88b1-961e5808c5f1,"Motorcraft is Ford's OE wiper brand — blades engineered to match the specific arm pressure, sweep pattern, and windshield curvature of Ford and Lincoln vehicles.","Motorcraft is Ford's OE wiper brand — blades engineered to match the specific arm pressure, sweep pattern, and windshield curvature of Ford and Lincoln vehicles.",generic,WBF-018,Wipers,Pitches by Op Code,
Product Knowledge — Wipers,20,update,12cc094b-8bdb-4fa4-b0b2-e030387a4636,Most modern Ford and Lincoln applications use beam-style (frameless) blades — perform better in snow and ice than traditional bracket-style because there's no exposed metal frame to clog.,Newer style — works better in winter.,zero,WBF-018,Wipers,Pitches by Op Code,
Product Knowledge — Wipers,21,update,118e45d5-1dbf-47f9-9d53-4e41265600e7,"F-150, Super Duty, and Expedition often use asymmetric wiper lengths (driver-side longer than passenger-side) — using the wrong length on either side leaves streaks and reduces sweep coverage.","F-150, Super Duty, and Expedition often use asymmetric wiper lengths (driver-side longer than passenger-side) — using the wrong length on either side leaves streaks and reduces sweep coverage.",generic,WBF-018,Wipers,Pitches by Op Code,
Product Knowledge — Wipers,22,update,b5fa8395-f084-4456-a580-743de30ae873,Mustang Mach-E and other Ford EVs use the same wiper systems as gas counterparts — EV powertrains don't change wiper requirements.,Mustang Mach-E and other Ford EVs use the same wiper systems as gas counterparts — EV powertrains don't change wiper requirements.,generic,WBF-018,Wipers,Pitches by Op Code,
Product Knowledge — Wipers,23,update,10bc79a7-aa9c-404b-aef2-98c7b6370e15,Ford recommends wiper replacement every 6-12 months — Motorcraft offers both standard rubber and premium silicone-coated blades for longer service life.,Ford recommends wiper replacement every 6-12 months — Motorcraft offers both standard rubber and premium silicone-coated blades for longer service life.,generic,WBF-018,Wipers,Pitches by Op Code,
Product Knowledge — Wipers,27,update,b583c3a2-4a43-408c-8d9e-11c7891e1f31,Toyota OE wipers are designed for the long maintenance intervals the brand is known for — often outlasting budget aftermarket blades by a meaningful margin.,Toyota OE wipers are designed for the long maintenance intervals the brand is known for — often outlasting budget aftermarket blades by a meaningful margin.,generic,WBF-018,Wipers,Pitches by Op Code,
Product Knowledge — Wipers,28,update,626ab6f2-5654-4ba9-9636-602ae846f4bb,"Many Toyota and Lexus applications use hybrid-style blades (a beam blade with a partial frame cover) — balancing performance, durability, and styling.","Premium-style blade — looks clean, performs well.",zero,WBF-018,Wipers,Pitches by Op Code,
Product Knowledge — Wipers,29,update,f16d1c39-c99c-4b24-9bbe-9850b7e94913,"Tundra, Tacoma, 4Runner, Sequoia, and Land Cruiser owners who drive in dusty or off-road conditions often see shorter blade life from grit abrasion.","Tundra, Tacoma, 4Runner, Sequoia, and Land Cruiser owners who drive in dusty or off-road conditions often see shorter blade life from grit abrasion.",generic,WBF-018,Wipers,Pitches by Op Code,
Product Knowledge — Wipers,30,update,d98fcff7-1874-485a-b86d-b2ea7084c001,Lexus applications get higher-grade rubber compounds and tighter manufacturing tolerances than equivalent Toyota blades.,Lexus applications get higher-grade rubber compounds and tighter manufacturing tolerances than equivalent Toyota blades.,generic,WBF-018,Wipers,Pitches by Op Code,
Product Knowledge — Wipers,31,update,9bd31427-733b-4fb4-8b7f-debf0c0e6f73,"Hybrid Toyotas and EVs (Prius, RAV4 Prime, bZ4X) use the same wiper systems as gas counterparts — rear wipers common on hatchbacks and SUVs but often forgotten during replacement.","Hybrid Toyotas and EVs (Prius, RAV4 Prime, bZ4X) use the same wiper systems as gas counterparts — rear wipers common on hatchbacks and SUVs but often forgotten during replacement.",generic,WBF-018,Wipers,Pitches by Op Code,
Product Knowledge — Wipers,35,update,0c2e891f-f840-4013-83cd-6dec173afdbc,Hyundai OE wipers are typically beam-style across the modern lineup — validated for Hyundai's specific windshield curvature and arm pressure.,Hyundai OE wipers are typically beam-style across the modern lineup — validated for Hyundai's specific windshield curvature and arm pressure.,generic,WBF-018,Wipers,Pitches by Op Code,
Product Knowledge — Wipers,36,update,42078a5b-47c2-42d6-9e74-756b75b6f71e,Genesis applications use higher-grade wiper assemblies with premium rubber compounds and quieter operation.,Premium-grade for Genesis.,zero,WBF-018,Wipers,Pitches by Op Code,
Product Knowledge — Wipers,37,update,1ab14565-52b6-476f-b5ed-b36432a370c3,"The Ioniq 5, Ioniq 6, and Kona Electric all use traditional wiper systems — EVs don't require different wipers.","The Ioniq 5, Ioniq 6, and Kona Electric all use traditional wiper systems — EVs don't require different wipers.",generic,WBF-018,Wipers,Pitches by Op Code,
Product Knowledge — Wipers,38,update,b4b43cc7-3f98-42bb-b718-d3859acf34f9,"Many Hyundai SUVs and hatchbacks (Tucson, Santa Fe, Palisade, Kona) include rear wipers that are commonly overlooked at replacement time.","Many Hyundai SUVs and hatchbacks (Tucson, Santa Fe, Palisade, Kona) include rear wipers that are commonly overlooked at replacement time.",generic,WBR-019,Wipers,Pitches by Op Code,
Product Knowledge — Wipers,39,update,c957d02b-1b0a-4739-ad0c-79ac13d04f56,"Hyundai recommends wiper replacement every 12 months or when streaking occurs, whichever comes first.","Hyundai recommends wiper replacement every 12 months or when streaking occurs, whichever comes first.",generic,WBF-018,Wipers,Pitches by Op Code,
Product Knowledge — Wipers,43,update,556ae481-c38b-46ce-948a-97d0810f7833,"ACDelco offers tiered wiper options: Genuine GM (OE-identical), Professional, and Advantage — letting shops match price and customer expectations.",pick one and move.,zero,WBF-018,Wipers,Pitches by Op Code,
Product Knowledge — Wipers,44,update,ef689b5f-fca3-47b3-88d2-8b2424a94e91,"Most modern GM trucks and SUVs (Silverado, Sierra, Tahoe, Yukon, Suburban) use beam-style blades — with longer driver-side blades than passenger-side.","Most modern GM trucks and SUVs (Silverado, Sierra, Tahoe, Yukon, Suburban) use beam-style blades — with longer driver-side blades than passenger-side.",generic,WBF-018,Wipers,Pitches by Op Code,
Product Knowledge — Wipers,45,update,fa9047de-df56-41de-827d-e48c0d6c10aa,"Corvette (C7, C8) uses smaller, lower-profile blades due to the aerodynamic windshield rake — and the C8 has a single wiper compared to most cars' two.","Corvette (C7, C8) uses smaller, lower-profile blades due to the aerodynamic windshield rake — and the C8 has a single wiper compared to most cars' two.",generic,WBF-018,Wipers,Pitches by Op Code,
Product Knowledge — Wipers,46,update,c1fdaca6-e30a-41e2-8e52-ed1f8142fe57,"Bolt EV, Bolt EUV, and other GM EVs use standard wiper systems with no special EV-specific design.","Bolt EV, Bolt EUV, and other GM EVs use standard wiper systems with no special EV-specific design.",generic,WBF-018,Wipers,Pitches by Op Code,
Product Knowledge — Wipers,47,update,b48d537c-9aa8-4b84-9679-8b73e277a707,GM truck and SUV customers who park outside or use their vehicles in snowy climates benefit from winter-specific wiper blades that resist freeze-up.,GM truck and SUV customers who park outside or use their vehicles in snowy climates benefit from winter-specific wiper blades that resist freeze-up.,generic,WBF-018,Wipers,Pitches by Op Code,
Product Knowledge — Wipers,51,update,47e546af-a21e-4d4a-9bbc-9c1a91f62f9a,Cadillac wiper assemblies are typically premium-grade with tighter tolerances and quieter operation than equivalent Chevrolet or GMC blades.,Premium-grade for Cadillac.,zero,WBF-018,Wipers,Pitches by Op Code,
Product Knowledge — Wipers,52,update,a74d6acc-e628-4736-b76d-eb6bb47834bc,Escalade applications use longer blades and higher arm pressure due to the larger windshield — requiring premium-grade rubber to maintain even sweep pressure across the full length.,Escalade applications use longer blades and higher arm pressure due to the larger windshield — requiring premium-grade rubber to maintain even sweep pressure across the full length.,generic,WBF-018,Wipers,Pitches by Op Code,
Product Knowledge — Wipers,53,update,06eb8b25-d8c6-4c27-a3b6-c800fa152c81,Many Cadillacs have rain-sensing wipers — depend on a clean windshield and undamaged sensor area near the rearview mirror.,Many Cadillacs have rain-sensing wipers — depend on a clean windshield and undamaged sensor area near the rearview mirror.,generic,WBF-018,Wipers,Pitches by Op Code,
Product Knowledge — Wipers,54,update,64e2c54a-cc91-4fb3-83da-daf737861a77,CT5-V Blackwing and CT4-V Blackwing use the same wipers as their non-Blackwing counterparts — performance trims don't change wiper requirements.,CT5-V Blackwing and CT4-V Blackwing use the same wipers as their non-Blackwing counterparts — performance trims don't change wiper requirements.,generic,WBF-018,Wipers,Pitches by Op Code,
Product Knowledge — Wipers,55,update,7316bf48-fbb3-479e-95b5-33581895b2f6,Cadillac maintenance reminder systems track wiper-related service prompts — can flag wiper fluid and blade inspection automatically.,Cadillac maintenance reminder systems track wiper-related service prompts — can flag wiper fluid and blade inspection automatically.,generic,WBF-018,Wipers,Pitches by Op Code,
Product Knowledge — Wipers,59,update,5cf35cf4-96ba-48f6-bbfd-1bc0544048f2,Mopar covers the full Stellantis North America lineup — wiper specs vary significantly between Wrangler/Gladiator (off-road) and Pacifica/Charger (on-road).,Mopar covers the full Stellantis North America lineup — wiper specs vary significantly between Wrangler/Gladiator (off-road) and Pacifica/Charger (on-road).,generic,WBF-018,Wipers,Pitches by Op Code,
Product Knowledge — Wipers,60,update,cde06995-7846-4418-9ff9-6ef8c982df79,"Jeep Wrangler and Gladiator wipers face severe-duty conditions — dust, mud, branches, folded windshields — making more frequent replacement the norm.","Jeep Wrangler and Gladiator wipers face severe-duty conditions — dust, mud, branches, folded windshields — making more frequent replacement the norm.",generic,WBF-018,Wipers,Pitches by Op Code,
Product Knowledge — Wipers,61,update,76ac5b1c-98e0-4991-8bff-7ce4ea3d732f,"Ram heavy-duty trucks (2500/3500) use longer, higher-pressure wipers than the 1500s — due to the larger windshield and commercial-use expectations.","Ram heavy-duty trucks (2500/3500) use longer, higher-pressure wipers than the 1500s — due to the larger windshield and commercial-use expectations.",generic,WBF-018,Wipers,Pitches by Op Code,
Product Knowledge — Wipers,62,update,4b70413c-d786-4ce9-94ad-cec0b29be5a2,"SRT and Hellcat applications (Charger, Challenger, Durango SRT, Trackhawk) use the same wipers as their non-SRT counterparts.","SRT and Hellcat applications (Charger, Challenger, Durango SRT, Trackhawk) use the same wipers as their non-SRT counterparts.",generic,WBF-018,Wipers,Pitches by Op Code,
Product Knowledge — Wipers,63,update,8bf8d96a-2e30-4f2d-8aa7-bc6b4c960d00,Mopar offers both standard and winter-specific blades — winter blades particularly relevant for Jeep and Ram customers in northern climates.,Mopar offers both standard and winter-specific blades — winter blades particularly relevant for Jeep and Ram customers in northern climates.,generic,WBF-018,Wipers,Pitches by Op Code,
Product Knowledge — Wipers,67,update,28abc2bd-1ab3-44ba-8a95-ca331d15d692,"Subaru wipers are validated for the brand's all-weather positioning — rubber compounds spec'd for cold weather, wet weather, and freeze-resistance.","Subaru wipers are validated for the brand's all-weather positioning — rubber compounds spec'd for cold weather, wet weather, and freeze-resistance.",generic,WBF-018,Wipers,Pitches by Op Code,
Product Knowledge — Wipers,68,update,94e04b47-b28e-4373-81a1-cfac758983e6,"Most modern Subarus (Outback, Forester, Crosstrek, Impreza, Ascent, Legacy, WRX, BRZ) use beam-style blades for better snow and ice performance.","Most modern Subarus (Outback, Forester, Crosstrek, Impreza, Ascent, Legacy, WRX, BRZ) use beam-style blades for better snow and ice performance.",generic,WBF-018,Wipers,Pitches by Op Code,
Product Knowledge — Wipers,69,update,82c6f270-3e1b-48b4-820e-0478e4093073,"Outback, Forester, Crosstrek, and Ascent all have rear wipers that are commonly overlooked at replacement time — a quick service-writer add-on.","Outback, Forester, Crosstrek, and Ascent all have rear wipers that are commonly overlooked at replacement time — a quick service-writer add-on.",generic,WBR-019,Wipers,Pitches by Op Code,
Product Knowledge — Wipers,70,update,089c34a7-f901-4a7d-81d6-dd2d1ec9ab47,The Solterra EV uses the same wiper system as gas Subarus.,The Solterra EV uses the same wiper system as gas Subarus.,generic,WBF-018,Wipers,Pitches by Op Code,
Product Knowledge — Wipers,71,update,d808b32e-2ac1-4bf7-a124-9ded98b57144,Subaru's heated wiper park area (an option on many models) prevents wipers from freezing to the windshield in winter — a brand-aligned feature that pairs with premium blade upgrades.,Subaru's heated wiper park area (an option on many models) prevents wipers from freezing to the windshield in winter — a brand-aligned feature that pairs with premium blade upgrades.,generic,WBF-018,Wipers,Pitches by Op Code,
Product Knowledge — Wipers,75,update,cf97d458-5de1-488c-93d0-c723895aeda4,Kia wipers mirror Hyundai's specs in most cases — since the two brands share platforms and supply chains.,Kia wipers mirror Hyundai's specs in most cases — since the two brands share platforms and supply chains.,generic,WBF-018,Wipers,Pitches by Op Code,
Product Knowledge — Wipers,76,update,a10427f8-13b2-44bd-8328-06cc54681422,"Beam-style blades are standard across the modern Kia lineup — Telluride, Carnival, EV6, EV9, Sorento, Sportage, K5, Forte.","Beam-style blades are standard across the modern Kia lineup — Telluride, Carnival, EV6, EV9, Sorento, Sportage, K5, Forte.",generic,WBF-018,Wipers,Pitches by Op Code,
Product Knowledge — Wipers,77,update,af812cfb-0b71-40ab-8edb-7ff3dee8afad,"The EV6, EV9, and Niro EV use traditional wiper systems with no EV-specific design.","The EV6, EV9, and Niro EV use traditional wiper systems with no EV-specific design.",generic,WBF-018,Wipers,Pitches by Op Code,
Product Knowledge — Wipers,78,update,da96019c-158f-4fcd-9d3e-87f89aeac849,"Telluride, Carnival, Sorento, and Sportage all have rear wipers that are commonly forgotten — a natural upsell.","Telluride, Carnival, Sorento, and Sportage all have rear wipers that are commonly forgotten — a natural upsell.",generic,WBR-019,Wipers,Pitches by Op Code,
Product Knowledge — Wipers,79,update,5d890226-8cc1-422f-9a26-89ef4f4187d3,"Kia recommends wiper replacement every 12 months or when performance degrades, whichever comes first.","Kia recommends wiper replacement every 12 months or when performance degrades, whichever comes first.",generic,WBF-018,Wipers,Pitches by Op Code,
Product Knowledge — Wipers,83,update,8a692692-4368-4836-8dc3-7d35e9b1ecb6,"Mercedes uses single-arm 'Magic Wand' or 'MonoBlade' wipers on many older E-Class, S-Class, and SLK applications — a single blade that sweeps the entire windshield.","Mercedes uses single-arm 'Magic Wand' or 'MonoBlade' wipers on many older E-Class, S-Class, and SLK applications — a single blade that sweeps the entire windshield.",generic,WBF-018,Wipers,Pitches by Op Code,
Product Knowledge — Wipers,84,update,004bf0d0-63d9-43aa-ba80-a4f263e6b88c,Modern Mercedes applications use dual beam-style blades — often with integrated washer jets in the blade itself (a Mercedes-pioneered feature).,Modern Mercedes applications use dual beam-style blades — often with integrated washer jets in the blade itself (a Mercedes-pioneered feature).,generic,WBF-018,Wipers,Pitches by Op Code,
Product Knowledge — Wipers,85,update,222365e5-d179-484c-92ff-875fc28a9ea4,AMG models use the same wiper systems as their non-AMG counterparts.,AMG models use the same wiper systems as their non-AMG counterparts.,generic,WBF-018,Wipers,Pitches by Op Code,
Product Knowledge — Wipers,86,update,827d0ac3-23fa-461f-9284-afd95ca07326,Rain-sensing wipers are standard on most modern Mercedes — depend on a clean sensor area on the windshield.,Rain-sensing wipers are standard on most modern Mercedes — depend on a clean sensor area on the windshield.,generic,WBF-018,Wipers,Pitches by Op Code,
Product Knowledge — Wipers,87,update,46209256-2053-4a6e-af2b-ddf2e98f112e,Genuine Mercedes-Benz wipers carry star-marked packaging — validated for the specific arm pressure and windshield curvature of each model.,Genuine Mercedes-Benz wipers carry star-marked packaging — validated for the specific arm pressure and windshield curvature of each model.,generic,WBF-018,Wipers,Pitches by Op Code,
Product Knowledge — Wipers,91,update,415b89ea-7668-44e6-a8a6-8c56b38f7b77,BMW wiper systems use beam-style blades on virtually all modern applications — with rain-sensing functionality standard across most of the lineup.,BMW wiper systems use beam-style blades on virtually all modern applications — with rain-sensing functionality standard across most of the lineup.,generic,WBF-018,Wipers,Pitches by Op Code,
Product Knowledge — Wipers,92,update,41e174a5-b658-486a-bb20-13c14ab6c42a,The Condition-Based Service (CBS) system flags wiper blade replacement automatically based on detected wear and operating conditions.,The Condition-Based Service (CBS) system flags wiper blade replacement automatically based on detected wear and operating conditions.,generic,WBF-018,Wipers,Pitches by Op Code,
Product Knowledge — Wipers,93,update,999fb838-95b8-4f6d-9c60-26c83805c1c8,M Performance and M models use the same wiper systems as their non-M counterparts.,M Performance and M models use the same wiper systems as their non-M counterparts.,generic,WBF-018,Wipers,Pitches by Op Code,
Product Knowledge — Wipers,94,update,d1a7ce10-3988-4a36-9818-29bbda083cac,"BMW's 'Easy Change' position (accessed via iDrive menu or wiper stalk on most models) lifts the blades to a service position for easier replacement, especially useful in snow.","BMW's 'Easy Change' position (accessed via iDrive menu or wiper stalk on most models) lifts the blades to a service position for easier replacement, especially useful in snow.",generic,WBF-018,Wipers,Pitches by Op Code,
Product Knowledge — Wipers,95,update,d8f9c44a-a064-4984-948c-a05fae24c016,Genuine BMW wipers carry roundel-marked packaging — spec'd for the precise arm geometry of each chassis.,Genuine BMW wipers carry roundel-marked packaging — spec'd for the precise arm geometry of each chassis.,generic,WBF-018,Wipers,Pitches by Op Code,
Product Knowledge — Wipers,99,update,14e7c725-504d-4082-96e5-0c14ad816ae7,VW and Audi use beam-style blades across the modern lineup — often with aero-styled covers on Audi models.,VW and Audi use beam-style blades across the modern lineup — often with aero-styled covers on Audi models.,generic,WBF-018,Wipers,Pitches by Op Code,
Product Knowledge — Wipers,100,update,f22fccb6-1102-42c4-8e4b-4bb282145d50,"Many MQB-platform vehicles share wiper sizes across brands (Golf/A3, Tiguan/Q3, Atlas/Q7) — simplifying inventory.","Many MQB-platform vehicles share wiper sizes across brands (Golf/A3, Tiguan/Q3, Atlas/Q7) — simplifying inventory.",generic,WBF-018,Wipers,Pitches by Op Code,
Product Knowledge — Wipers,101,update,63f54df2-234a-460c-a5d9-5b5c2a7c2da0,Audi's e-tron and Q-series EVs use the same wiper systems as gas counterparts.,Audi's e-tron and Q-series EVs use the same wiper systems as gas counterparts.,generic,WBF-018,Wipers,Pitches by Op Code,
Product Knowledge — Wipers,102,update,12005b65-d1e1-4da7-854c-14a5c5095c9c,VW and Audi rain-sensing wipers depend on a clean sensor area — aftermarket window tints or treatments near the sensor can interfere.,VW and Audi rain-sensing wipers depend on a clean sensor area — aftermarket window tints or treatments near the sensor can interfere.,generic,WBF-018,Wipers,Pitches by Op Code,
Product Knowledge — Wipers,103,update,b39fe476-2814-4e8a-a906-2ad326328098,Replacement intervals are typically every 12 months — with the maintenance reminder system flagging service automatically.,Replacement intervals are typically every 12 months — with the maintenance reminder system flagging service automatically.,generic,WBF-018,Wipers,Pitches by Op Code,
Product Knowledge — Wipers,107,update,bca54e08-ea8a-4d7b-bf12-a112c49f6651,"Honda OE wipers are spec'd for Honda's specific arm pressure and windshield rake — which varies meaningfully between Civic, Accord, CR-V, Pilot, and Odyssey.","Honda OE wipers are spec'd for Honda's specific arm pressure and windshield rake — which varies meaningfully between Civic, Accord, CR-V, Pilot, and Odyssey.",generic,WBF-018,Wipers,Pitches by Op Code,
Product Knowledge — Wipers,108,update,01b2eb6c-86b3-4779-938e-a0f59f012d62,Most modern Hondas and Acuras use hybrid-style blades (beam with partial frame cover) — balancing performance and styling.,Premium-style blade.,zero,WBF-018,Wipers,Pitches by Op Code,
Product Knowledge — Wipers,109,update,a7f2892a-4eb4-466c-a2f7-3c8519a3ba36,Acura applications get higher-grade rubber compounds and quieter operation than equivalent Honda blades.,Acura applications get higher-grade rubber compounds and quieter operation than equivalent Honda blades.,generic,WBF-018,Wipers,Pitches by Op Code,
Product Knowledge — Wipers,110,update,a2a5f0e2-dee9-4e08-893f-5b699e3af818,"Civic Type R, Integra Type S, and other performance trims use the same wipers as their lower-trim counterparts.","Civic Type R, Integra Type S, and other performance trims use the same wipers as their lower-trim counterparts.",generic,WBF-018,Wipers,Pitches by Op Code,
Product Knowledge — Wipers,111,update,d3b039d7-db87-4f71-830f-9cbec043d623,Honda's maintenance minder system doesn't always flag wiper blades specifically — so customer education on the 6-12 month replacement interval is important.,Honda's maintenance minder system doesn't always flag wiper blades specifically — so customer education on the 6-12 month replacement interval is important.,generic,WBF-018,Wipers,Pitches by Op Code,
Product Knowledge — Wipers,115,update,1311d53f-775d-4520-a30a-efa57614456a,Nissan wipers are typically beam-style on modern applications — with hybrid-style on some older models still in service.,Nissan wipers are typically beam-style on modern applications — with hybrid-style on some older models still in service.,generic,WBF-018,Wipers,Pitches by Op Code,
Product Knowledge — Wipers,116,update,b7cb2ad6-e535-460a-be13-09cdfa9930be,Infiniti applications use higher-grade wiper assemblies with premium rubber compounds and quieter operation.,Infiniti applications use higher-grade wiper assemblies with premium rubber compounds and quieter operation.,generic,WBF-018,Wipers,Pitches by Op Code,
Product Knowledge — Wipers,117,update,45c1a8a1-181e-456d-98cb-bf1477fb0b33,"The Leaf, Ariya, and other Nissan EVs use traditional wiper systems with no EV-specific design.","The Leaf, Ariya, and other Nissan EVs use traditional wiper systems with no EV-specific design.",generic,WBF-018,Wipers,Pitches by Op Code,
Product Knowledge — Wipers,118,update,0f51f796-5520-4cfb-8179-c308acd8f460,"Frontier, Titan, Pathfinder, and Armada all have larger blades and higher arm pressure due to their truck/SUV windshield sizes.","Frontier, Titan, Pathfinder, and Armada all have larger blades and higher arm pressure due to their truck/SUV windshield sizes.",generic,WBF-018,Wipers,Pitches by Op Code,
Product Knowledge — Wipers,119,update,04bbc801-60a1-460a-8565-daaf7adbb516,The GT-R uses unique low-profile wipers due to its aerodynamic windshield rake.,The GT-R uses unique low-profile wipers due to its aerodynamic windshield rake.,generic,WBF-018,Wipers,Pitches by Op Code,
Product Knowledge — Wipers,123,update,661fc126-3719-46d5-890b-29e25230f05a,Mazda OE wipers are spec'd for the brand's 'human-centered' cabin design — quiet operation and even sweep pressure as priorities.,Mazda OE wipers are spec'd for the brand's 'human-centered' cabin design — quiet operation and even sweep pressure as priorities.,generic,WBF-018,Wipers,Pitches by Op Code,
Product Knowledge — Wipers,124,update,9b83a508-b24e-44aa-8710-f340283e136a,"Beam-style blades are standard across the modern Mazda lineup — CX-5, CX-50, CX-90, CX-70, CX-30, Mazda3, Mazda6, MX-5.","Beam-style blades are standard across the modern Mazda lineup — CX-5, CX-50, CX-90, CX-70, CX-30, Mazda3, Mazda6, MX-5.",generic,WBF-018,Wipers,Pitches by Op Code,
Product Knowledge — Wipers,125,update,7aae83e6-9481-4c8e-a8a7-c5aba78a1e71,"The MX-5 Miata uses smaller, lower-profile blades due to its compact windshield — and the soft-top and RF versions both use the same wiper system.","The MX-5 Miata uses smaller, lower-profile blades due to its compact windshield — and the soft-top and RF versions both use the same wiper system.",generic,WBF-018,Wipers,Pitches by Op Code,
Product Knowledge — Wipers,126,update,ba06aed7-5fb5-41b7-ad23-56648fb727f8,The MX-30 EV uses the same wiper system as gas Mazdas.,The MX-30 EV uses the same wiper system as gas Mazdas.,generic,WBF-018,Wipers,Pitches by Op Code,
Product Knowledge — Wipers,127,update,3d26c4fd-7dec-427a-bc26-77c0bdef7183,"The CX-50, CX-70, and CX-90 are positioned for active-lifestyle customers who often see severe-duty conditions — making more frequent wiper replacement the norm.","The CX-50, CX-70, and CX-90 are positioned for active-lifestyle customers who often see severe-duty conditions — making more frequent wiper replacement the norm.",generic,WBF-018,Wipers,Pitches by Op Code,
Product Knowledge — Wipers,131,update,63033dbe-c978-40ac-a9f9-6ff46226a97c,THE WIPER + TREATMENT PIGGYBACK — Every wiper replacement is a windshield treatment opportunity.,THE WIPER + TREATMENT PIGGYBACK — Every wiper replacement is a windshield treatment opportunity.,generic,WBF-018,Wipers,Pitches by Op Code,
Product Knowledge — Wipers,132,update,af06da6a-fb01-42e3-af9d-d84b9e75a52e,"THE REAR WIPER ADD-ON — On every SUV, hatchback, minivan, and wagon: ALWAYS check the rear wiper.","THE REAR WIPER ADD-ON — On every SUV, hatchback, minivan, and wagon: ALWAYS check the rear wiper.",generic,WBR-019,Wipers,Pitches by Op Code,
Product Knowledge — Wipers,133,update,b86d4335-6d00-4950-8e70-68f902a52b17,THE WINTER WIPER UPSELL — Northern markets October-March: pitch winter-specific wipers automatically.,THE WINTER WIPER UPSELL — Northern markets October-March: pitch winter-specific wipers automatically.,generic,WBF-018,Wipers,Pitches by Op Code,
MOC Warranty,5,update,e704dd47-7b35-4b47-a9a4-329ad5df0aa9,"The MOC Products Limited Warranty is a vehicle protection program backed by MOC Products Company, Inc.","MOC has its own warranty — it's real, you can call them and verify.",zero,EFL-046,Oil Change,Pitches by Op Code,
MOC Warranty,6,update,6976fc59-9db8-451c-b56d-87d970f51d00,"TO QUALIFY: Vehicle must be (1) less than 100,000 miles on the odometer, (2) less than 10 years old as of January 1st of the model year, (3) maintained per the manufacturer's recommended schedule, (4) gross vehicle weight 12,500 lbs or less, (5) privately-owned passenger car, van, SUV, or pickup used exclusively for personal use.",Let me check your vehicle — under 100K and under 10 years old qualifies.,zero,,,,needs_op_code:prose
MOC Warranty,7,update,a4efe3f0-b2ac-4a74-923c-46af7cb05dcd,"TO MAINTAIN BENEFITS: Engine service every 10,000 miles.","10K for engine, 15K for fuel, 30K for everything else — and keep your receipts.",zero,,,,needs_op_code:prose
MOC Warranty,8,update,6f9ca21f-89b0-4736-955c-5d9f76d30827,"WAITING PERIOD: Vehicle protection becomes effective only after 60 days OR 750 miles (1,200 km), whichever occurs LAST.",Coverage starts after 60 days or 750 miles — whichever comes later.,zero,,,,needs_op_code:prose
MOC Warranty,9,update,e7720e69-7e6d-46ea-8403-1037adf40c45,"COVERAGE LIMITS: Up to $4,000 protection per covered system.",Get this done before 50K — coverage is double.,zero,,,,needs_op_code:prose
MOC Warranty,10,update,a59ccbfa-b52f-4810-b79c-1bd6c14bdf52,"REPAIR PROCEDURE: If a covered failure occurs, the customer or shop must contact MOC Warranty Department at 800-928-9880 BEFORE any repair work begins.","If something goes wrong, call MOC FIRST — before any repair work starts.",zero,,,,needs_op_code:prose
MOC Warranty,11,update,3e2f0345-4ccb-46b9-8acd-2b43a6ca363e,WHAT'S COVERED: Repair or replacement of specifically-listed lubricated parts within each covered system that fail due to abnormal wear or corrosion.,Pays for parts and labor up to a documented amount.,zero,,,,needs_op_code:prose
MOC Warranty,12,update,67a6e799-6cc3-4951-b9e8-dda88f4b1574,"WHAT'S NOT COVERED (Universal Exclusions): Commercial use (taxi, fleet, delivery, rental, police, off-road, racing, snow removal, construction); vehicles for towing without factory tow package; vehicles with rebuilt or salvage titles; gray-market vehicles; vehicles with altered or non-functioning odometers; pre-existing conditions; collision/fire/theft/vandalism/flood/lightning/earthquake/hail/windstorm/freezing damage; manufacturer recall components; non-MOC fluid use; failure to maintain proper fluid levels; DIY service of any kind.",Personal use only — Uber/Lyft/delivery doesn't qualify.,zero,,,,needs_op_code:prose
MOC Warranty,15,update,51c4cee8-2f18-4f91-abef-935c0b58ed0d,Op Code & System,Op Code & System,generic,,,,needs_op_code:prose
MOC Warranty,16,update,9582a675-0f03-402e-930f-fa053e0ac1e4,EFL-046 · ENGINE SYSTEM,EFL-046 · ENGINE SYSTEM,generic,,,,needs_op_code:prose
MOC Warranty,17,update,7ba54666-ec10-4029-8751-493244a45fca,FSC-017 · FUEL SYSTEM,FSC-017 · FUEL SYSTEM,generic,,,,needs_op_code:prose
MOC Warranty,18,update,164dffa9-1e6e-4d3e-a33c-a698564c4225,TRF-011 · AUTO TRANSMISSION (incl.,TRF-011 · AUTO TRANSMISSION (incl.,generic,,,,needs_op_code:prose
MOC Warranty,19,update,02430d89-b1aa-4bee-8677-79a1e1190cbc,BFF-012 · BRAKE SYSTEM,BFF-012 · BRAKE SYSTEM,generic,,,,needs_op_code:prose
MOC Warranty,20,update,97f38715-0916-4158-b86e-92b64b74e482,PSF-013 · POWER STEERING,PSF-013 · POWER STEERING,generic,,,,needs_op_code:prose
MOC Warranty,21,update,9f6b3395-30ac-4467-bcb8-bee680ab5b8c,CLF-010 · COOLING SYSTEM,CLF-010 · COOLING SYSTEM,generic,,,,needs_op_code:prose
MOC Warranty,22,update,208b17d2-6449-4464-8316-724a4571f9c7,DFF-014 + TCF-015 · DRIVELINE (Differential + Transfer Case),DFF-014 + TCF-015 · DRIVELINE (Differential + Transfer Case),generic,DFF-014,Differential,Pitches by Op Code,
MOC Warranty,23,update,c042afee-069c-438f-8900-8f7be58c384e,MANUAL TRANSMISSION (no dedicated op code — falls under TRF-011 family),MANUAL TRANSMISSION (no dedicated op code — falls under TRF-011 family),generic,,,,needs_op_code:prose
MOC Warranty,27,update,ca7494e7-1b44-403f-acc5-764b1209de75,Tier or Profile,Tier or Profile,generic,,,,needs_op_code:prose
MOC Warranty,28,update,bca04162-31cb-4b7b-814f-2f85c9b3b751,ZERO TIER (0% — 'We Owe It'),ZERO TIER (0% — 'We Owe It'),generic,,,,needs_op_code:prose
MOC Warranty,29,update,986e6da2-af00-4575-85ca-fb5a53cd6d8c,ZERO TIER,ZERO TIER,generic,,,,needs_op_code:prose
MOC Warranty,30,update,7d684452-0804-4409-8b1c-70e1ce34b9be,ZERO TIER,ZERO TIER,generic,,,,needs_op_code:prose
MOC Warranty,31,update,465cbb63-2f91-4050-857b-e1e8f47dd8f3,ZERO TIER,ZERO TIER,generic,,,,needs_op_code:prose
MOC Warranty,33,update,b6238182-73fe-446d-9a5f-94720cb65ada,Tier or Profile,Tier or Profile,generic,,,,needs_op_code:prose
MOC Warranty,34,update,6fad01b2-38a6-40cd-b520-e5bb9c98d835,LOW TIER (1-9% — Word Track),LOW TIER (1-9% — Word Track),generic,,,,needs_op_code:prose
MOC Warranty,35,update,185f7565-3c0c-4995-a1c0-6f498ae31bf2,LOW TIER,LOW TIER,generic,,,,needs_op_code:prose
MOC Warranty,36,update,870a4b35-07da-4190-90e8-1ff47cb903be,LOW TIER,LOW TIER,generic,,,,needs_op_code:prose
MOC Warranty,37,update,0fc8ec86-c3d1-4763-b244-21acd9228259,LOW TIER,LOW TIER,generic,,,,needs_op_code:prose
MOC Warranty,39,update,2b154d2c-fcf7-4c3b-a524-3fadb46d1d99,Tier or Profile,Tier or Profile,generic,,,,needs_op_code:prose
MOC Warranty,40,update,f468b2a3-7cca-4944-a39e-7c04d5c20aab,STRONG TIER (10-24% — Product Knowledge),STRONG TIER (10-24% — Product Knowledge),generic,,,,needs_op_code:prose
MOC Warranty,41,update,c83d228e-5e09-479d-a3fd-2524306a885a,STRONG TIER,STRONG TIER,generic,,,,needs_op_code:prose
MOC Warranty,42,update,6e567a4d-d408-499b-936e-4620d8cbba47,STRONG TIER,STRONG TIER,generic,TRF-011,Fluids,Pitches by Op Code,
MOC Warranty,43,update,40e8f1e4-8cb0-4fe8-a174-e101715b3891,STRONG TIER,STRONG TIER,generic,,,,needs_op_code:prose
MOC Warranty,45,update,d97bee58-e760-473c-8612-440f74020943,Tier or Profile,Tier or Profile,generic,,,,needs_op_code:prose
MOC Warranty,46,update,801c4036-a2f0-4474-9556-2493db99a0b8,ELITE TIER (25%+ — Mastery Voice),ELITE TIER (25%+ — Mastery Voice),generic,,,,needs_op_code:prose
MOC Warranty,47,update,5b5e0c56-9299-4a6c-a743-90cc260a3e18,ELITE TIER,ELITE TIER,generic,,,,needs_op_code:prose
MOC Warranty,48,update,1a6dc7eb-b592-4ca2-95d1-1e12525f9750,ELITE TIER,ELITE TIER,generic,,,,needs_op_code:prose
MOC Warranty,49,update,f3b28ee0-54ed-42aa-906e-7148b811ab7f,ELITE TIER,ELITE TIER,generic,,,,needs_op_code:prose
MOC Warranty,52,update,2a35b55a-9ff7-4574-9a2c-a8b32aa35d2c,Tier or Profile,Tier or Profile,generic,,,,needs_op_code:prose
MOC Warranty,53,update,bb6c195e-ab99-4fa7-b217-60ff8ddef0f8,FLEET OWNER,FLEET OWNER,generic,,,,needs_op_code:prose
MOC Warranty,54,update,6119c335-3bdd-476e-a325-4d75149ee200,SINGLE-VEHICLE FAMILY,SINGLE-VEHICLE FAMILY,generic,,,,needs_op_code:prose
MOC Warranty,55,update,035c1033-c3c4-470e-a60e-89678f248f13,"POST-WARRANTY CUSTOMER (60K+ miles, factory warranty expired)","POST-WARRANTY CUSTOMER (60K+ miles, factory warranty expired)",generic,,,,needs_op_code:prose
MOC Warranty,56,update,7d3153e9-c103-4c03-b3bd-3c46fb02b67a,REPEAT CUSTOMER (already had MOC service before),REPEAT CUSTOMER (already had MOC service before),generic,,,,needs_op_code:prose
MOC Warranty,57,update,bc059662-4705-41e6-aa8a-eec26d33b64a,SKEPTICAL CUSTOMER ('Sounds too good to be true'),SKEPTICAL CUSTOMER ('Sounds too good to be true'),generic,,,,needs_op_code:prose
MOC Warranty,58,update,efc91709-81fa-4109-ae13-abef55986ae3,PREMIUM-VEHICLE CUSTOMER (luxury / high-value vehicle),PREMIUM-VEHICLE CUSTOMER (luxury / high-value vehicle),generic,,,,needs_op_code:prose
MOC Warranty,61,update,08c778d1-5d12-4beb-b717-c6dc2a5d1ff4,Objection Category & Phrase,Objection Category & Phrase,generic,,,,needs_op_code:prose
MOC Warranty,63,update,6c31641b-cee7-4b79-8738-1ed22c5dfc1c,MONEY: 'It's too expensive.',MONEY: 'It's too expensive.',generic,,,,needs_op_code:prose
MOC Warranty,64,update,2ee4a2f9-cea3-46c7-9023-a31a67931289,MONEY: 'I don't have it right now.',MONEY: 'I don't have it right now.',generic,,,,needs_op_code:prose
MOC Warranty,66,update,39fdd370-cb58-4e8b-b82b-99d0f1a10301,TIME: 'I don't have time today.',TIME: 'I don't have time today.',generic,,,,needs_op_code:prose
MOC Warranty,67,update,04a1a931-e789-4a69-bb95-256d191526ee,TIME: 'How long does this warranty actually last?',TIME: 'How long does this warranty actually last?',generic,,,,needs_op_code:prose
MOC Warranty,69,update,c85993b5-a04a-428f-a87f-58bc6b0ab4f8,DECISION-MAKER: 'I need to talk to my husband / wife / partner.',DECISION-MAKER: 'I need to talk to my husband / wife / partner.',generic,,,,needs_op_code:prose
MOC Warranty,70,update,ca0efc76-4233-42e8-87ae-b1c472327bb7,DECISION-MAKER: 'I need to think about it.',DECISION-MAKER: 'I need to think about it.',generic,,,,needs_op_code:prose
MOC Warranty,72,update,f0ac3655-8dd6-495b-8f0b-341e9170b327,UNDERSTANDING: 'How is this different from my factory warranty?',UNDERSTANDING: 'How is this different from my factory warranty?',generic,,,,needs_op_code:prose
MOC Warranty,73,update,ae1fbeed-21c0-40d3-a989-d644af9b260c,UNDERSTANDING: 'Is this an extended warranty?',UNDERSTANDING: 'Is this an extended warranty?',generic,,,,needs_op_code:prose
MOC Warranty,76,update,230337b9-0d73-4643-b634-3eb15986e6c6,Manager Coaching Behavior,Manager Coaching Behavior,generic,,,,needs_op_code:prose
MOC Warranty,77,update,90b74502-022b-4f7a-acf8-107f4711ec4e,EVERY MOC SERVICE RO INCLUDES THE WARRANTY CLOSE,EVERY MOC SERVICE RO INCLUDES THE WARRANTY CLOSE,generic,,,,needs_op_code:prose
MOC Warranty,78,update,3ac51620-4e4a-4245-90d8-1e4cdb796acb,VERIFY ELIGIBILITY OUT LOUD,VERIFY ELIGIBILITY OUT LOUD,generic,,,,needs_op_code:prose
MOC Warranty,79,update,1b0445e9-3882-47ae-a647-3525b6be2a6b,DISCLOSE THE WAITING PERIOD UP FRONT,DISCLOSE THE WAITING PERIOD UP FRONT,generic,,,,needs_op_code:prose
MOC Warranty,80,update,8be6b774-f129-4049-ba88-d090f4104cc4,TEACH THE 'CALL MOC FIRST' RULE AT EVERY DELIVERY,TEACH THE 'CALL MOC FIRST' RULE AT EVERY DELIVERY,generic,,,,needs_op_code:prose
MOC Warranty,81,update,987550b6-e24c-495e-9797-3005fa45a923,TRACK THE PRE-50K vs POST-50K MIX,TRACK THE PRE-50K vs POST-50K MIX,generic,,,,needs_op_code:prose
The 4-Step Close,4,update,c991a868-6c78-4148-89c6-b262dd43bcd9,The Universal 4-Step Close,The Universal 4-Step Close,generic,,,Craft,
The 4-Step Close,5,update,0cb0c86d-e229-455c-83d2-7e9ceb633f6d,Give the Clock Time — Not the Minutes,Give the Clock Time — Not the Minutes,generic,,,Craft,
The 4-Step Close,6,update,ae226424-0287-4bea-8788-a7e76cae0cc0,Be Specific with the Total,Be Specific with the Total,generic,,,Craft,
The 4-Step Close,7,update,b360cd85-6e96-4377-8275-208d923a7fc8,Assume the Sale — Never Ask for It,Assume the Sale — Never Ask for It,generic,,,Craft,
The 4-Step Close,8,update,13a539d5-df1e-42c7-aafd-8585e11e2fd0,Practice the Close Outside Before You Use It Inside,Practice the Close Outside Before You Use It Inside,generic,,,Craft,
The 4-Step Close,10,update,2f2eca9b-7966-46ff-bd85-84e552611b0e,Step 1 — WHAT: Name the Service With Confidence,Step 1 — WHAT: Name the Service With Confidence,generic,,,Craft,
The 4-Step Close,11,update,f28aa680-966b-4114-996f-ccd4251d46ce,"Step 2 — HOW MUCH: The Total Investment, Not the Cost","Step 2 — HOW MUCH: The Total Investment, Not the Cost",generic,,,Craft,
The 4-Step Close,12,update,01f840f9-5cb2-46ea-85f5-2d7edb5cf686,"Step 3 — CLOCK TIME: A Specific Time, Not a Number of Minutes","Step 3 — CLOCK TIME: A Specific Time, Not a Number of Minutes",generic,,,Craft,
The 4-Step Close,13,update,1e10bfc9-8fb8-4988-b6f7-eaebfe2543eb,Step 4 — AUTHORIZATION: All I Need Is Your Authorization,Step 4 — AUTHORIZATION: All I Need Is Your Authorization,generic,,,Craft,
The 4-Step Close,14,update,439c5bd0-2c7d-4c4a-a0f9-9e55f09914e2,The Complete Close — All Four Steps in One Breath,The Complete Close — All Four Steps in One Breath,generic,,,Craft,
The 4-Step Close,15,update,b9f64889-4a37-4e76-af52-9ad731b7498e,When They Push Back — Which Step Did They Object To?,When They Push Back — Which Step Did They Object To?,generic,,,Craft,
The 4-Step Close,16,update,8f611d8d-e885-40bf-b95a-e8dcd469483c,Don't Skip Steps — The Close Only Works Complete,Don't Skip Steps — The Close Only Works Complete,generic,,,Craft,
The 4-Step Close,17,update,e34110ec-878e-42a9-81ff-21268be68c48,"Offer Sunbit at Step Two — Before the Objection, Not After","Offer Sunbit at Step Two — Before the Objection, Not After",generic,,,Craft,
MPI Setup & GYR System,4,update,9c2e4b8b-f071-4283-bf41-a29a8140f6d0,The Get-the-Hell-Out-of-Here Speech (Full Script),The Get-the-Hell-Out-of-Here Speech (Full Script),generic,,,Craft,
MPI Setup & GYR System,5,update,e1828f51-9a81-4261-b284-580ceb41767e,Green Yellow Red — The Traffic Light Analogy,Green Yellow Red — The Traffic Light Analogy,generic,,,Craft,
MPI Setup & GYR System,6,update,08d80fac-7e49-41fd-b37d-958141836917,Sell at Yellow — Not at Red,Sell at Yellow — Not at Red,generic,,,Craft,
MPI Setup & GYR System,7,update,b851eec0-bf52-43d6-8c23-b814fc31ce08,Plant the Seed of Affirmation,Plant the Seed of Affirmation,generic,,,Craft,
MPI Setup & GYR System,8,update,f685ce95-7b50-4a14-b3ed-671909362a73,Quickest Way to Get Your Vehicle,Quickest Way to Get Your Vehicle,generic,,,Craft,
MPI Setup & GYR System,9,update,55d60aaa-1f2c-44ea-b58b-a29ff03160df,Preview the MPI — Build Value,Preview the MPI — Build Value,generic,,,Craft,
MPI Setup & GYR System,10,update,ea227117-9eea-4011-9e81-8d45d0ab5bef,Red Means Today — Not Probably,Red Means Today — Not Probably,generic,,,Craft,
MPI Setup & GYR System,12,update,29fcb054-80a9-4cda-a081-5a0db156f22a,Go Over Two Greens Before Any Red — The Trust-Building Sequence,Go Over Two Greens Before Any Red — The Trust-Building Sequence,generic,,,Craft,
MPI Setup & GYR System,13,update,bb501122-66c7-4209-8a49-ab151e4135c8,"The MPI Phone Call Structure — 70 Seconds, Every Element","The MPI Phone Call Structure — 70 Seconds, Every Element",generic,,,Craft,
MPI Setup & GYR System,14,update,9e58b2f0-1fdd-4284-9af4-8aeb41b207a9,'Are You Familiar With Our...' — The Entry Question,'Are You Familiar With Our...' — The Entry Question,generic,,,Craft,
MPI Setup & GYR System,15,update,90498f4f-3e9a-4dc5-983a-d6b2122ec60f,Call the Customer at the Agreed Time — Not When You Feel Like It,Call the Customer at the Agreed Time — Not When You Feel Like It,generic,,,Craft,
MPI Setup & GYR System,16,update,d566d18d-6973-442e-b2d8-825a1e34bce6,'Congratulations on Your Last Decision' — Reinforce the Good Choices,'Congratulations on Your Last Decision' — Reinforce the Good Choices,generic,,,Craft,
MPI Setup & GYR System,17,update,5c40da78-cf71-4a43-8675-b61e52935cb3,Green Yellow Red — Explain the Scale Every Time,Green Yellow Red — Explain the Scale Every Time,generic,,,Craft,
MPI Setup & GYR System,18,update,7c25b2d9-bdd5-4e66-8c3b-df1757962ea2,The Video MPI — Let the Technician Speak for Themselves,The Video MPI — Let the Technician Speak for Themselves,generic,,,Craft,
MPI Setup & GYR System,19,update,59df4d74-9929-4a9c-afa5-8468c6c0ebab,The MPI Is Complementary — Lead With That,The MPI Is Complementary — Lead With That,generic,,,Craft,
