match_key,track,course,module,module_name_status,module_order,lesson_order,tier,cue_title,cue_body_prefix
ef53e68977118e5a,Foundations,Active Delivery,Knowledge Notes 1,NEEDS NAME,1,1,zero,Text 'Your Vehicle Is Ready — I Need 3 to 7 Minutes',"When a customer's vehicle is ready, do not just text 'your car is ready.' Text: 'Your vehicle is ready. When you arrive,"
2778eaa201d0424f,Foundations,Active Delivery,Knowledge Notes 1,NEEDS NAME,1,2,zero,Pay by Phone — Protect Your Delivery Time,Set up phone payment as often as possible. The reason is not convenience — it is time. Every minute you spend processing
ca2d8937eef4d47e,Foundations,Active Delivery,Knowledge Notes 1,NEEDS NAME,1,3,zero,Say Thank You,"During active delivery, you cannot say thank you enough. A minimum of once per minute for the duration of the delivery. "
7dfad4710a853d78,Foundations,Active Delivery,Knowledge Notes 1,NEEDS NAME,1,4,zero,That Was a Good Decision — The Versatile Closer,"For every approved recommendation — every single one — say 'that was a good decision.' It affirms the customer, reinforc"
36e5ab82af6a2e1e,Foundations,Active Delivery,Knowledge Notes 1,NEEDS NAME,1,5,zero,Certified Technician GRADED — Not Found (Active Delivery Version),"During active delivery, when going over the MPI, never say 'my technician found' or 'we marked.' Say: 'My certified tech"
e23441cf9bab60fe,Foundations,Active Delivery,Knowledge Notes 1,NEEDS NAME,1,6,zero,Items We ARE Going to Take Care of Next Time' — Say It Three Times,"After going through approved items, walk the customer through the declined or deferred items with future-tense, inclusiv"
950dc92939577cf8,Foundations,Active Delivery,Knowledge Notes 1,NEEDS NAME,1,7,zero,Survey Talk — Eliminate All Doubt Words,"Never use: might, hopefully, fifty-fifty, maybe. Every one of these words injects doubt and signals to the customer that"
f5bea8f8b6e024b3,Foundations,Active Delivery,Knowledge Notes 1,NEEDS NAME,1,8,zero,Survey Talk — Strive for perfection,It is okay to give me a perfect survey.' Then share your current score: 'Thirty-eight of my last forty-one customers gav
0dd522117a3bb5e7,Foundations,Active Delivery,Knowledge Notes 2,NEEDS NAME,2,9,zero,Survey Talk — Talk about it Early,"During write-up, share with the customer that ""if at any time during your stay, you are not getting PERFECT service, tex"
38ed145703e03378,Foundations,Active Delivery,Knowledge Notes 2,NEEDS NAME,2,10,zero,Share Your Survey Score — Build Credibility,Tell the customer your current score and streak during survey talk. 'Thirty-eight of my last forty-one customers gave me
cee0cdc1bef185f9,Foundations,Active Delivery,Knowledge Notes 2,NEEDS NAME,2,11,zero,More Perfect' — The Bad Day Survey Handle,"When the visit had a problem — a delay, a miscommunication, a mistake — do not hide from the survey. Lean into it: 'Toda"
7708333d22aaeb30,Foundations,Active Delivery,Knowledge Notes 2,NEEDS NAME,2,12,zero,Prospect on the Way Out — The Household Vehicle,"On the walk to the customer's car, prospect for every other vehicle in the household. 'You mentioned your daughter is he"
5ba977d5efd28e56,Foundations,Active Delivery,Knowledge Notes 2,NEEDS NAME,2,13,zero,The White Rag Trick — 4% Survey Score Lift,"After delivering the vehicle and closing the door, take a clean white rag from your pocket and wipe the side view mirror"
1ff684e85b0b5ccc,Foundations,Active Delivery,Knowledge Notes 2,NEEDS NAME,2,14,zero,Sunbit — Offer It at Active Delivery Too,"Sunbit is not just an objection handler. If there are deferred items from today's visit that the customer declined, brin"
313e40329cec5fbb,Foundations,Active Delivery,Knowledge Notes 2,NEEDS NAME,2,15,zero,Text Customers About Lounge Amenities — Including the Gaps,"When a customer is waiting, text them the things that make your lounge worth waiting in: the Wi-Fi password, the snack o"
70956d69464b3461,Foundations,Active Delivery,Knowledge Notes 2,NEEDS NAME,2,16,zero,Share Your Survey Score and What Perfect Looks Like,"During active delivery, tell the customer your current survey score and what you need from them to make it perfect. 'Our"
8694d40087765086,Foundations,Active Delivery,Knowledge Notes 3,NEEDS NAME,3,17,zero,Go Two Intervals Deep — Preview the Next Visit and the One After,"At active delivery, most advisors preview what is coming due at the next service visit. The old dog move is to go two in"
d271d15242a35633,Foundations,Active Delivery,Knowledge Notes 3,NEEDS NAME,3,18,zero,Text the Customer About the Lounge — Even What's Missing,"If your waiting area has good Wi-Fi, mention it. If it has snacks, mention which ones. If it does not have snacks, send "
15ccf0ccae1950cb,Foundations,Active Delivery,Knowledge Notes 3,NEEDS NAME,3,19,zero,Know Every Technician's Specialty — By Name,"If a customer pushes back on a recommendation, one of the most powerful responses is a specific person: 'My certified te"
4ddc862a75266167,Foundations,Active Delivery,Knowledge Notes 3,NEEDS NAME,3,20,zero,I Got You' — Reassurance Plus Action in Three Words,A simple phrase borrowed from younger communication culture that works at any age: 'I got you.' It is not just reassuran
ae42ad1e8b712033,Foundations,Active Delivery,Knowledge Notes 3,NEEDS NAME,3,21,zero,Set Up the Tire Maintenance Ladder at Every Active Delivery,"Every active delivery is an opportunity to put the next visit on a track. 'Tony, great job rotating your tires today. Ne"
e88c79f3b69f1ad2,Foundations,Active Delivery,Knowledge Notes 3,NEEDS NAME,3,22,zero,Schedule Deliveries for Heat Cases — Protect the Relationship,Not every active delivery needs to be scheduled. But for any customer you suspect might be a heat case — a part was dela
795976d43488ba8c,Foundations,Active Delivery,Knowledge Notes 3,NEEDS NAME,3,23,zero,A Messy Desk Leads to Unforced Errors,A cluttered workstation is not a harmless personality trait — it is a customer service liability. The wrong RO handed to
0175a688ba48e81f,Foundations,Active Delivery,Knowledge Notes 3,NEEDS NAME,3,24,zero,"The Daily Reset — 5 Minutes at End of Shift, Every Single Day","At the end of every workday, before leaving the drive: return every item to its home, throw away any trash, and wipe dow"
3cc91396c83616d7,Foundations,Active Delivery,Knowledge Notes 4,NEEDS NAME,4,25,zero,Only What You Use Every Day Lives on the Surface,The only items that belong on a service advisor's desk surface are the ones used in every single customer interaction: c
ddcead462b74c7bf,Foundations,Active Delivery,Knowledge Notes 4,NEEDS NAME,4,26,zero,The Community Wall — What Lives Behind Your Desk Says Everything,What a customer sees behind your desk while standing at your workstation tells them who you are before you say a word. A
3f4bac18dc1ebb13,Foundations,Active Delivery,Knowledge Notes 4,NEEDS NAME,4,27,zero,Next Time and the Next Next Time — The Two-Interval Pre-Sell,The most valuable addition to any active delivery is two sentences about the future. 'Today we took care of your A1 serv
f1ec77e6a3155228,Foundations,Active Delivery,Knowledge Notes 4,NEEDS NAME,4,28,zero,Don't Display Funky Filters in Front of an Audience,Showing the customer their cabin air filter or engine air filter during a pitch is a well-established technique — and a 
0da934529a9bdb9c,Foundations,Everyday Touchpoints,Knowledge Notes 1,NEEDS NAME,1,1,zero,Send a Completion Text When the Car Enters the Wash,The completion text is not 'your car is ready.' The completion text is 'your car just entered the wash — that takes abou
6825d8db2cef892c,Foundations,Everyday Touchpoints,Knowledge Notes 1,NEEDS NAME,1,2,zero,Survey Talk at Write-Up — Set the 5-Star Expectation Early,"Mention the survey during write-up — not at the end. 'Ryan, my goal today is to give you five-star treatment. If at any "
a56052a8adc2952b,Foundations,Everyday Touchpoints,Knowledge Notes 1,NEEDS NAME,1,3,zero,Walk Around the Vehicle Before Calling the Customer,"Before you call a customer to say their vehicle is ready, walk around it. Look for grease marks on the steering wheel, s"
e161c066a8443d0f,Foundations,Everyday Touchpoints,Knowledge Notes 1,NEEDS NAME,1,4,zero,It Ain't Bragging If It's True' — Community Involvement and the Permission to Say It,"Advisors and managers who are genuinely involved in the community — veterans Thanksgiving programs, teacher appreciation"
3469795e98c855c1,Foundations,Everyday Touchpoints,Knowledge Notes 1,NEEDS NAME,1,5,zero,Next Time and the Next Next Time — Two Intervals Deep at Delivery,"Active delivery is where the next visit gets pre-sold. Mitch's framework names it explicitly: cover today's service, the"
4e5accffd07dc5c4,Foundations,Everyday Touchpoints,Knowledge Notes 1,NEEDS NAME,1,6,zero,"Day 1, Day 6, Day 11, Day 16, Day 21, Day 26",10 Minutes of Silence
92b4713d33fc963a,Foundations,Everyday Touchpoints,Knowledge Notes 1,NEEDS NAME,1,7,zero,"Day 2, Day 7, Day 12, Day 17, Day 22, Day 27",Five Things You Are Grateful For — Before the Phone
c88b63dcea9890a0,Foundations,Everyday Touchpoints,Knowledge Notes 1,NEEDS NAME,1,8,zero,"Day 3, Day 8, Day 13, Day 18, Day 23, Day 28",Walk 30 Minutes Outside — Fresh Air and Sunlight
52f76fd5718ca2f2,Foundations,Everyday Touchpoints,Knowledge Notes 2,NEEDS NAME,2,9,zero,"Day 4, Day 9, Day 14, Day 19, Day 24, Day 29",Read One Page — Fill Your Mind With Something Better
2ef3979c8202167e,Foundations,Everyday Touchpoints,Knowledge Notes 2,NEEDS NAME,2,10,zero,"Day 5, Day 10, Day 15, Day 20, Day 25, Day 30",Stop Using Words Poorly Against Yourself
c5bcae88f40baa01,Foundations,Goals & Goal Setting,Knowledge Notes 1,NEEDS NAME,1,1,zero,Measurable · Trackable · Attainable,"For something to be a real goal it must have three attributes. First, measurable — I need a number, not 'as many as I ca"
9fcbedda08b19b26,Foundations,Goals & Goal Setting,Knowledge Notes 1,NEEDS NAME,1,2,zero,80% More Likely If You Write It Down,You are 80% more likely to hit a goal if you write it down. That increases another five points if you share it with some
51bfc70a83cb4553,Foundations,Goals & Goal Setting,Knowledge Notes 1,NEEDS NAME,1,3,zero,Break the Annual Goal Into Daily,"Take your annual money goal and break it down — quarterly, monthly, weekly, daily. Then figure out what you need to crea"
6cd5471ffc360ed6,Foundations,Goals & Goal Setting,Knowledge Notes 1,NEEDS NAME,1,4,zero,Give the Speech 100 Times,"If you give the MPI set-up speech 10 times a day for 10 days, you have given it 100 times. It will already be better tha"
d4bedc923d033912,Foundations,Goals & Goal Setting,Knowledge Notes 1,NEEDS NAME,1,5,zero,Track Your Objections — The Fastest Goal-Adjacent Habit,You cannot improve what you are not measuring. Most advisors track their penetration rate and their gross — but they do 
c41e19afdb7a22b2,Foundations,Goals & Goal Setting,Knowledge Notes 1,NEEDS NAME,1,6,zero,W.I.N. — What's Important Now,"W.I.N. — What's Important Now. Lou Holtz's single question that cuts through every distraction, every rut, every moment "
3901dc96ea905dab,Foundations,Goals & Goal Setting,Knowledge Notes 1,NEEDS NAME,1,7,zero,Where You Started · Where You Are · Where You're Going,Valvano's three-point framework belongs in every goal-setting conversation. Where you started: your first penetration ra
cd6977cdbad76b45,Foundations,Goals & Goal Setting,Knowledge Notes 1,NEEDS NAME,1,8,zero,Micro-Goal + Personal Reward = Daily Performance Engine,"Kenzie's method: set one specific, attainable goal before every shift. Three AC services. Two household vehicle prospect"
7af2174bdb88d5fd,Foundations,Goals & Goal Setting,Knowledge Notes 2,NEEDS NAME,2,9,zero,"One Goal — The Third Pillar of One Vendor, One Message, One Goal","Every store visit, every shift, every advisor needs one clear goal. Not a list. Not a quarterly target. One thing that, "
2b4095270a21da43,Foundations,Goals & Goal Setting,Knowledge Notes 2,NEEDS NAME,2,10,zero,Forecast Your Month — Know Your Number Before the Month Starts,Every advisor should be able to answer three questions on the first of the month without looking anything up: what is my
f35ca14eb7582086,Foundations,Goals & Goal Setting,Knowledge Notes 2,NEEDS NAME,2,11,zero,Track the No — Not Just the Yes,Most advisors track sales. The ones who improve fastest also track declines. Every no is data. The advisor who writes do
bae56240489076d4,Foundations,Goals & Goal Setting,Knowledge Notes 2,NEEDS NAME,2,12,zero,The 90-Day Identity Window — Habit Becomes Character,Kobe Bryant's principle applied to goal setting: stack small wins for 90 days and your entire identity changes. For a se
a04e6fb3ce2664b2,Foundations,Goals & Goal Setting,Knowledge Notes 2,NEEDS NAME,2,13,zero,Write It Down — Goals That Are Not Written Are Wishes,The act of writing a goal is not bureaucracy. It is commitment. A goal that exists only in your head is a preference. A 
2e479abd41a0a31e,Foundations,Goals & Goal Setting,Knowledge Notes 2,NEEDS NAME,2,14,zero,The Kenzie Method — One Small Goal With a Personal Reward,"Set one specific, attainable goal before every shift. Three AC services today. Two household vehicle prospects. Five vis"
952bebfee0a4b965,Foundations,Goals & Goal Setting,Knowledge Notes 2,NEEDS NAME,2,15,zero,Review Yesterday Before Planning Today,"The last fifteen minutes of every day belong to tomorrow's first hour. Review what you offered yesterday, what landed, a"
956d115e7fb5de6a,Foundations,Goals & Goal Setting,Knowledge Notes 2,NEEDS NAME,2,16,zero,Where You Started. Where You Are. Where You're Going.,Jimmy Valvano's three-point framework is the right structure for every goal conversation between a manager and an adviso
dc211c995809c338,Foundations,Goals & Goal Setting,Knowledge Notes 3,NEEDS NAME,3,17,zero,W.I.N. Applied to Goal Setting — What's Important Now?,Lou Holtz's W.I.N. framework is not just a daily mindset tool — it is a goal prioritization system. When an advisor has 
0b1d1beb4e718e4b,Foundations,Goals & Goal Setting,Knowledge Notes 3,NEEDS NAME,3,18,zero,Success Is a Choice — Choose It Before the Shift Starts,"Every morning before walking onto the drive, a choice is available. Mitch Hardt stated it plainly in the Training Event "
3cc2d7e1437794a3,Foundations,Goals & Goal Setting,Knowledge Notes 3,NEEDS NAME,3,19,zero,Review Your Goals Weekly — Not Monthly,Monthly goal reviews are too infrequent. A goal tracked once a month gives you three weeks of drift before the correctio
dd7b5171bea7276b,Foundations,Goals & Goal Setting,Knowledge Notes 3,NEEDS NAME,3,20,zero,Chop the Annual Goal Down to Every Customer You Meet,The annual income number is motivating and useless at 9 AM on a Tuesday. Mitch provides the cascade that turns an abstra
9fef4cd152a8fe1c,Foundations,Goals & Goal Setting,Knowledge Notes 3,NEEDS NAME,3,21,zero,Five Points at a Time — The Incremental Ladder,Elite performance is built five percentage points at a time. The advisor at 30% close rate is not trying to hit 70%. The
869606136b803d24,Foundations,Goals & Goal Setting,Knowledge Notes 3,NEEDS NAME,3,22,zero,Dreams Without Goals Fuel Disappointment,Denzel Washington's framing is sharper than most goal-setting frameworks because he names what happens when goals are ab
b7f56a364c3b3b10,Foundations,Goals & Goal Setting,Knowledge Notes 3,NEEDS NAME,3,23,zero,Stair-Step Your Goals — 15 to 18 to 22,"The trap that kills most goal-setting conversations: setting an aspirational number the advisor cannot hit, missing it f"
01383ac2c6e14232,Foundations,Goals & Goal Setting,Closing Strategies,NEEDS NAME,4,24,low,Set Goals That Force Investment — Make the Number Require Commitment,The Stephen A. Smith principle applied to goal setting: set a goal large enough that achieving it requires real investme
d3f1b0054cab748d,Foundations,Goals & Goal Setting,Closing Strategies,NEEDS NAME,4,25,low,Personal Bests — Set a Record and Then Try to Beat It,Every service advisor should know their personal best on every op code they offer. Best penetration rate on Arctic Blast
351d1b7565587aeb,Foundations,Language That Sells,Knowledge Notes 1,NEEDS NAME,1,1,zero,TELL → SHARE,"Never tell a customer anything. Nobody likes to be told what to do. Instead, share with them. 'Let me share with you the"
295c404a3ba1cf66,Foundations,Language That Sells,Knowledge Notes 1,NEEDS NAME,1,2,zero,EXPLAIN → OPTIONS / CHOICES / DETAILS,Don't explain things to customers — especially male advisors to female customers. It comes off condescending. It sounds 
47bec41bc6e2436b,Foundations,Language That Sells,Knowledge Notes 1,NEEDS NAME,1,3,zero,COST / PRICE → TOTAL / TOTAL INVESTMENT,"If your last anniversary ring was pricey, did you pay a little or a lot? If your grandfather fought in a costly battle, "
908af1c243d267ab,Foundations,Language That Sells,Knowledge Notes 1,NEEDS NAME,1,4,zero,TECHNICIAN → CERTIFIED TECHNICIAN (by name),"The higher the title you give your team, the more gravitas their recommendations carry. If you had heart trouble, would "
42391d73e2526794,Foundations,Language That Sells,Knowledge Notes 1,NEEDS NAME,1,5,zero,SELL ONLY TWO THINGS,Only sell two things all day every day: yourself and your team. Everything else is just offerings — options and choices 
a30a88d193513686,Foundations,Language That Sells,Knowledge Notes 1,NEEDS NAME,1,6,zero,WAITING AREA → LOUNGE,Waiting areas are at the doctor's office and the dentist. That's not the feeling we want to give a customer at the deale
9d346ac70ff210bd,Foundations,Language That Sells,Knowledge Notes 1,NEEDS NAME,1,7,zero,GAS MILEAGE → FUEL EFFICIENCY,Never promise better gas mileage. You cannot promise it — a customer could hot rod up and down the interstate after your
e72a897be7288d47,Foundations,Language That Sells,Knowledge Notes 1,NEEDS NAME,1,8,zero,FLUSH → FLUID EXCHANGE,"When most people think of flush, they think of a toilet. We don't want customers thinking of a toilet when investing $30"
b774ebeb2533991d,Foundations,Language That Sells,Knowledge Notes 2,NEEDS NAME,2,9,zero,PROBLEM / ISSUE → ITEM OF CONCERN,Nobody likes to solve problems and in today's political environment nobody wants to talk about issues. Item of concern i
19a53de6a3aa431a,Foundations,Language That Sells,Knowledge Notes 2,NEEDS NAME,2,10,zero,YOUR VEHICLE → YOUR [MODEL NAME],Cops say 'your vehicle.' Put your hands on your vehicle. It's impersonal. Say the model name. Your F-150. Your Camry. Yo
42434f271b3e4d11,Foundations,Language That Sells,Knowledge Notes 2,NEEDS NAME,2,11,zero,TECHNICIAN FOUND → CERTIFIED TECHNICIAN GRADED,This isn't a scavenger hunt. Your certified technician didn't find anything — they graded it. Who gave you grades in you
1c03da8b1869d49a,Foundations,Language That Sells,Knowledge Notes 2,NEEDS NAME,2,12,zero,TYPICALLY → ELIMINATE IT,Write down the word typically. Circle it. Draw a line through it. We don't typically do anything. We either do it or we 
aed5df7f287becf4,Foundations,Language That Sells,Knowledge Notes 2,NEEDS NAME,2,13,zero,WORKING ON → COMPLETING,"Work is a negative word. Your certified technician is not working on Kenzie's Charger. He is completing the 5,000-mile s"
4cdcb0392772a59b,Foundations,Language That Sells,Knowledge Notes 2,NEEDS NAME,2,14,zero,PITCH THE POSITIVE FIRST,Reward action before punishing inaction. Most advisors say if you don't do this brake job you could ruin your rotors. Th
378a0d9d8cba9c85,Foundations,Language That Sells,Knowledge Notes 2,NEEDS NAME,2,15,zero,CONCERN → replaces PROBLEM / ISSUE (Empathy Framing),The word 'concern' builds empathy in a way that 'problem' and 'issue' do not. Most people feel like they have to solve p
43acc07619ba14a6,Foundations,Language That Sells,Knowledge Notes 2,NEEDS NAME,2,16,zero,DROP 'COMMUNITY' INTO WORD TRACKS,"Know what your dealership sponsors in the community. Know the youth sports teams, the charities, the local events. Drop "
f642dfda2cb8bf14,Foundations,Language That Sells,Knowledge Notes 3,NEEDS NAME,3,17,zero,BRAKE FLUSH → BRAKE FLUID EXCHANGE — Always,Call it a brake fluid exchange. Not a brake flush. Not a brake bleed. A fluid exchange. This is consistent across every 
270557ca37fc405d,Foundations,Language That Sells,Knowledge Notes 3,NEEDS NAME,3,18,zero,"5,000-MILE SERVICE — Never Oil Change","You do not do oil changes. You do 5,000-mile services and 10,000-mile services. And the difference between a 5,000-mile "
be25d924038de476,Foundations,Language That Sells,Knowledge Notes 3,NEEDS NAME,3,19,zero,AND — The One-Word Upsell,"The most powerful word in a quick lane advisor's vocabulary is 'and.' When a customer says they want an oil change, you "
55c7d18450c97495,Foundations,Language That Sells,Knowledge Notes 3,NEEDS NAME,3,20,zero,COVERAGE → ASSISTANCE — Never Overpromise,"When describing the warranty that comes with a fluid exchange, use the word 'assistance' instead of 'coverage.' Four tho"
7a80211c67a5d20a,Foundations,Language That Sells,Knowledge Notes 3,NEEDS NAME,3,21,zero,CALM DOWN → 'I Can Hear That You're Frustrated',Never tell a customer to calm down. It is the single most reliably escalating phrase in a customer service interaction. 
c854e7a32775a5cb,Foundations,Language That Sells,Knowledge Notes 3,NEEDS NAME,3,22,zero,COST / PRICE → TOTAL INVESTMENT — The 'Costly Battle' Test,"When customers hear the words cost or price, their brain registers expense. Test it: if someone says 'my grandfather fou"
d9e5e4e22a08917e,Foundations,Language That Sells,Knowledge Notes 3,NEEDS NAME,3,23,zero,APPOINTMENT → RESERVATION — And Confirm It This Way,"Call it a reservation, not an appointment. An appointment feels clinical — a dentist or a DMV. A reservation implies som"
d2d6320ee88d8a93,Foundations,Language That Sells,Knowledge Notes 3,NEEDS NAME,3,24,zero,"I DON'T KNOW' → 'I Don't Know, But I Know Someone Who Does'","Never let 'I don't know' be the end of a sentence. The moment a customer hears a dead stop on that phrase, confidence ev"
47157e81f907de8c,Foundations,Language That Sells,Knowledge Notes 4,NEEDS NAME,4,25,zero,SORRY' → 'I UNDERSTAND' — Studies Show the Shift,Current research shows that customers respond better to being understood than to being apologized to. 'I'm sorry' has st
19172e116153ae1a,Foundations,Language That Sells,Knowledge Notes 4,NEEDS NAME,4,26,zero,DEALING → TAKING CARE OF — Never Deal With a Customer,Remove the phrase 'deal with customers' from every service advisor's vocabulary. Dealing is transactional and slightly a
3536bd59e02cc385,Foundations,Language That Sells,Knowledge Notes 4,NEEDS NAME,4,27,zero,APPOINTMENT → RESERVATION — The Mindset Shift,Where do you set appointments? The doctor. The dentist. The DMV. Are those fun places? No. Where do you set reservations
59903e1892d579b2,Foundations,Language That Sells,Knowledge Notes 4,NEEDS NAME,4,28,zero,WAITING AREA → LOUNGE (arrival) / LIMITED SEATING (phone),"Two versions of the same language shift depending on when it is used. On the phone, when you are trying to dissuade a cu"
f635b4e6b1b8ee84,Foundations,Language That Sells,Knowledge Notes 4,NEEDS NAME,4,29,zero,FREE → COMPLIMENTARY — Every Amenity and Car Wash,Nothing at the dealership is free. It is complimentary to the customer. Free sounds cheap. Complimentary sounds like a g
68b93ae272e3475e,Foundations,Language That Sells,Knowledge Notes 4,NEEDS NAME,4,30,zero,WORKED ON → COMPLETED / REPLACED — Work Is a Negative Word,"My certified technician did not work on your Sonata. She replaced your brake pads. She completed your 5,000-mile service"
05b3bd0fb2a9ca40,Foundations,Language That Sells,Knowledge Notes 4,NEEDS NAME,4,31,zero,A LOT → THOROUGH — The Menu Presentation Swap,"When presenting a service menu, never say 'there's a lot in this package.' A lot sounds overwhelming and expensive. Repl"
7b8bba7b0bc7ceb4,Foundations,Language That Sells,Knowledge Notes 4,NEEDS NAME,4,32,zero,MIGHT → Either Do It or Don't — Remove Doubt From Your Delivery Language,Never tell a customer you might do something next visit. 'We might bring that up next time.' Might is doubt. Might is ma
5cc555bfd66d6ba0,Foundations,Language That Sells,Knowledge Notes 5,NEEDS NAME,5,33,zero,Be Knowledgeable — But Don't Be a Know-It-All,Product knowledge is a competitive advantage until it becomes condescending. The advisor who leads with technical detail
243f3e62bfd1f0c5,Foundations,Language That Sells,Knowledge Notes 5,NEEDS NAME,5,34,zero,Find Your Low-Key Word — Adapt the Framework to Your Voice,Mitch acknowledges mid-class that 'thorough' is 'kind of an old man word' and tells the advisors to find their own low-k
a7aeba1f1e99e08d,Foundations,Language That Sells,Knowledge Notes 5,NEEDS NAME,5,35,zero,"Burnt, Not Dirty — The Word That Gets the Fluid Sale Wrong","The word 'dirty' is the single most misused word in fluid service pitching, and it is costing advisors sales. Customers "
cd3d6e78a50f754e,Foundations,Language That Sells,Knowledge Notes 5,NEEDS NAME,5,36,zero,Caramelized Onions — The Cooking Analogy for Fluid Color,"For customers who cook, the caramelized-onion analogy is devastatingly effective. 'What color is cooking oil when you st"
291582e5b1a7048f,Foundations,Language That Sells,Knowledge Notes 5,NEEDS NAME,5,37,zero,Explain It Like You're Explaining It to a Five-Year-Old,The most valuable advisor mindset in any technical pitch: explain it like you're explaining it to a five-year-old. Not c
0e8c12392c602131,Foundations,Language That Sells,Knowledge Notes 5,NEEDS NAME,5,38,zero,Never Say Injector Tips or Carbon Buildup,A compliance-adjacent communication rule for every fuel system pitch: stop saying 'injector tips' and 'carbon buildup.' 
bacc9e33fbc5a8b1,Foundations,Language That Sells,Knowledge Notes 5,NEEDS NAME,5,39,zero,I Ain't Your Boss — The Permission-Giving Opener,"Before any training session with an advisor or team, Mitch opens with a specific sentence that shifts the dynamic comple"
4f5d715cf7f75d7a,Foundations,Language That Sells,Knowledge Notes 5,NEEDS NAME,5,40,zero,Don't Say OEM — Say the Brand Name,"OEM is jargon. Customers do not know what it means. When an advisor says 'OEM parts,' they are saying nothing the custom"
33ac5133543a03d0,Foundations,Language That Sells,Knowledge Notes 6,NEEDS NAME,6,41,zero,"Don't Name Vendor Brands to Customers — They're Yours, Not Ours","Vendor names — MOC, Mighty, BG, Valvoline, whoever your service partner is — should never come out of the advisor's mout"
c453cb468f9ef8f4,Foundations,Language That Sells,Knowledge Notes 6,NEEDS NAME,6,42,zero,Control Freak vs. Passive — Switch the Verb to Match the Customer,By taking advantage of this today is the universal Mitch close. But Elite-tier advisors switch the opening verb to match
aa599729479f568f,Foundations,Language That Sells,Knowledge Notes 6,NEEDS NAME,6,43,zero,"Don't Assume the Kids Are Theirs — Transport Children, Not Have Children",Spotting a child seat in the back of the vehicle is a great walk-around cue. Safety becomes a real anchor for the conver
923e69a4d91505c9,Foundations,Language That Sells,Knowledge Notes 6,NEEDS NAME,6,44,zero,"Engine Health Restoration, Not Flush",The word 'flush' triggers price resistance in customers who associate it with old-school snake-oil chemical pitches. 'En
d4dddaeb520741e7,Foundations,Language That Sells,Knowledge Notes 6,NEEDS NAME,6,45,zero,"Hazing Over, Not Cloudy / Dirty",Customer-friendly walk-around discovery framing for HLR-049 Headlight Restoration. The word 'cloudy' or 'dirty' suggests
fc7d38e32eccfb8b,Foundations,Language That Sells,Closing Strategies,NEEDS NAME,7,46,low,OEM → 'GENUINE [BRAND] PARTS' — Never Use the Acronym,Do not tell customers you are using OEM parts. Your customers do not know what OEM means. Some will hear it as a band na
753e95727b3dcc14,Foundations,Language That Sells,Closing Strategies,NEEDS NAME,7,47,low,PER SIDE → 'FRONT AND REAR' — Never Make Customers Do Math,"Do not quote brake jobs per side. The moment you say '$250 per side,' the customer stops listening to your pitch and sta"
aec1ccdba46b9a39,Foundations,Language That Sells,Closing Strategies,NEEDS NAME,7,48,low,100% FLUID EXCHANGE — Not a Reservoir Top-Off,"When a customer or advisor hears 'fluid exchange' and thinks about cheap competitors offering the same service for $79, "
92634b2e5cf5c973,Foundations,Language That Sells,Closing Strategies,NEEDS NAME,7,49,low,Drivability and Traction — Name the Sensation,"When explaining the safety of balance, alignment, or tire service, use the specific sensory words customers actually fee"
cc47b4ce02197618,Foundations,Language That Sells,Closing Strategies,NEEDS NAME,7,50,low,The Sore Throat Method — Fuel System Service Pitch,"A full word track for pitching fuel system service, designed for customers who have no mental model for injectors, carbo"
9f0a098fd34702f2,Foundations,Language That Sells,Closing Strategies,NEEDS NAME,7,51,low,The Clogged Artery Method — Fuel System Service Pitch,"The second of two healthy methods Mitch teaches for fuel system service. Same structure as the Sore Throat Method, diffe"
c4306192d7b1e86c,Foundations,Mindset & Philosophy,Knowledge Notes 1,NEEDS NAME,1,1,zero,One Vendor · One Message · One Goal,"We don't do oil changes. We do 5,000-mile services. The difference is a multipoint inspection by a certified technician "
2c0362004e57479c,Foundations,Mindset & Philosophy,Knowledge Notes 1,NEEDS NAME,1,2,zero,The ONE Word Exercise,"Take 30 seconds. Think about the one word that best describes what makes you valuable — not in the context of this job, "
76c1f62434a83b3c,Foundations,Mindset & Philosophy,Knowledge Notes 1,NEEDS NAME,1,3,zero,The Math of Selling,"If you offer three things to 20 customers and you're really good, you sell one of them — that's one sale. But if you off"
41c605e223d50487,Foundations,Mindset & Philosophy,Knowledge Notes 1,NEEDS NAME,1,4,zero,The Waiter Who Sells Strawberry Lemonade,There are two kinds of waiters. The first says: 'What can I get you to drink?' and takes whatever order comes. The secon
f52c8682cf65c4d0,Foundations,Mindset & Philosophy,Knowledge Notes 1,NEEDS NAME,1,5,zero,Steak or Sizzle,Don't sell the steak…sell the sizzle!
5470bc4f6326d42d,Foundations,Mindset & Philosophy,Knowledge Notes 1,NEEDS NAME,1,6,zero,Empathy vs Sympathy,"Sympathy is saying 'I'm sorry your Jeep broke down, that sucks for you.' Empathy is saying 'I'm sorry your Jeep broke do"
ef59a2b5b57c529a,Foundations,Mindset & Philosophy,Knowledge Notes 1,NEEDS NAME,1,7,zero,A Mind Is Like a Parachute,"If you sat down in this class and said 'this dude can't teach me anything,' guess what? You're right. A mind is like a p"
cecde01c285a5c72,Foundations,Mindset & Philosophy,Knowledge Notes 1,NEEDS NAME,1,8,zero,It's Not What You Say — It's What You Say AND How You Say It,"My mother used to tell me it's not what you say, it's how you say it. She was wrong. It's both — what you say AND how yo"
2ebbb4c609730ef4,Foundations,Mindset & Philosophy,Knowledge Notes 2,NEEDS NAME,2,9,zero,The Name Tag — Four Reasons Customers Come to You,"Customers come to your dealership for four reasons, and they are all on your name tag. First: the dealership name — its "
c0194d061b1244b4,Foundations,Mindset & Philosophy,Knowledge Notes 2,NEEDS NAME,2,10,zero,Customers Want Your Advice — They Just Won't Ask,Customers crave expert advice from you. They just will not ask for it because they do not want to look stupid. That is y
6fc02f441ee23b34,Foundations,Mindset & Philosophy,Knowledge Notes 2,NEEDS NAME,2,11,zero,Run It Like Your Own Business,Every service advisor should feel like they are running their own small business inside the dealership. Your customers a
1dae677c9d40a8f8,Foundations,Mindset & Philosophy,Knowledge Notes 2,NEEDS NAME,2,12,zero,Learn Like Your Customers Learn,"Your customers go to YouTube, Reddit forums, and TikTok to learn about their vehicles. If you only learn from manufactur"
a44864906e6c66ef,Foundations,Mindset & Philosophy,Knowledge Notes 2,NEEDS NAME,2,13,zero,Legacy and Familiarity — Put Your Face Out There,The legacy behind your facility matters. How many years has your team been there? Are your faces on the website? Are the
3e7ec796b4fe412d,Foundations,Mindset & Philosophy,Knowledge Notes 2,NEEDS NAME,2,14,zero,Be Confident — Customers Buy Confidence,"When you are more confident, people pick up on it and they buy more. This is not theory — it showed up in every role pla"
b614411fdc9cfe5f,Foundations,Mindset & Philosophy,Knowledge Notes 2,NEEDS NAME,2,15,zero,Be Your Brand — Show Your Essence Every Time,"Whatever your one word is — organized, trustworthy, reliable, generous — show it to every single person you come in cont"
4845ed36aa654fc9,Foundations,Mindset & Philosophy,Knowledge Notes 2,NEEDS NAME,2,16,zero,Maintenance is the Business — Stop Waiting for Repairs,You can get rich selling maintenance. The quick lane model is built entirely on this premise — not on finding broken thi
0bb49ecb6850e910,Foundations,Mindset & Philosophy,Knowledge Notes 3,NEEDS NAME,3,17,zero,It's a Willingness Problem — Not a Skill Problem,"When a technician refuses to do a differential service or a coolant exchange, it is not because they do not know how. It"
10c8b29ee3636620,Foundations,Mindset & Philosophy,Knowledge Notes 3,NEEDS NAME,3,18,zero,Segue Customers From Factory Warranty to Your Warranty,"The moment a customer's bumper-to-bumper factory warranty expires, their relationship with the dealership often weakens "
3b67f403dc93e812,Foundations,Mindset & Philosophy,Knowledge Notes 3,NEEDS NAME,3,19,zero,Don't Wait for Fluid to Fail — Use Interval Charts,"The strategy is not to wait for brake fluid to look dark, or coolant to look rusty, or transmission fluid to smell burnt"
b6a20697b882d4de,Foundations,Mindset & Philosophy,Knowledge Notes 3,NEEDS NAME,3,20,zero,Don't Scare Customers — There's No Long-Term Money in Fear,You can share facts about what happens when a fluid fails without building your pitch around fear. There is no long-term
22d7e7a16e5d1325,Foundations,Mindset & Philosophy,Knowledge Notes 3,NEEDS NAME,3,21,zero,Every Customer Is a First-Time Customer for That Information,You have given the same presentation hundreds of times. Your customer has heard it zero. Most customers visit a service 
e56b33bde4f32f3f,Foundations,Mindset & Philosophy,Knowledge Notes 3,NEEDS NAME,3,22,zero,Going Through the Motions vs. Training the Customer,"There is a difference between processing a customer and training a customer. Processing means you take the order, comple"
ae45253cbcf93c65,Foundations,Mindset & Philosophy,Knowledge Notes 3,NEEDS NAME,3,23,zero,Offer It to Everyone — No Cherry-Picking,"Your coupons go to every customer — tall, short, big, small. Your tire quote goes to every customer — green tires and re"
531620de26f02fb3,Foundations,Mindset & Philosophy,Knowledge Notes 3,NEEDS NAME,3,24,zero,Only Sell Two Things — Yourself and Your Team,"The most focused philosophy for a service advisor is this: only sell two things all day, every day — yourself and your t"
905d1ae35bf99885,Foundations,Mindset & Philosophy,Knowledge Notes 4,NEEDS NAME,4,25,zero,We Always Want You to Do It Ethically,The old dog who has seen everything has also seen shortcuts. There is a version of this business where you push products
bbfc0cd17ca59e11,Foundations,Mindset & Philosophy,Knowledge Notes 4,NEEDS NAME,4,26,zero,The Today's Specials Framing — Never Ask If They Want to Hear,A good waiter does not ask 'would you like to hear the specials?' They say 'tonight's specials are...' and 'my personal 
ad82abf3f0c873f8,Foundations,Mindset & Philosophy,Knowledge Notes 4,NEEDS NAME,4,27,zero,Perfect Practice Makes Perfect — Not Just Practice,"Practice does not make perfect. Perfect practice makes perfect. If you rehearse a word track the wrong way every day, yo"
108e5a23e779aea6,Foundations,Mindset & Philosophy,Knowledge Notes 4,NEEDS NAME,4,28,zero,Practice?,"Remember, practice doesn't make perfect…it makes improvement.  How did you get better yesterday?"
8b345c0f3a50591a,Foundations,Mindset & Philosophy,Knowledge Notes 4,NEEDS NAME,4,29,zero,Find Your Instrument — Make the Script Your Own,Jimi Hendrix and Lady Gaga both performed the national anthem. Same song. Completely different instruments. The word tra
f5a33a02bca9fc99,Foundations,Mindset & Philosophy,Knowledge Notes 4,NEEDS NAME,4,30,zero,You Are the Guide — First and Last Point of Contact,"In a BDC, the advisor is not a junior service advisor. They are the guide to the customer's entire service experience. T"
9fb491f85c731d3b,Foundations,Mindset & Philosophy,Knowledge Notes 4,NEEDS NAME,4,31,zero,Listening vs. Waiting to Speak — They Are Not the Same,Listening requires concentration on what the other person is saying. Waiting to speak is just sitting through their word
cbce853f5170a51a,Foundations,Mindset & Philosophy,Knowledge Notes 4,NEEDS NAME,4,32,zero,Never Match Their Energy — Fight Fire With Water,"You do not fight fire with fire on an angry customer call. You fight fire with water. If they go high, you go low. If th"
ab79b49984815c6c,Foundations,Mindset & Philosophy,Knowledge Notes 5,NEEDS NAME,5,33,zero,W.I.N. — The Question That Defeats the Rut,Every rut is built from the same material: doing the same things over and over without asking whether they are the right
cb9bbbe7c66fb340,Foundations,Mindset & Philosophy,Knowledge Notes 5,NEEDS NAME,5,34,zero,What You Do Behind Closed Doors — Phelps,"Michael Phelps stood on the starting block at the World Championships, the Olympic Games, every major international comp"
5e71880387b6ca0c,Foundations,Mindset & Philosophy,Knowledge Notes 5,NEEDS NAME,5,35,zero,Stack the Small Things — Phelps,Races won by hundredths of a second are not won by one big thing. They are won by a hundred small things stacked on top 
e1ad96867644d865,Foundations,Mindset & Philosophy,Knowledge Notes 5,NEEDS NAME,5,36,zero,Preparation Only — Phelps on What Happens When You Step Up,"In 2012, Michael Phelps stepped up to the Olympic block less than fully prepared. He got the results he deserved — no po"
a8575df99de926f8,Foundations,Mindset & Philosophy,Knowledge Notes 5,NEEDS NAME,5,37,zero,What Will You Do With Time — Ray Lewis,Ray Lewis's question to the Ravens — and the one that belongs on every service manager's whiteboard — is simple: what wi
a30959c272443888,Foundations,Mindset & Philosophy,Knowledge Notes 5,NEEDS NAME,5,38,zero,Proper Preparation Prevents Poor Performances — The 5 P's,Proper preparation prevents poor performances. Five P's. Ray Lewis delivered this to professional athletes but it applie
d8f64600c5f03d53,Foundations,Mindset & Philosophy,Knowledge Notes 5,NEEDS NAME,5,39,zero,Passion Is Free — Nobody Can Charge You for It,"Passion is free. Nobody can charge you for it. Nobody can tell you what it looks like, because it is entirely yours. On "
2fff16accde39bf6,Foundations,Mindset & Philosophy,Knowledge Notes 5,NEEDS NAME,5,40,zero,Effort Is Isolated — Nobody Can Make You Run to the Ball,"Effort is the most isolated thing in existence. No coach, no manager, no system, no platform can make you offer Arctic B"
6b507b38bf53229c,Foundations,Mindset & Philosophy,Knowledge Notes 6,NEEDS NAME,6,41,zero,When You Win Real Battles — It's Found Through Fundamentals,Ray Lewis told this to a locker room full of elite professional athletes: when you finally figure out how to win real ba
73cf90e3507812d4,Foundations,Mindset & Philosophy,Knowledge Notes 6,NEEDS NAME,6,42,zero,"Three Things Every Day — Laugh, Think, Cry","Jimmy Valvano, fighting cancer and speaking at the ESPYs in 1993, offered the simplest possible framework for a full lif"
4352102e4ef41dba,Foundations,Mindset & Philosophy,Knowledge Notes 6,NEEDS NAME,6,43,zero,"Three Things That Matter — Where You Started, Where You Are, Where You're Going","Valvano said there are three things he thinks about every day: where you started, where you are, and where you're going "
b857e4b334b9c12a,Foundations,Mindset & Philosophy,Knowledge Notes 6,NEEDS NAME,6,44,zero,"Enthusiasm for Life — A Dream, a Goal, and the Willingness to Work",How do you get from where you are to where you want to be? Valvano's answer: you have to have an enthusiasm for life. A 
9e5d673c5ff32568,Foundations,Mindset & Philosophy,Knowledge Notes 6,NEEDS NAME,6,45,zero,"It Cannot Touch My Mind, My Heart, or My Soul","Jimmy Valvano, dying from cancer at 47, closed his ESPY speech with the most unconquerable line in sports history: cance"
9bfb651f994a0b0e,Foundations,Mindset & Philosophy,Knowledge Notes 6,NEEDS NAME,6,46,zero,"Carpe Diem — Seize This RO, This Customer, This Moment",Horace wrote it in 65 BC and it has never stopped being true: Carpe Diem — seize the day. Not tomorrow's opportunity. No
2f82d427e60767a6,Foundations,Mindset & Philosophy,Knowledge Notes 6,NEEDS NAME,6,47,zero,The Perfect Pitch Is Not to Get a Yes — It's to Surface the No,Most training programs are built around getting customers to say yes. The better goal — the one that actually improves p
417487230f6d69d8,Foundations,Mindset & Philosophy,Knowledge Notes 6,NEEDS NAME,6,48,zero,Success Is a Choice — Which Are You Going to Choose?,Success is not something that happens to you. It is something you choose. Every morning before an advisor walks onto the
f7110e69a72ff1fe,Foundations,Mindset & Philosophy,Knowledge Notes 7,NEEDS NAME,7,49,zero,Attitude Is the One Thing You Control Every Day,"On a service drive, a lot is outside your control. The technician's speed. The customer's budget. The DMS going down. Th"
f9b2906873eb51dc,Foundations,Mindset & Philosophy,Knowledge Notes 7,NEEDS NAME,7,50,zero,CSI Is a Mindset — Not a Checklist,Customer satisfaction is not a list of steps that produces a score. It is a mindset that asks one question at every stag
305ebab2de611f79,Foundations,Mindset & Philosophy,Knowledge Notes 7,NEEDS NAME,7,51,zero,"If You Fail to Plan, You Plan to Fail — Ben Franklin and the Packet","Ben Franklin's principle applies directly to service drive CSI. When 80% of your customers have reservations, there is n"
ae56e7e7ce296d16,Foundations,Mindset & Philosophy,Knowledge Notes 7,NEEDS NAME,7,52,zero,The Daily Affirmation Drives the Daily Performance,Mitch keeps a daily affirmation — one specific focus that shapes how he shows up for everything that day. The day he gav
e88921fac0d58ce0,Foundations,Mindset & Philosophy,Knowledge Notes 7,NEEDS NAME,7,53,zero,Prep the Last 15 Minutes of Your Day for the First Hour of the Next,The advisor who starts the day hot stays hot through lunch. The advisor who starts cold spends the first hour warming up
02db2311396fe07d,Foundations,Mindset & Philosophy,Knowledge Notes 7,NEEDS NAME,7,54,zero,End Every Day Helping Someone Where You Get Nothing in Return,"No matter how difficult the day was — no matter how many customers were difficult, how many calls went wrong, how many s"
5595c32c41a89271,Foundations,Mindset & Philosophy,Knowledge Notes 7,NEEDS NAME,7,55,zero,You Are Entitled to Nothing — The Zero Tier Truth,Nick Saban's entire coaching philosophy begins with one premise: you wake up every day entitled to nothing. Nobody owes 
95f63445aeb33988,Foundations,Mindset & Philosophy,Knowledge Notes 7,NEEDS NAME,7,56,zero,Talent Without Discipline Gets You Nothing,"You could have talent. You could have ten years of experience, a great memory for customer names, a natural gift for con"
de7bee1ae2b26296,Foundations,Mindset & Philosophy,Knowledge Notes 8,NEEDS NAME,8,57,zero,Complacency and Inattention to Detail Gets You Nothing,Complacency is the enemy of every zero tier score on the platform. The advisor at zero on a service is almost never fail
7b668fb918f31af6,Foundations,Mindset & Philosophy,Knowledge Notes 8,NEEDS NAME,8,58,zero,Build on Positive Performance — The Only Thing Worth Staying Focused On,Saban's goal is not just avoiding nothing — it is building something. Everything you do should be aimed at your best so 
3ab69ee089436e66,Foundations,Mindset & Philosophy,Knowledge Notes 8,NEEDS NAME,8,59,zero,"Be Curious, Not Judgmental","In Ted Lasso, the character delivers this line during a darts scene, crediting it to Walt Whitman — though scholars have"
eb394d3f67b1ddd3,Foundations,Mindset & Philosophy,Knowledge Notes 8,NEEDS NAME,8,60,zero,Believe — The Ted Lasso Philosophy of Unconditional Confidence,Ted Lasso is famous for one word on a yellow piece of paper taped above a locker room door: BELIEVE. The entire show is 
31329991a244bb37,Foundations,Mindset & Philosophy,Knowledge Notes 8,NEEDS NAME,8,61,zero,Taking on a Challenge Is a Lot Like Riding a Horse — Ted Lasso on Trying,Ted Lasso describes trying something difficult for the first time as like riding a horse — if you're comfortable while y
001dd1708a3ac968,Foundations,Mindset & Philosophy,Knowledge Notes 8,NEEDS NAME,8,62,zero,Goldfish Memory — The Shortest Memory on the Drive,"Ted Lasso tells his goalkeeper that a goldfish has a ten-second memory — making it the happiest animal in the world, bec"
9d4b34390a79e6e7,Foundations,Mindset & Philosophy,Knowledge Notes 8,NEEDS NAME,8,63,zero,You Can Call Me Naive — But It's Not the Worst Thing to Believe in People,Ted Lasso is called naive throughout the show for believing in players and people that others have written off. His resp
6bfd84230032a70b,Foundations,Mindset & Philosophy,Knowledge Notes 8,NEEDS NAME,8,64,zero,"Stop Selling, Start Helping — The Identity Shift That Changes Everything","Zig Ziglar's most enduring principle: stop selling, start helping. The moment a service advisor stops thinking about clo"
b4acc767e7dca9a4,Foundations,Mindset & Philosophy,Knowledge Notes 9,NEEDS NAME,9,65,zero,Help Enough People Get What They Want — The Service Advisor Application,Zig Ziglar taught that you can get everything in life you want if you help enough other people get what they want. On th
c94105842de2f2c4,Foundations,Mindset & Philosophy,Knowledge Notes 9,NEEDS NAME,9,66,zero,"Your Environment Reflects Your Standard — Clean Desk, Clear Mind","Kobe Bryant demanded excellence from himself in every environment he occupied — the gym, the film room, the locker room."
e0e14f2f34e5af3a,Foundations,Mindset & Philosophy,Knowledge Notes 9,NEEDS NAME,9,67,zero,Everybody Wants to Be Great Until They See the Invoice,Greatness has a price tag. Sleep. Comfort. Being liked by everybody. Most people love the idea of the trophy — the penet
975b1fdb133f6bf5,Foundations,Mindset & Philosophy,Knowledge Notes 9,NEEDS NAME,9,68,zero,We Love the Trophy — We Hate the Process,"We love the story of the champion but want to skip the chapters where they were overlooked, rejected, and tested. You ca"
210e140fc0ab17b9,Foundations,Mindset & Philosophy,Knowledge Notes 9,NEEDS NAME,9,69,zero,Earn It in Private — The Real Proving Ground,The real proving ground is not the busy Saturday morning or the big ticket or the customer who was going to buy anyway. 
f243928b313bdc4c,Foundations,Mindset & Philosophy,Knowledge Notes 9,NEEDS NAME,9,70,zero,Making the Down Payment on Your Dream,Every rep pushed when it does not feel worth it is a down payment on the dream. Those nights when you want to quit but s
d271524ce6d4558c,Foundations,Mindset & Philosophy,Knowledge Notes 9,NEEDS NAME,9,71,zero,You Paid It in Full — The Moment Arrives Because of the Work,When the day comes — when you finally walk into the moment you have been working toward — it will not be luck. It will n
451b0009c2cfb2af,Foundations,Mindset & Philosophy,Knowledge Notes 9,NEEDS NAME,9,72,zero,The King Still Has One More Move,A world chess champion stops at a painting in the Louvre called Checkmate. The devil is laughing. A man sits in desperat
cf964e7b1f58d1ed,Foundations,Mindset & Philosophy,Knowledge Notes 10,NEEDS NAME,10,73,zero,Normal People Don't Always See What the Expert Sees,The chess champion's observation is more than encouragement — it is a description of expertise. Normal people looking at
19e1c5624e0b80e7,Foundations,Mindset & Philosophy,Knowledge Notes 10,NEEDS NAME,10,74,zero,It Is Not an Accident — It Is a Tactic,"When a coach, manager, or leader pushes someone deliberately past their breaking point and then uses the break as eviden"
17809da3cb91ffac,Foundations,Mindset & Philosophy,Knowledge Notes 10,NEEDS NAME,10,75,zero,This Too Shall Pass — The Most Useful Four Words in Any Situation,"An ancient Persian proverb, used by kings and poets and Abraham Lincoln alike: this too shall pass. Four words that appl"
d4c132ebdba2ab51,Foundations,Mindset & Philosophy,Knowledge Notes 10,NEEDS NAME,10,76,zero,The Proverb That Defeats Complacency and Despair Simultaneously,Most motivational content is designed for one emotional state. You are down — here is something to lift you. You are up 
b2845caf07b42683,Foundations,Mindset & Philosophy,Knowledge Notes 10,NEEDS NAME,10,77,zero,I Looked in Your Cup to See If You Had Enough,I looked in your cup to see if you have enough. You looked in mine to check if I had more than you. That difference is e
c75cca28538d9a73,Foundations,Mindset & Philosophy,Knowledge Notes 10,NEEDS NAME,10,78,zero,Pay Attention to What People Measure — It Tells You Everything,The diagnostic insight in Mitch's philosophy is the last line: pay attention to what people measure. You do not have to 
3a8630ca71a32230,Foundations,Mindset & Philosophy,Knowledge Notes 10,NEEDS NAME,10,79,zero,The Five Before the Phone — A 30-Day Reset for Any Advisor at Any Level,"Five practices. Thirty days. No equipment required. No app. No cost.
  
  1. Ten minutes of silence — before stimulation"
b2fd69df7e16c904,Foundations,Mindset & Philosophy,Knowledge Notes 10,NEEDS NAME,10,80,zero,"Be Quick, But Don't Hurry — John Wooden on the Timeliness Sweet Spot",John Wooden coached UCLA to 10 national championships with one operating principle that applies directly to the service 
ce3492b5c40f45d5,Foundations,Mindset & Philosophy,Knowledge Notes 11,NEEDS NAME,11,81,zero,Train People for the Behavior You Want,"When you train customers to call you, they call you. When you train them to text you, they text you. The behavior you ge"
8601a1b62e0a49e7,Foundations,Mindset & Philosophy,Knowledge Notes 11,NEEDS NAME,11,82,zero,"The Consistency of Work — Monday Get Better, Tuesday Get Better",Monday — get better. Tuesday — get better. Wednesday — get better. You do that over a period of time. Not a few months. 
873be1a3ec5cd0f3,Foundations,Mindset & Philosophy,Knowledge Notes 11,NEEDS NAME,11,83,zero,"The Decade Mindset — Not Months, Years",Most performance improvement conversations are built around weeks and months. Quarterly targets. Monthly penetration rat
cb5fd3157e46a7fa,Foundations,Mindset & Philosophy,Knowledge Notes 11,NEEDS NAME,11,84,zero,Take the Ordinary and Make It Extraordinary,The seasoned advisor offering a tire balance is bored. They've done thousands. They barely remember which customer got w
02cb1943abb18597,Foundations,Mindset & Philosophy,Knowledge Notes 11,NEEDS NAME,11,85,zero,Do You See Your Job As a Performance?,"The question that exposes the rut-tine in about three seconds: 'Do you see your job as a performance, or are you just wa"
1d3dec0190258dc9,Foundations,Mindset & Philosophy,Knowledge Notes 11,NEEDS NAME,11,86,zero,Small Incremental Gains — 30 to 35 to 41,Elite performance is not a step change. It is a series of percentage points that compound. Mitch states the math explici
7e335b2cb46076bd,Foundations,Mindset & Philosophy,Knowledge Notes 11,NEEDS NAME,11,87,zero,The Three Different Brake Fluid Answers — Why Mitch Does This,"About ten years into his role running the Mach distributorship, Mitch got bored in the office and went out into the fiel"
f7818a21a5baa789,Foundations,Mindset & Philosophy,Knowledge Notes 11,NEEDS NAME,11,88,zero,The Six-Step Advanced Process — From Walk-Around to Close,"After the walk-around and after the video MPI, every advisor still has six structured steps to work through before the c"
c4406c8a1bfe4e5d,Foundations,Mindset & Philosophy,Knowledge Notes 12,NEEDS NAME,12,89,zero,"If You Fail to Plan, You Plan to Fail — Before You Pick Up the Phone",The plan happens before the customer ever hears a word from you. Watch the video MPI yourself before calling — a bad vid
069eb0dead414934,Foundations,Mindset & Philosophy,Knowledge Notes 12,NEEDS NAME,12,90,zero,Don't Throw Away $995 Because of $5 — The Bad Call Math,Every advisor has had this happen. A customer calls upset. The call lasts five minutes. The advisor spends the next thre
6bcda756415a0763,Foundations,Mindset & Philosophy,Knowledge Notes 12,NEEDS NAME,12,91,zero,The First Draft of Anything Is Shit — Hemingway's Permission to Start,Ernest Hemingway rewrote the first part of A Farewell to Arms at least fifty times. He wrote one page of masterpiece to 
7cdfc696e38fe368,Foundations,Mindset & Philosophy,Knowledge Notes 12,NEEDS NAME,12,92,zero,Commitment vs. Consistency — The Start and the Finish,"Denzel's two-part diagnostic separates two failure modes most advisors confuse for each other. 'Without commitment, you'"
ac7f0b27e03b43c3,Foundations,Mindset & Philosophy,Knowledge Notes 12,NEEDS NAME,12,93,zero,You're Not the Car Doctor — The Technician-to-Advisor Boundary,Former technicians moving to the service advisor desk carry a specific risk: the habit of diagnosing. They know how the 
a1909047f1ff6272,Foundations,Mindset & Philosophy,Knowledge Notes 12,NEEDS NAME,12,94,zero,"Two Ears, One Mouth — Listen Twice as Often as You Speak",A practical communication principle Mitch picked up from successful people he spent years observing: God gave you two ea
c7548d220a34e54e,Foundations,Mindset & Philosophy,Knowledge Notes 12,NEEDS NAME,12,95,zero,The Facility Is Part of the Team You Sell,Mitch's universal rule is sell two things: yourself and your team. The expansion of that rule that most advisors miss: t
cdff8879943b6530,Foundations,Mindset & Philosophy,Closing Strategies,NEEDS NAME,13,96,low,Look at Life From a Different Angle — The Old Dog Challenge,One of the most memorable images in Dead Poets Society is a teacher asking students to stand on top of their desks — not
bdd4d67fb865ef57,Foundations,Mindset & Philosophy,Closing Strategies,NEEDS NAME,13,97,low,What Will Your Verse Be? — Walt Whitman and the Service Drive,"Walt Whitman asked in his poem 'O Me! O Life!': what good amid these, O me, O life? And answered: that the powerful play"
0761dc42e1330da9,Foundations,Mindset & Philosophy,Closing Strategies,NEEDS NAME,13,98,low,Make Your Life Extraordinary — The Standard on the Drive,"The challenge at the heart of Dead Poets Society is not to do what is expected, but to make life extraordinary. Not adeq"
f9f54c215d1dc924,Foundations,Mindset & Philosophy,Closing Strategies,NEEDS NAME,13,99,low,The Customer Cup — Are You Measuring What They Need or What the Ticket Produces?,"The same principle applies inside every customer interaction. When a service advisor pulls up an RO, there are two possi"
958abc7c175c215e,Foundations,Mindset & Philosophy,Closing Strategies,NEEDS NAME,13,100,low,Make Work Fun — The Sheep Principle Done with Humor,The sheep principle — training customers to do what you say do — is already in the library. The class adds the nuance th
a39d1918f52a0c5c,Foundations,Mindset & Philosophy,Closing Strategies,NEEDS NAME,13,101,low,"Your One Word Comes From Your Gaps, Not Your Strengths",The insight most advisors miss about the ONE Word exercise: your word is not something you chose because you already hav
acc51e3e2bcf1b19,Foundations,Mindset & Philosophy,Closing Strategies,NEEDS NAME,13,102,low,"The Bad Day Diagnostic — When You're Flat, Ask Why Honestly","Every advisor has flat days — stretches where production is down, energy is gone, customers are hard, and nothing seems "
024c737981eec10f,Foundations,Mindset & Philosophy,Closing Strategies,NEEDS NAME,13,103,low,The Next Person Gets Your Best — The Barista Recovery Move,Mitch's bad day recovery is not complicated and not theoretical. He names it explicitly: 'I vow that the next person tha
d954348783b01bc2,Foundations,Objection Handling,Knowledge Notes 1,NEEDS NAME,1,1,zero,No Is Not an Objection,"No is not an objection. No is the answer to a poorly phrased sales question. An objection is 'I don't have the money,' '"
bffbbf710d0ecc39,Foundations,Objection Handling,Knowledge Notes 1,NEEDS NAME,1,2,zero,The Warranty Objection Handle,"When a customer says no after the full pitch, this is the bridge: 'Money is always a concern, but I wouldn't be doing my"
98ef001c74e2db41,Foundations,Objection Handling,Knowledge Notes 1,NEEDS NAME,1,3,zero,The Decision Maker Objection — Information Overload Close,"When a customer says 'I need to check with my wife / husband / partner,' do not ask 'Is there anything I can do to make "
1692dd3f4c6b9607,Foundations,Objection Handling,Knowledge Notes 1,NEEDS NAME,1,4,zero,The Competitor Objection — Never Tear Them Down,"When a customer says 'I always take it to Terry's brake shop,' never disparage the competitor. You do not get any taller"
ca70514ec8139e72,Foundations,Objection Handling,Knowledge Notes 1,NEEDS NAME,1,5,zero,"The Time Objection — Shuttle, Uber, or Voucher","When a customer says 'I have to leave — I've got my daughter's recital at noon,' your answer is not 'come back next time"
1f04b412d51999f0,Foundations,Objection Handling,Knowledge Notes 1,NEEDS NAME,1,6,zero,The Trade-In Objection — Appraisal Value Close,"When a customer says 'I am probably going to trade this in around Christmas,' the response is not 'okay, I understand.' "
d0f1792d7e7b3a37,Foundations,Objection Handling,Knowledge Notes 1,NEEDS NAME,1,7,zero,The Money Objection — Sunbit Before They Finish the Sentence,"When a customer says 'I was not expecting that today' or 'I just do not have that right now,' Sunbit is your response. S"
6722959e3aa46412,Foundations,Objection Handling,Knowledge Notes 1,NEEDS NAME,1,8,zero,"The Takeaway Close — If Not Here, Go Somewhere","This is a senior-level technique for high-dollar repairs like a $2,000 BMW brake job. When the customer hesitates, say: "
384ddc7e61dd6186,Foundations,Objection Handling,Knowledge Notes 2,NEEDS NAME,2,9,zero,Never Call the Spouse — No Matter What,"When a customer needs to check with their spouse, do not offer to call them yourself. Do not ask for the spouse's number"
3e9ca0c00d9ce047,Foundations,Objection Handling,Knowledge Notes 2,NEEDS NAME,2,10,zero,Track Every No — Write Down Why Customers Say No,A perfect sales call does not have to end with a sale — as long as you learn something about why the customer said no. S
e32ea827219bde97,Foundations,Objection Handling,Knowledge Notes 2,NEEDS NAME,2,11,zero,The Four Objection Categories — Have a Response Ready for Each,Every customer objection falls into one of four categories and each has a specific playbook. MONEY: come back with value
953069f102830a23,Foundations,Objection Handling,Knowledge Notes 2,NEEDS NAME,2,12,zero,Introduce Sunbit at Write-Up — Not After the No,"Do not wait for a customer to say 'I can't afford that' before you mention financing. By then, the no is already forming"
73ec0159322988ba,Foundations,Objection Handling,Knowledge Notes 2,NEEDS NAME,2,13,zero,Angry Customer on the Phone — Lower Your Voice,"When a customer raises their voice, your instinct is to match their energy or over-explain. Do neither. Lower your voice"
19e54fea3559dd07,Foundations,Objection Handling,Knowledge Notes 2,NEEDS NAME,2,14,zero,Listen for Trigger Moments — Redirect Before the Eruption,A trigger moment is the specific phrase or situation that signals a customer is about to escalate. 'I wanna speak to my 
355cafb18985c707,Foundations,Objection Handling,Knowledge Notes 2,NEEDS NAME,2,15,zero,I Wouldn't Be Doing My Job If...' — The Effort Redirect,"When a customer pushes back and you need to demonstrate effort without surrendering on the recommendation, use: 'I would"
6f32f6d6fa3667b2,Foundations,Objection Handling,Knowledge Notes 2,NEEDS NAME,2,16,zero,The 5-Step De-Escalation Flow — For Angry Callers,Step 1 — ACKNOWLEDGE AND VALIDATE: 'I can hear how frustrating this has been.' 'I understand why you're upset.' Let them
9bc4bfbd5dc414f4,Foundations,Objection Handling,Knowledge Notes 3,NEEDS NAME,3,17,zero,"Validate First, Solve Second — The Sequence That Prevents Escalation",The most common mistake in de-escalation is trying to fix the problem before the customer feels heard. The moment you st
8f2ab822d6ac219d,Foundations,Objection Handling,Knowledge Notes 3,NEEDS NAME,3,18,zero,Own the Call — Fall on the Sword for the Team,"When a customer is upset about something a technician, a service advisor, or the dealership did — even when it is not yo"
5af0890ecdec33c6,Foundations,Objection Handling,Knowledge Notes 3,NEEDS NAME,3,19,zero,Interrupt the Negative Momentum — 'May I Jump In for a Moment?',"When a customer is spiraling — you have validated them, you have understood them, and they are still escalating — you ne"
3a362dbc7b6cff84,Foundations,Objection Handling,Knowledge Notes 3,NEEDS NAME,3,20,zero,Clarifying Questions — Find the Origin and the Desired Outcome,"After validation and ownership, ask one of two clarifying questions to gather what you need to actually solve the proble"
c16ff56eaa10417e,Foundations,Objection Handling,Knowledge Notes 3,NEEDS NAME,3,21,zero,Close the Loop — Create an Action Item With a Specific Time,"After de-escalating and identifying next steps, close the loop with a specific commitment: 'I will follow up with you by"
875ba8149b44dcc9,Foundations,Objection Handling,Knowledge Notes 3,NEEDS NAME,3,22,zero,I Want to Do a Reset' — For Customers With Multiple Bad Experiences,"When a customer has had several negative experiences and is beyond the standard de-escalation, try a reset: 'I understan"
e4c3b2bb104e9418,Foundations,Objection Handling,Knowledge Notes 3,NEEDS NAME,3,23,zero,Empathy Without Agreeing With the Facts,When a customer is upset and they believe the dealership or a specific person is at fault — whether or not that is true 
6bc1904d94298537,Foundations,Objection Handling,Knowledge Notes 3,NEEDS NAME,3,24,zero,Send Them Away Ethically — The Trust Move That Closes,"After two sincere attempts on a service the customer genuinely needs, the counterintuitive move earns more credibility t"
45152fa88db2b790,Foundations,Objection Handling,Knowledge Notes 4,NEEDS NAME,4,25,zero,Say the Number Out Loud — Acknowledge Sticker Shock Before Pivoting,"When the total hits $900 or $5,000 or anything that will make a customer pause, the fastest path through the moment is n"
69282e3a0dbad871,Foundations,Objection Handling,Knowledge Notes 4,NEEDS NAME,4,26,zero,Sunbit Builds Credit — The Third Benefit Advisors Are Missing,Sunbit is already in the platform as a write-up offer. The specific benefit most advisors leave on the table: 90 days sa
cbd720dda7c37c1f,Foundations,Objection Handling,Knowledge Notes 4,NEEDS NAME,4,27,zero,Bad Video Recovery — Fall on Your Sword,"The video multi-point inspection is supposed to be the closer. When it lands well — clean lighting, calm voice, clear ex"
30bb1a035718d323,Foundations,Objection Handling,Closing Strategies,NEEDS NAME,5,28,low,Before You Say No,Use the phrase 'before you say no' as a bridge into the warranty handle. It is disarming. It signals to the customer tha
76cfc0220666138c,Foundations,Objection Handling,Closing Strategies,NEEDS NAME,5,29,low,My Fluid Looks Fine — The Burnt Not Dirty Comeback,A frequent customer objection on fluid exchange recommendations: 'But my fluid looks fine. Why should I pay to replace s
9e418e25eebd101f,Foundations,Six-Step Advanced Selling,Knowledge Notes 1,NEEDS NAME,1,1,zero,The Six-Step Process — Overview,"After the walk-around and after the video MPI is sent, every advisor still has six structured steps to work through befo"
ff18260430915eb2,Foundations,Six-Step Advanced Selling,Knowledge Notes 1,NEEDS NAME,1,2,zero,The Six-Step Process — Plan,Plan is everything that happens before the customer ever hears your voice. Watch the video MPI yourself first. Look for 
f1b7c0ab2b6de93d,Foundations,Six-Step Advanced Selling,Knowledge Notes 1,NEEDS NAME,1,3,zero,The Six-Step Process — Pitch,"The pitch starts with thank you. Not as a phrase, as a habit — say thank you 40 times a day and mean every one. Then ref"
d2f39dccae567d0b,Foundations,Six-Step Advanced Selling,Knowledge Notes 1,NEEDS NAME,1,4,zero,The Six-Step Process — Feature,A feature is what a service or part does TO the vehicle. Be specific and confident. For a brake job: we're taking off yo
fe7051bf894f92a8,Foundations,Six-Step Advanced Selling,Knowledge Notes 1,NEEDS NAME,1,5,zero,The Six-Step Process — Benefit,A benefit is what a part or service does FOR the customer. The brake pads aren't the benefit — the SHORTER STOPPING DIST
3cf743d614742a14,Foundations,Six-Step Advanced Selling,Knowledge Notes 1,NEEDS NAME,1,6,zero,The Six-Step Process — Common Objection,"Before you call, predict the no. Why might THIS customer say no to THIS recommendation? The four most common: money, tim"
c6a486b8aa384fd9,Foundations,Six-Step Advanced Selling,Knowledge Notes 1,NEEDS NAME,1,7,zero,The Six-Step Process — Overcoming Objections,Never give up after the first no. Always give up after the second. The first no is often a habit response — the customer
0cd6ba2cc45ed459,Foundations,Six-Step Advanced Selling,Knowledge Notes 1,NEEDS NAME,1,8,zero,"If You Fail to Plan, You Plan to Fail",Every step matters. Every step has its own coaching. But the meta-principle is preparation: do the work before you pick 
20c7f2f71c99f75c,Foundations,Six-Step Advanced Selling,Knowledge Notes 2,NEEDS NAME,2,9,zero,Piggyback Sales — What the Tech Missed,"During the planning step, look for piggyback sales the technician may not have written up. Engine air filter pairs with "
8e3c9a16831e1fc7,Foundations,Six-Step Advanced Selling,Knowledge Notes 2,NEEDS NAME,2,10,zero,Send Sunbit Preemptively — Before the Call,Most advisors only mention Sunbit AFTER a customer says they can't afford the service. Mitch's elevation: send the Sunbi
396d90aca8cfdca9,Foundations,Six-Step Advanced Selling,Knowledge Notes 2,NEEDS NAME,2,11,zero,Watch the Video MPI Before You Call,A bad video can scare a customer off faster than a good video can reel them in. Always watch the video before calling. I
04cac4662853bdb1,Foundations,Six-Step Advanced Selling,Knowledge Notes 2,NEEDS NAME,2,12,zero,Sell Yourself and Your Team — Everything Else Is Just an Offering,"The only two things you are selling all day are yourself and your team. Brakes, fluids, filters — those are not sales, t"
d8bb1f3ea8230039,Foundations,Six-Step Advanced Selling,Knowledge Notes 2,NEEDS NAME,2,13,zero,Repeat the Mileage During the Pitch,Say the customer's mileage out loud at the start of the pitch. The customer almost always knew the number was around the
24225f3ecfe2c544,Foundations,Six-Step Advanced Selling,Knowledge Notes 2,NEEDS NAME,2,14,zero,Transference of Power — Hand Them Something,"During an in-person pitch, the advisor holds all the power. Customer's car is in the shop. Keys are at the desk. They ar"
6b17ddbe20fc0e4b,Foundations,Six-Step Advanced Selling,Knowledge Notes 2,NEEDS NAME,2,15,zero,"The Universal Fluid Feature — Out With the Old, In With the New",Every fluid exchange has the same feature. We're getting rid of your old broken-down fluid and replacing it with brand n
992c40908347a39d,Foundations,Six-Step Advanced Selling,Knowledge Notes 2,NEEDS NAME,2,16,zero,Don't Say OEM — Say the Brand Name,"OEM is jargon. Customers don't know what it means. When an advisor says 'OEM parts,' nothing converts to a reason to say"
03417b4180a3f12f,Foundations,Six-Step Advanced Selling,Knowledge Notes 3,NEEDS NAME,3,17,zero,The Three Universal Benefits of Every Fluid Exchange,"Every fluid exchange has the same three benefits. Memorize once and use across coolant, transmission, brake, power steer"
01e123e0bc9bded2,Foundations,Six-Step Advanced Selling,Knowledge Notes 3,NEEDS NAME,3,18,zero,If Left Ignored — The Honest Negative,Sometimes a customer needs to hear what happens if they don't do the service. The right phrase is 'if left ignored.' If 
dd9a3941153f3ad9,Foundations,Six-Step Advanced Selling,Knowledge Notes 3,NEEDS NAME,3,19,zero,Money — Is This Budget or Cash Flow?,"When the customer says they don't have the money, surface the real objection. 'Is this a budget issue or a cash flow iss"
6a1b8de986849409,Foundations,Six-Step Advanced Selling,Knowledge Notes 3,NEEDS NAME,3,20,zero,Time — Make It Convenient or Urgent,"When the customer says they don't have time, two responses. Make it CONVENIENT: shuttle, Uber, rental car as last resort"
7e11ea31553a49ed,Foundations,Six-Step Advanced Selling,Knowledge Notes 3,NEEDS NAME,3,21,zero,Cheaper Elsewhere — This Isn't a Discount Brake Job,"When the customer says they can do it for less at Just Brakes or Discount Tire, two things to remember. First: don't rip"
5fff7359008d7c83,Foundations,Six-Step Advanced Selling,Knowledge Notes 3,NEEDS NAME,3,22,zero,Don't See the Value — Are You Familiar With What This Does?,"When the customer hesitates because they don't understand the service, stop pitching and start asking. 'Are you familiar"
a8c26fc89ba3e5bf,Foundations,Six-Step Advanced Selling,Knowledge Notes 3,NEEDS NAME,3,23,zero,Wouldn't Be Doing My Job — The Bridge to the Second Attempt,"Between the first no and the second attempt, the bridge phrase is 'I wouldn't be doing my job if I didn't share with you"
acafcb7f67cd4447,Foundations,Six-Step Advanced Selling,Knowledge Notes 3,NEEDS NAME,3,24,zero,By Taking Advantage / By Handling / By Letting Us — Match the Customer,"The universal close has three variants based on customer type. Read them in the first 30 seconds and pick the verb.
  
B"
65b6c78e07c91a20,Foundations,Six-Step Advanced Selling,Knowledge Notes 4,NEEDS NAME,4,25,zero,Set the Next Appointment — Don't Let a No Become a Loss,"After the second no, set up the next visit. Not at 5,000 miles. Not at the next sticker reminder. Sooner. 'Let's plan to"
1cd870d7ba3150a8,Foundations,Six-Step Advanced Selling,Knowledge Notes 4,NEEDS NAME,4,26,zero,VIDEO 0 — OVERVIEW,All Six Steps in 90 Seconds. Sets up the series and explains why each step matters.
290b46cbcf97a7ba,Foundations,Six-Step Advanced Selling,Knowledge Notes 4,NEEDS NAME,4,27,zero,VIDEO 1 — PLAN,"Pre-call checklist. Watch the video, identify piggybacks, send Sunbit preemptively, prepare what to hand."
c0621749a0f9dca8,Foundations,Six-Step Advanced Selling,Knowledge Notes 4,NEEDS NAME,4,28,zero,VIDEO 2 — PITCH,"Conversational opening. Thank you, history, mileage, sell your team. Two greens before any red."
00f5f4db296467bd,Foundations,Six-Step Advanced Selling,Knowledge Notes 4,NEEDS NAME,4,29,zero,VIDEO 3 — FEATURES,"Out with the old, in with the new. Don't say OEM, say the brand name. Don't say MOC, say what we're doing."
6ee8d1f9f66f785a,Foundations,Six-Step Advanced Selling,Knowledge Notes 4,NEEDS NAME,4,30,zero,VIDEO 4 — BENEFITS,"Reward action, don't punish inaction. Pitch the positive first. Three universal benefits of every fluid."
172a338976f4f284,Foundations,Six-Step Advanced Selling,Knowledge Notes 4,NEEDS NAME,4,31,zero,VIDEO 5 — COMMON OBJECTIONS,"Money, time, cheaper elsewhere, don't see the value. Anticipate before they speak."
692fd665e6ff3743,Foundations,Six-Step Advanced Selling,Knowledge Notes 4,NEEDS NAME,4,32,zero,VIDEO 6 — OVERCOMING,Two attempts max. Wouldn't be doing my job. Match the customer's verb. Set the next appointment.
3c420c07c08accf6,Foundations,Start Here,Accountability,OK,1,1,zero,Accountability,Offer everything that a customer needs and nothing they do not. A zero on any op code means a customer left without bein
ec9b66f82023d883,Foundations,Start Here,Accountability,OK,1,2,zero,Accountability,"If you have not sold a single unit of this service all week, ask yourself one honest question: Have I actually offered i"
8e72f485ea05facc,Foundations,Start Here,Accountability,OK,1,3,zero,Accountability,"Hope is not a strategy. Zero sales on this item is not bad luck — it is a reflection of what was offered. A new month, a"
5379c8e4956ff8d7,Foundations,Start Here,Accountability,OK,1,4,zero,Accountability,Are you a main line advisor who feels these smaller services are beneath you? Every member of the team must be a One Sto
e4fb46500e964f92,Foundations,Start Here,Knowledge Notes 1,NEEDS NAME,2,5,zero,Walk-Around,A zero on wiper blades almost always means the walk-around is not happening with the customer present. When an advisor l
cfdb40bca0693034,Foundations,Start Here,Knowledge Notes 1,NEEDS NAME,2,6,zero,MPI Process,"A zero on filter sales often means the MPI result is not getting back quickly enough, or the filter is not being shown t"
7ae9ef158a4c3b6f,Foundations,Start Here,Knowledge Notes 1,NEEDS NAME,2,7,zero,Attitude,Consistent action creates consistent results. A zero today is yesterday's decision not to offer. Make one different deci
e3acd957c523129c,Foundations,Start Here,Knowledge Notes 1,NEEDS NAME,2,8,zero,Attitude,"Are you are showing every customer the best version of yourself? Today, put your best foot forward on every single vehic"
ff6af1908b14ec78,Foundations,Start Here,Knowledge Notes 1,NEEDS NAME,2,9,zero,Battery / Electrical,Are you testing every battery over three years old? Merely asking this question out loud to yourself will probably be th
8150487530b726eb,Foundations,Start Here,Knowledge Notes 1,NEEDS NAME,2,10,zero,Tires,Two simple words can immediately boost your tire balance sales: every time a customer says they are here for an oil chan
5eb992558d690eb4,Foundations,Start Here,Knowledge Notes 1,NEEDS NAME,2,11,zero,Mindset,"""You get up every day entitled to nothing. Nobody owes you nothing."" — Coach Nick Saban"
fddd118abb6669fe,Foundations,Start Here,Knowledge Notes 1,NEEDS NAME,2,12,zero,Mindset,"""You could have talent, but without discipline and execution — nothing."" — Coach Nick Saban"
62ec70fa94584cf2,Foundations,Start Here,Knowledge Notes 2,NEEDS NAME,3,13,zero,Effort,"""Complacency and inattention to detail gets you nothing."" — Coach Nick Saban. The road from low performing to Elite take"
982218520bbfab51,Foundations,Start Here,Closing Strategies 1,NEEDS NAME,4,14,low,Objection — Budget,"When a customer says it's not in their budget: ""I understand that this item wasn't in your budget; however, if left igno"
cfd7a2d44d62c046,Foundations,Start Here,Closing Strategies 1,NEEDS NAME,4,15,low,Objection — Budget,"Discover the real objection: ""Is this a budget issue or a cash flow issue?"" Budget means you can offer a less expensive "
10e766a9a6ba20bc,Foundations,Start Here,Closing Strategies 1,NEEDS NAME,4,16,low,Objection — Waiting,"""I wouldn't be doing my job if I didn't share this with you."" Use this phrase before presenting any service recommendati"
13f372608ea68e9c,Foundations,Start Here,Closing Strategies 1,NEEDS NAME,4,17,low,Objection — Timing,"""By taking advantage of this TODAY, you qualify for..."" Use the word TODAY to create urgency. The service is right in fr"
418da194122d59b4,Foundations,Start Here,Closing Strategies 1,NEEDS NAME,4,18,low,Empathy,"""Let me share something with you."" Use this phrase when a customer does not seem to understand what you are offering. Sp"
ce0c562ee885c345,Foundations,Start Here,Closing Strategies 1,NEEDS NAME,4,19,low,Owner's Manual Objection,"""Based upon this inspection, my certified technician recommends..."" The word inspection is in every owner's manual. Use "
28cb78ed3acb7dd0,Foundations,Start Here,Closing Strategies 1,NEEDS NAME,4,20,low,Pitch the Positive,Always pitch the positive first. By sharing what the service will do for performance before mentioning what could go wro
47c90a4dc5b928ec,Foundations,Start Here,Closing Strategies 1,NEEDS NAME,4,21,low,Spouse / Decision Maker,"""I understand — two heads are often better than one. Let me share with both of you this: by taking advantage of this tod"
0c5848b167b2601e,Foundations,Start Here,Closing Strategies 2,NEEDS NAME,5,22,low,Word Track — Alignment,"""Mr. Customer, we are not GUESSING that you need an alignment. This machine is precise and doing this service will prote"
e85fe0b49bc9a6e0,Foundations,Start Here,Closing Strategies 2,NEEDS NAME,5,23,low,Word Track — Filters,"""Your filter HAS DONE ITS JOB and it is time to replace it with a brand new one made specifically for your vehicle."" Sho"
70492c9043e692d4,Foundations,Start Here,Closing Strategies 2,NEEDS NAME,5,24,low,Active Listening,Listening is not understanding the words of the question asked — it is understanding WHY the question was asked in the f
7d3b535d9d18b703,Foundations,Start Here,Closing Strategies 2,NEEDS NAME,5,25,low,Positive Language,Replace 'price' with 'investment'. Replace 'cheap' with 'affordable option'. Replace 'cost' with 'value'. The words you 
b9e666f036d7063c,Foundations,The 4-Step Close,Knowledge Notes 1,NEEDS NAME,1,1,zero,The Universal 4-Step Close,Four things. Every single time. No matter what you are pitching or who you are pitching it to.                          
3edad09a44a3f9a3,Foundations,The 4-Step Close,Knowledge Notes 1,NEEDS NAME,1,2,zero,Give the Clock Time — Not the Minutes,Studies have shown that people are three times more anxious when waiting on a number of minutes than a specific time on 
291464de0758fad4,Foundations,The 4-Step Close,Knowledge Notes 1,NEEDS NAME,1,3,zero,Be Specific with the Total,Always be as specific as you can with money. Do not say about $400. Do not say around $380. Say $385.96. A specific numb
eb0986722c6df1f6,Foundations,The 4-Step Close,Knowledge Notes 1,NEEDS NAME,1,4,zero,Assume the Sale — Never Ask for It,Never end your presentation with a question like 'Do you want that today?' or 'How does that sound?' or 'May we proceed?
a0df2fc403bb0544,Foundations,The 4-Step Close,Knowledge Notes 1,NEEDS NAME,1,5,zero,Practice the Close Outside Before You Use It Inside,At first the four-step close is going to be clunky. Practice it outside where you are not in front of your peers and you
f113b410204dd6dc,Foundations,The 4-Step Close,Knowledge Notes 1,NEEDS NAME,1,6,zero,Step 1 — WHAT: Name the Service With Confidence,The first word of the close sets everything. 'You need a four-wheel alignment.' Not 'your technician says you might want
e9b65cc5877177cd,Foundations,The 4-Step Close,Knowledge Notes 1,NEEDS NAME,1,7,zero,"Step 2 — HOW MUCH: The Total Investment, Not the Cost",The second step is the number. Say it completely and immediately — do not make the customer ask. 'The total investment f
d8f345aa701b0935,Foundations,The 4-Step Close,Knowledge Notes 1,NEEDS NAME,1,8,zero,"Step 3 — CLOCK TIME: A Specific Time, Not a Number of Minutes","The third step is the completion time — and it must be a specific time on the clock, never a duration. Not 'about an hou"
70c5d1fbe35aa023,Foundations,The 4-Step Close,Knowledge Notes 2,NEEDS NAME,2,9,zero,Step 4 — AUTHORIZATION: All I Need Is Your Authorization,The close is not a question. It is a step. 'All I need is your authorization.' Not 'so do you want to go ahead and do th
65d9a6d11f4ebcbb,Foundations,The 4-Step Close,Knowledge Notes 2,NEEDS NAME,2,10,zero,The Complete Close — All Four Steps in One Breath,Practice the four-step close as a single fluid sentence until it requires no thought: 'You need a four-wheel alignment —
888c92a0b9e47c15,Foundations,The 4-Step Close,Knowledge Notes 2,NEEDS NAME,2,11,zero,When They Push Back — Which Step Did They Object To?,Every objection to a recommendation is an objection to one specific step in the four-step close. 'I can't afford that ri
5e610c3443ec4ed4,Foundations,The 4-Step Close,Knowledge Notes 2,NEEDS NAME,2,12,zero,Don't Skip Steps — The Close Only Works Complete,The four-step close fails in predictable ways when steps are skipped. Advisors who skip step two (the investment) get cu
1c3c5f82722a4d5f,Foundations,The 4-Step Close,Knowledge Notes 2,NEEDS NAME,2,13,zero,"Offer Sunbit at Step Two — Before the Objection, Not After",The most common mistake with financing options is introducing them reactively — after the customer says they cannot affo
08d1ff651487c317,Foundations,The MOC Warranty Program,Knowledge Notes 1,NEEDS NAME,1,1,zero,Warranty Anchor,"30,000 miles of ""assistance"" if you are pitching transmission services.  Coverage is a bad word because 4K won't ""cover"""
9fb4ae132f635ff5,Foundations,The MOC Warranty Program,Knowledge Notes 1,NEEDS NAME,1,2,zero,Warranty Bridge,OE ends. Chemical warranty begins. Bridge the customer to protection.  From the OE warranty to YOUR warranty
809b424acb6b8bc5,Foundations,The MOC Warranty Program,Knowledge Notes 1,NEEDS NAME,1,3,zero,What's Covered,Component-specific coverage. Know the terms before you sell the pitch.  Join a training class!
43b1763125ac442f,Foundations,The MOC Warranty Program,Knowledge Notes 1,NEEDS NAME,1,4,zero,What's Not Covered,"Remember, fleet vehicles are NOT covered by the chemical warranty.  It is all about what name is on the RO."
e18388fa455f19a0,Foundations,The MOC Warranty Program,Knowledge Notes 1,NEEDS NAME,1,5,zero,Chemical Warranty,"Vehicles must be 10 years old or newer to get on coverage.  Once they have coverage, they can be on the program for ever"
bde44efb32cbb4d8,Foundations,The MOC Warranty Program,Knowledge Notes 1,NEEDS NAME,1,6,zero,Documentation,"Document every service. That's the warranty backbone.  Original RO, Current RO, Estimate, Final RO."
1374d12f7a66b454,Foundations,The MOC Warranty Program,Knowledge Notes 1,NEEDS NAME,1,7,zero,Claim Process,Chemical company handles the claim. Advisor documents. Customer benefits.
23a3e9817dddf227,Foundations,The MOC Warranty Program,Knowledge Notes 1,NEEDS NAME,1,8,zero,Bundle Warranty,"Bundled services = bundled warranty. Sell the ongoing program.  When presenting a menu, calculate the warranty on each p"
e5616cd690485c5c,Foundations,The MOC Warranty Program,Knowledge Notes 2,NEEDS NAME,2,9,zero,"Sell Protection, Not Maintenance","We want to transition customers from the factory warranty, to YOUR warranty."
9b47aa9e0c2d43d0,Foundations,The MOC Warranty Program,Knowledge Notes 2,NEEDS NAME,2,10,zero,Time-Based Coverage,"No time limit on chemical warranties, just 30,000 miles."
38807632f4c37842,Foundations,The MOC Warranty Program,Knowledge Notes 2,NEEDS NAME,2,11,zero,Mileage-Based Coverage,Warranty is mileage-limited. Remind customers of the coverage during active delivery.
5ce3690683319477,Foundations,The MOC Warranty Program,Knowledge Notes 2,NEEDS NAME,2,12,zero,Warranty Renewal,Every service = renewed protection. Sell the ongoing relationship.  A good tip is:  Use a maintenance reminder system to
568cc53f67a1c917,Foundations,The MOC Warranty Program,Closing Strategies 1,NEEDS NAME,3,13,low,"The MOC Products Limited Warranty is a vehicle protection program backed by MOC Products Company, Inc. (12306 Montague St., Pacoima CA 91331; 800-928-9880; mocwarranty.com). It is ","Foundational customer education. The warranty is a real, documented industry program — not a marketing claim. Customers "
a6c3e050cfa0ba2a,Foundations,The MOC Warranty Program,Closing Strategies 1,NEEDS NAME,3,14,low,"TO QUALIFY: Vehicle must be (1) less than 100,000 miles on the odometer, (2) less than 10 years old as of January 1st of the model year, (3) maintained per the manufacturer's recom",Eligibility-gate fact every advisor needs at the top. Customers driving over 100K or older than 10 years aren't eligible
d3cc7389377f7b95,Foundations,The MOC Warranty Program,Closing Strategies 1,NEEDS NAME,3,15,low,"TO MAINTAIN BENEFITS: Engine service every 10,000 miles. Fuel service every 15,000 miles. All other covered services (Auto Trans, Manual Trans, Power Steering, Cooling, Driveline, ",Cadence-and-discipline fact. The 10K/15K/30K cadence aligns the warranty with realistic service intervals. The 'no DIY' 
08914d4e703e5dcd,Foundations,The MOC Warranty Program,Closing Strategies 1,NEEDS NAME,3,16,low,"WAITING PERIOD: Vehicle protection becomes effective only after 60 days OR 750 miles (1,200 km), whichever occurs LAST. Coverage isn't immediate — there's a built-in waiting period",Honest-disclosure fact every advisor must surface up front. Telling a customer 'the warranty kicks in after 60 days or 7
95d0b0fd2385c46c,Foundations,The MOC Warranty Program,Closing Strategies 1,NEEDS NAME,3,17,low,"COVERAGE LIMITS: Up to $4,000 protection per covered system. The dollar limit is REDUCED TO $2,000 if the initial product installation occurs between 50,001-100,000 miles (versus t","Strategic-cadence fact. The $4,000 vs $2,000 split by initial-installation mileage creates real urgency for customers ap"
327a1617e7c7d489,Foundations,The MOC Warranty Program,Closing Strategies 1,NEEDS NAME,3,18,low,"REPAIR PROCEDURE: If a covered failure occurs, the customer or shop must contact MOC Warranty Department at 800-928-9880 BEFORE any repair work begins. No repairs are reimbursed un",Procedural-discipline fact every advisor needs. The 'authorize before repair' rule is the single most-missed step that v
5810f159ed3e3b43,Foundations,The MOC Warranty Program,Closing Strategies 1,NEEDS NAME,3,19,low,WHAT'S COVERED: Repair or replacement of specifically-listed lubricated parts within each covered system that fail due to abnormal wear or corrosion. Each system has a specific lis,"Real-coverage-mechanic fact. The warranty pays at flat-rate-book-times-shop-rate, with documented part costs up to 20% m"
cc53dc84c2bbaa31,Foundations,The MOC Warranty Program,Closing Strategies 1,NEEDS NAME,3,20,low,"WHAT'S NOT COVERED (Universal Exclusions): Commercial use (taxi, fleet, delivery, rental, police, off-road, racing, snow removal, construction); vehicles for towing without factory","Honest-disclosure protection. Customers who use their vehicle for any commercial purpose (Uber, Lyft, DoorDash, Amazon F"
7c273676a814fa55,Foundations,The MOC Warranty Program,Closing Strategies 2,NEEDS NAME,4,21,low,EFL-046  ·  ENGINE SYSTEM,"Up to $4,000 protection for 10,000 miles. Covers lubricated engine parts: pistons and rings; timing CHAINS (NOT belts); "
ebd001f98b5b1309,Foundations,The MOC Warranty Program,Closing Strategies 2,NEEDS NAME,4,22,low,FSC-017  ·  FUEL SYSTEM,"Up to $4,000 protection for 15,000 miles. Covers gasoline AND diesel: fuel injection pump, mechanical fuel pumps, PCV va"
1cd92fd1a4be0e23,Foundations,The MOC Warranty Program,Closing Strategies 2,NEEDS NAME,4,23,low,"TRF-011  ·  AUTO TRANSMISSION (incl. CVT, DSG/DCT)","Up to $4,000 protection for 30,000 miles. Covers lubricated parts within auto transmission housing/casing damaged by an "
fe92b261ac339787,Foundations,The MOC Warranty Program,Closing Strategies 2,NEEDS NAME,4,24,low,BFF-012  ·  BRAKE SYSTEM,"Up to $4,000 protection for 30,000 miles. Covers lubricated parts within metering, proportioning, and combination valves"
292972c72f769ae4,Foundations,The MOC Warranty Program,Closing Strategies 2,NEEDS NAME,4,25,low,PSF-013  ·  POWER STEERING,"Up to $4,000 protection for 30,000 miles. Covers lubricated parts within power-steering pump, gearbox, and rack and pini"
6bc3be6e945a5938,Foundations,The MOC Warranty Program,Closing Strategies 2,NEEDS NAME,4,26,low,CLF-010  ·  COOLING SYSTEM,"Up to $4,000 protection for 30,000 miles. Covers radiator, heater core, expansion (freeze) plugs, and water pump for los"
a0c26f9ef29e20ee,Foundations,The MOC Warranty Program,Closing Strategies 2,NEEDS NAME,4,27,low,DFF-014 + TCF-015  ·  DRIVELINE (Differential + Transfer Case),"Up to $4,000 protection for 30,000 miles. Covers lubricated parts contained within differential housing, transfer case, "
0e3eefeb5454d3b0,Foundations,The MOC Warranty Program,Closing Strategies 2,NEEDS NAME,4,28,low,MANUAL TRANSMISSION  (no dedicated op code — falls under TRF-011 family),"Up to $4,000 protection for 30,000 miles. Covers lubricated parts within manual transmission housing/casing."
90bc9ed87067a2cb,Foundations,The MOC Warranty Program,Closing Strategies 3,NEEDS NAME,5,29,low,LOW TIER (1-9% — Word Track),"'You're going to do the MOC service anyway. Did you know it includes a 15,000-mile warranty backed by MOC Products? That"
404a4e39c4b21d91,Foundations,The MOC Warranty Program,Closing Strategies 3,NEEDS NAME,5,30,low,LOW TIER,"'Quick question — you ever had a situation where a service didn't fix the problem and you had to pay again? With MOC, if"
9d77156b8e8ec71e,Foundations,The MOC Warranty Program,Closing Strategies 3,NEEDS NAME,5,31,low,LOW TIER,"'One thing about MOC — the warranty has a sweet spot. Up to 50,000 miles on initial install, you get the full $4,000 in "
ede094ac51815222,Foundations,The MOC Warranty Program,Closing Strategies 3,NEEDS NAME,5,32,low,LOW TIER,"'If you decide to skip this service, that's your call. But I want to be straight with you — we're recommending it becaus"
ed10fb1d5121c0a3,Foundations,The MOC Warranty Program,Closing Strategies 3,NEEDS NAME,5,33,low,FLEET OWNER,"'For your fleet, the MOC warranty conversation is different than retail. You're going to need to verify each vehicle as "
27a5e4af86a42ddb,Foundations,The MOC Warranty Program,Closing Strategies 3,NEEDS NAME,5,34,low,SINGLE-VEHICLE FAMILY,"'For a family with one car, the MOC warranty does something specific — it puts a documented protection layer on the syst"
528234cd0b3facb9,Foundations,The MOC Warranty Program,Closing Strategies 3,NEEDS NAME,5,35,low,"POST-WARRANTY CUSTOMER (60K+ miles, factory warranty expired)",'You crossed the factory warranty line. Every shop you walk into is going to talk about extended service contracts and a
942a69639444a2e3,Foundations,The MOC Warranty Program,Closing Strategies 3,NEEDS NAME,5,36,low,REPEAT CUSTOMER (already had MOC service before),'You did the MOC service last time. Here's the thing about that — the warranty has a renewal clause. If we do the same M
78d6ecf8fd92fcb8,Foundations,The MOC Warranty Program,Closing Strategies 4,NEEDS NAME,6,37,low,SKEPTICAL CUSTOMER ('Sounds too good to be true'),"'That's a fair question. Here's how to verify it yourself — go to mocwarranty.com, or call the 800 number on your repair"
e5df2bfa6f762d4b,Foundations,The MOC Warranty Program,Closing Strategies 4,NEEDS NAME,6,38,low,PREMIUM-VEHICLE CUSTOMER (luxury / high-value vehicle),"'For a vehicle in this class, the calculus of the MOC warranty is different. Up to $4,000 of coverage per system means m"
772556462abb3d64,Foundations,The MOC Warranty Program,Closing Strategies 4,NEEDS NAME,6,39,low,MONEY: 'It's too expensive.',"Customer is processing the price as a single-visit cost, not a value-per-mile calculation. They're not telling you they "
6f614563d19b614f,Foundations,The MOC Warranty Program,Closing Strategies 4,NEEDS NAME,6,40,low,MONEY: 'I don't have it right now.',Customer needs the service but the timing is wrong. Don't fight the timing — schedule the next visit and document the re
3b443e96e567986e,Foundations,The MOC Warranty Program,Closing Strategies 4,NEEDS NAME,6,41,low,TIME: 'I don't have time today.',Customer is processing the time cost. The MOC service is typically 20-45 minutes — frame the time investment against the
c7caa998e5c06514,Foundations,The MOC Warranty Program,Closing Strategies 4,NEEDS NAME,6,42,low,TIME: 'How long does this warranty actually last?',Customer wants to understand the duration. Honest disclosure of the per-system cadence is the answer.
514e5cc1377ce1cb,Foundations,The Multi-Point Inspection,Knowledge Notes,NEEDS NAME,1,1,zero,Go Over Two Greens Before Any Red — The Trust-Building Sequence,"Before sharing any item of concern from the MPI, go over at least two green items first. 'Your battery cranking amps are"
c7a3e4ac34bb9b98,Foundations,The Multi-Point Inspection,Knowledge Notes,NEEDS NAME,1,2,zero,"The MPI Phone Call Structure — 70 Seconds, Every Element","The success cycle speech on the MPI phone call has a specific sequence: greet by name, share the good news (two green it"
abdb624ffdd800f5,Foundations,The Multi-Point Inspection,Knowledge Notes,NEEDS NAME,1,3,zero,Are You Familiar With Our...' — The Entry Question,"Before pitching any service on a phone call, ask: 'Are you familiar with our [dealership] brake job?' or 'Are you famili"
397e328642d25efc,Foundations,The Multi-Point Inspection,Knowledge Notes,NEEDS NAME,1,4,zero,Call the Customer at the Agreed Time — Not When You Feel Like It,When you set the clock time in step three of the close — 'I'll call you by one thirty' — call them by one thirty. Not on
aebadd8b7b42f287,Foundations,The Multi-Point Inspection,Knowledge Notes,NEEDS NAME,1,5,zero,Congratulations on Your Last Decision' — Reinforce the Good Choices,"When reviewing the MPI with a returning customer, reference what they approved last visit before discussing what is due "
21056222392b6f39,Foundations,The Multi-Point Inspection,Knowledge Notes,NEEDS NAME,1,6,zero,Green Yellow Red — Explain the Scale Every Time,"Do not assume the customer knows what green, yellow, and red mean on your MPI. Say it every time: 'Green means your vehi"
99618be1ebb51a91,Foundations,The Multi-Point Inspection,Knowledge Notes,NEEDS NAME,1,7,zero,The Video MPI — Let the Technician Speak for Themselves,A video MPI is the single most powerful trust-building tool in the service department because it removes the advisor fro
a64439b5ecb726d9,Foundations,The Multi-Point Inspection,Knowledge Notes,NEEDS NAME,1,8,zero,The MPI Is Complementary — Lead With That,"When setting up the MPI at write-up, say it before they ask: 'Your certified technician will provide you a complimentary"
6a9941314eb9fa04,Foundations,The Success Cycle,Knowledge Notes 1,NEEDS NAME,1,1,zero,The Full 70-Second MPI Phone Call,Hey [customer name]. This is [your name] over at [dealership]. You got a sec? My certified technician [tech name] comple
7455ce61431b715f,Foundations,The Success Cycle,Knowledge Notes 1,NEEDS NAME,1,2,zero,Two Green Items Before the Red,Always reference two green items before you share the red item of concern. Why? Because you are pitching the positive fi
ace1819edf883d28,Foundations,The Success Cycle,Knowledge Notes 1,NEEDS NAME,1,3,zero,Ask if They Know What the Service Does,"After you share the red item of concern, ask: Are you familiar with what a brake fluid exchange does? Ninety percent of "
4478f5705e629e31,Foundations,The Success Cycle,Knowledge Notes 1,NEEDS NAME,1,4,zero,The Success Cycle — Confidence Breeds Sales,"A consistent speech gives you confidence. When you get confident in giving the same speech over and over, the customer p"
0c41ae1b26acc22e,Foundations,The Success Cycle,Knowledge Notes 1,NEEDS NAME,1,5,zero,Sell Like You — Not Like Me,"Rewrite the success cycle speech in your own words. If you want to call the customer by their first name, do it. If you "
760bf480767f6d01,Foundations,The Success Cycle,Knowledge Notes 1,NEEDS NAME,1,6,zero,Are You Familiar With Our [Dealership] Brake Job?' — The Universal Entry,"Before you go deep into your pitch, ask one question: 'Are you familiar with our XYZ Motors brake job?' or 'Are you fami"
9326242f75cdb111,Foundations,The Success Cycle,Knowledge Notes 1,NEEDS NAME,1,7,zero,The Scale of 1 to 10 — Make Measurements Human,"When your brake pads are at three millimeters, most customers have no idea if that is good or bad. Put it on a scale of "
412e2188690c5615,Foundations,The Success Cycle,Knowledge Notes 1,NEEDS NAME,1,8,zero,Caught It in Time — Reward Loyal Customers,"When a customer is a repeat visitor and their rotors can still be resurfaced rather than replaced, say it explicitly: 'S"
ee0033ab352645ff,Foundations,The Success Cycle,Knowledge Notes 2,NEEDS NAME,2,9,zero,Look in Their History Before You Call,"Before you make the MPI phone call, read the RO. Know the customer's name. Know the vehicle. Know what the measurement w"
1299c2bc82dd2c80,Foundations,The Success Cycle,Knowledge Notes 2,NEEDS NAME,2,10,zero,Out With the Old In With the New — The Universal Feature/Benefit,"Ninety percent of what you sell is a replacement. You are taking off old, worn-out parts and replacing them with brand-n"
922f3eaaf7b70e12,Foundations,The Success Cycle,Knowledge Notes 2,NEEDS NAME,2,11,zero,Two Green Items Before the Red — Reinforced,"Before you mention anything negative, say two green items. Battery cranking amps — green. Tire tread depths and pressure"
e2fa702b726df4c2,Foundations,The Success Cycle,Knowledge Notes 2,NEEDS NAME,2,12,zero,"Arctic Blast — 45 Seconds, Every Customer, No Exceptions",Arctic Blast is the quickest service you will ever sell. 45 seconds to administer. Charges a half hour of labor. Lowers 
a7fbc0ff35764672,Foundations,The Success Cycle,Knowledge Notes 2,NEEDS NAME,2,13,zero,Aquapel Windshield Treatment — Wiper Piggyback,Every wiper blade replacement is a windshield treatment opportunity. Aquapel is a hydrophobic solution applied in about 
7e04619864203460,Foundations,The Success Cycle,Knowledge Notes 2,NEEDS NAME,2,14,zero,"Oil Additive / Engine Package — 5 Minutes, $4,000-$6,000 Warranty","When a customer has pushed their oil past the recommended interval, or when the oil life indicator drops below 15%, add "
c0f2a2aa48685771,Foundations,The Success Cycle,Knowledge Notes 2,NEEDS NAME,2,15,zero,"Fuel Additive (Enhance) — 90 Seconds, $4,000 Warranty","Enhance fuel system service takes 90 seconds — you open the gas cap, insert the funnel, pour in the bottle, replace the "
0e5132bc52c694b3,Foundations,The Success Cycle,Knowledge Notes 2,NEEDS NAME,2,16,zero,Cabin Air Filter → AC Service Piggyback,"Every cabin air filter replacement is an AC service opportunity. When the cabin filter is dirty, the customer's AC and h"
9197ad5fa00f40ce,Foundations,The Success Cycle,Knowledge Notes 3,NEEDS NAME,3,17,zero,"Battery Service — 3.5 Minutes, Prevent a $270 Repair","A battery service kit takes 3.5 minutes to install and charges 3-4 tenths of an hour. You loosen the terminal bolts, sli"
09e97946530414a6,Foundations,The Success Cycle,Knowledge Notes 3,NEEDS NAME,3,18,zero,"Coolant Exchange — Under 5 Minutes, 30,000-Mile Warranty","With a pneumatic coolant machine, a full coolant exchange takes less than 5 minutes and charges approximately 0.8 hours "
34de26b89c5e93b5,Foundations,The Success Cycle,Knowledge Notes 3,NEEDS NAME,3,19,zero,"The Quick Lane Math — 2 Minutes of Work, 1.2 Hours of Labor","Arctic Blast: 45 seconds administered, charges 0.5 hours. Enhance fuel additive: 90 seconds administered, charges 0.5 ho"
ddc21544a03d59e7,Foundations,The Success Cycle,Knowledge Notes 3,NEEDS NAME,3,20,zero,"Base Everything on Time, Mileage, and Condition",Stop looking at what fluids look like to decide whether to recommend a service. A fluid that looks clear can still be ch
0c5d4e02fa794ee9,Foundations,The Success Cycle,Knowledge Notes 3,NEEDS NAME,3,21,zero,"The 30,000-Mile Warranty Anchor — First Service Anytime, Second at 30K",The goal of every fluid exchange recommendation is to transition the customer from their factory warranty to your dealer
994d4263301185a4,Foundations,The Success Cycle,Knowledge Notes 3,NEEDS NAME,3,22,zero,Is This the Vehicle You Would Evacuate In?' — The Coolant Hook,The single most effective coolant exchange opener is this question: 'Is this the vehicle you would evacuate in?' A custo
2eec9fe1d7b84d38,Foundations,The Success Cycle,Knowledge Notes 3,NEEDS NAME,3,23,zero,Stagger the Warranty Conversations — Don't Pitch All Five at Once,You do not pitch all five fluid exchanges on the same visit. You stagger them across service intervals so the customer n
6227ced4d68d1838,Foundations,The Success Cycle,Knowledge Notes 3,NEEDS NAME,3,24,zero,"The 110,000-Mile Transmission Rule — Drop the Pan Instead","If a transmission has never had a fluid exchange and the vehicle is past 110,000 miles, do not do a fluid exchange. Drop"
bc6ab3f3d940a7a0,Foundations,The Success Cycle,Knowledge Notes 4,NEEDS NAME,4,25,zero,All Fluids Go Bad' — The Universal Objection Retort,When a customer asks 'why do I need to do this exchange?' the answer is the simplest truth in the fluid services busines
ab012be440cc053a,Foundations,The Success Cycle,Knowledge Notes 4,NEEDS NAME,4,26,zero,Diff Service for Truck Users and Fishermen — The Visual Cue,"The differential service has a specific customer profile you can spot during a walk-around. If the customer hauls a lot,"
0baed94e62766a79,Foundations,The Success Cycle,Knowledge Notes 4,NEEDS NAME,4,27,zero,Service Priority Framework — Safety / Major / Minor,"When a customer cannot or will not approve everything, you need a priority framework to guide the conversation. Mitch ra"
150521a95a5e72dc,Foundations,The Success Cycle,Knowledge Notes 4,NEEDS NAME,4,28,zero,Arctic Blast Gets Colder FASTER — 6 Minutes,Arctic Blast's best-known benefit is that it lowers vent temperature — from roughly 44 degrees to 39 degrees. But there 
d06098c8b42ef432,Foundations,The Success Cycle,Knowledge Notes 4,NEEDS NAME,4,29,zero,Hospital-Grade AC Deodorizer — Kills Viruses and Mold,"The Fresh AC deodorizer is not just a pleasant-smelling spray — it is hospital-grade. It kills viruses, mold, bacteria, "
5feedbe9be27f585,Foundations,The Success Cycle,Knowledge Notes 4,NEEDS NAME,4,30,zero,Cabin Air Filter Affects the HEATER — Not Just the AC,Most customers think a cabin air filter is only about their air conditioning. Most advisors pitch it only as an AC servi
91e1870e505e5ffa,Foundations,The Success Cycle,Knowledge Notes 4,NEEDS NAME,4,31,zero,Cabin Air Filter Upgrade Options — Go Beyond Standard,Most advisors offer a cabin air filter replacement as one item. Old dog trick: offer an upgrade. You have charcoal filte
555f955c2eb57971,Foundations,The Success Cycle,Knowledge Notes 4,NEEDS NAME,4,32,zero,Humidity + Dust = Battery Threat — The Southeast Texas Angle,"In humid, dusty markets like Southeast Texas, the combination of moisture and fine particulate debris is particularly co"
8399bb16badd8cfa,Foundations,The Success Cycle,Knowledge Notes 5,NEEDS NAME,5,33,zero,"Beat the Heat — Arctic Blast + AC EVAP = 30,000-Mile Compressor Warranty",The Beat the Heat program combines two services into one complete AC conversation: the AC EVAP core cleaning service and
32b96c7ef2236801,Foundations,The Success Cycle,Knowledge Notes 5,NEEDS NAME,5,34,zero,Arctic Blast Gets Cold Faster — 6 to 8 Minutes,"In direct testing in San Antonio, vehicles treated with Arctic Blast reached their lowest available vent temperature bet"
dab1ab3b6a27cce0,Foundations,The Success Cycle,Knowledge Notes 5,NEEDS NAME,5,35,zero,Arctic Blast — 6 to 8 Minutes Faster to Maximum Cold,"In demos run in San Antonio, Arctic Blast helped vehicles reach their lowest available vent temperature 6 to 8 minutes f"
1244ee3deabb247a,Foundations,The Success Cycle,Knowledge Notes 5,NEEDS NAME,5,36,zero,The Pre-Selling Word Track — 'Bundled for Your Safety and Savings',"Before a customer arrives, the BDC advisor or service advisor can plant the seed for everything the technician is about "
419cd0502e1e8edf,Foundations,The Success Cycle,Knowledge Notes 5,NEEDS NAME,5,37,zero,At This Stage of Your Vehicle's Life' — The Interval Opener,When introducing maintenance recommendations — especially to customers who resist service based on age of the vehicle or
e7b0ce7bc312c4d3,Foundations,The Success Cycle,Knowledge Notes 5,NEEDS NAME,5,38,zero,Push to Text — 'Is This a Number We Can Text Updates To?',Instead of asking 'what is your cell number?' reframe the ask to establish texting as the primary communication channel 
450106a69929aafd,Foundations,The Success Cycle,Knowledge Notes 5,NEEDS NAME,5,39,zero,"5,000-Mile Service = Longevity of Ownership — The BDC Framing","When BDC advisors pre-sell or remind customers about service, the framing matters. Do not say oil change. Do not say rou"
b6f4d08a93e71853,Foundations,The Success Cycle,Knowledge Notes 5,NEEDS NAME,5,40,zero,Winterizing Package — Cold Weather Pre-Sell Framework,A winterizing package gives the BDC a seasonal reason to call every customer heading into cold months. The three core co
f4597099e219e137,Foundations,The Success Cycle,Knowledge Notes 6,NEEDS NAME,6,41,zero,Pin Drops in Text Threads — Remove the Friction of Directions,"When you send a confirmation text to a customer, include a pin drop with the dealership location so they can tap it and "
ae64025a87015daa,Foundations,The Success Cycle,Knowledge Notes 6,NEEDS NAME,6,42,zero,Build the Packet Before the Customer Arrives,"Before an 80% customer pulls onto your drive, you know they are coming. Build a packet. Look up their history. Find what"
5ec0da51dd111554,Foundations,The Success Cycle,Knowledge Notes 6,NEEDS NAME,6,43,zero,Have You Cheated on Me?' — Ask If They Serviced Elsewhere,"After reviewing the packet and referencing their history, ask naturally: 'Ryan, I have to ask — have you cheated on me? "
cacd18ed771f55a9,Foundations,The Success Cycle,Knowledge Notes 6,NEEDS NAME,6,44,zero,Count the Visits — Acknowledge Loyalty Out Loud,"Every DMS tracks visit history. Count it and say it out loud. 'Colin, I wanna let you know this is the seventh visit tha"
8a6a2a1d5b2c316c,Foundations,The Success Cycle,Knowledge Notes 6,NEEDS NAME,6,45,zero,Congratulate the Customer on Their Last Visit Decisions,"When reviewing the packet at write-up, go back and acknowledge what the customer did right last time. 'Kenzie, last time"
d5587af9df0f727f,Foundations,The Success Cycle,Knowledge Notes 6,NEEDS NAME,6,46,zero,My Favorite Part of This Package Is...' — The Waiter Move,"When presenting a service menu, never hand it to the customer and ask what they want. Lead with your personal recommenda"
90af28fd9b5662b0,Foundations,The Success Cycle,Knowledge Notes 6,NEEDS NAME,6,47,zero,Answer the Phone in 2-3 Rings — 5 Rings Costs You 25%,"Survey research shows that when a customer's reservation phone call rings five or more times before being answered, thei"
849d68bc10b0b809,Foundations,The Success Cycle,Knowledge Notes 6,NEEDS NAME,6,48,zero,Update Your Voicemail Daily — The Best Ability Is Availability,"Every day, record a new voicemail that tells the customer exactly where you are and how to reach you most quickly. 'This"
7b62c591a79dd995,Foundations,The Success Cycle,Knowledge Notes 7,NEEDS NAME,7,49,zero,"Steer to Text — 'I Can't Always Be by My Phone, but I Can Always See a Text'",Every customer who calls when you are with another customer hears a ringing phone and starts doubting whether you care. 
35a94d21d7ce56bc,Foundations,The Success Cycle,Knowledge Notes 7,NEEDS NAME,7,50,zero,Dissuade Waiters — Surveys Are Better Without Them,Waiters get worse survey scores. Consistently. Not because the service is worse — because anxiety compounds over time in
e5e771cadcabef0c,Foundations,The Success Cycle,Knowledge Notes 7,NEEDS NAME,7,51,zero,Are You Here to See Anyone in Particular?' — Never Ask About the Appointment,"During the drive greeting, never ask 'do you have an appointment?' Appointment is already a negative word. It sounds cli"
26a49a65bf642d40,Foundations,The Success Cycle,Knowledge Notes 7,NEEDS NAME,7,52,zero,The Benefit Formula — When You / You Will,Every service recommendation can be structured with the same two-part formula: When you (change / replace / clean / adju
c0ce5c5f956946d4,Foundations,The Success Cycle,Knowledge Notes 7,NEEDS NAME,7,53,zero,Universal Reasons Preventive Maintenance Matters,"When a customer asks why they need any maintenance service, the answer always comes from the same places. These apply un"
277b6db4f1b733ca,Foundations,The Success Cycle,Knowledge Notes 7,NEEDS NAME,7,54,zero,"The Timeliness Sweet Spot — Set the Expectation, Then Hit It","Timeliness is about alignment between expectation and delivery, not raw speed. If KFC takes 35 minutes you are furious. "
c989a83188b24ca3,Foundations,The Success Cycle,Knowledge Notes 7,NEEDS NAME,7,55,zero,The Yellow Light Explanation — Why Brakes Go From Green to Red,Customers who faithfully brought their vehicle in for every MPI sometimes feel blindsided when brakes jump from green to
33f94d842c38af9e,Foundations,The Walk-Around,1. The Walk-Around Routine,OK,1,1,zero,The 5% Who Click Approve Without Being Asked,"In the get-the-hell-out-of-here speech, Mitch shares a specific statistic worth holding in every advisor's pocket: 5% of"
2444d8f2bd4070a8,Foundations,The Walk-Around,1. The Walk-Around Routine,OK,1,2,zero,The 30-Second Walk-Around (Full Script),Welcome to the dealership. Are you here to see anyone in particular? What can I do for you today? Hop back in your truck
371c3ee03c10a901,Foundations,The Walk-Around,1. The Walk-Around Routine,OK,1,3,zero,Train the Customer to Do What You Say Do,The number one reason to do a walk-around is to train the customer to do what you say do. Ask them to get in — they get 
1bbc67b6f7cb1c13,Foundations,The Walk-Around,1. The Walk-Around Routine,OK,1,4,zero,Offer Something Outside Every Time,Get accustomed to asking for business on the drive. Windshield wipers are the easiest. Bulbs. Touch-up paint. Windshield
6c4de7ff20c8fefa,Foundations,The Walk-Around,2. What the Vehicle Tells You,OK,2,5,zero,Use the Wipers — Don't Just Look at Them,A lot of people do a visual inspection of wipers. A visual inspection misses everything. Hit the button. If they're stre
b601a925d241afa7,Foundations,The Walk-Around,2. What the Vehicle Tells You,OK,2,6,zero,Slow Crank = Battery Conversation,"When the customer fires up the vehicle and it barely starts — rrr, rrr, rrr — that's your battery conversation right the"
e9f48f0e62a75888,Foundations,The Walk-Around,2. What the Vehicle Tells You,OK,2,7,zero,Color-Coded Tread Depth Gauge,"If asked to draw a line that is 9/32nds long, some would draw it this big and some that big. People don't equate fractio"
c1b5690b44adcf13,Foundations,The Walk-Around,2. What the Vehicle Tells You,OK,2,8,zero,The Tire Born-On Date Close,Every tire has a born-on date stamped on the sidewall — and tires have expiration dates. Most customers have no idea. Wa
ce395736e96cd010,Foundations,The Walk-Around,2. What the Vehicle Tells You,OK,2,9,zero,Windshield Washer Fluid Button — Opens Unexpected Repairs,Hitting the windshield washer fluid button on the drive is not just about checking whether the wipers streak. It also te
2822f1c99390cefb,Foundations,The Walk-Around,2. What the Vehicle Tells You,OK,2,10,zero,The Windshield Washer Fluid Motor Story,"During a walk-around class in San Antonio, the second vehicle that pulled in — Mitch asked the customer to hit the winds"
917b5040cf032e0b,Foundations,The Walk-Around,4. Raising a Problem Well,OK,4,11,zero,Never Bring Up a Negative Without a Positive Solution,"Customers can see CYA coming a mile away. If you find a scratch, introduce them to the parts department for touch-up pai"
b1825827fe9bf30b,Foundations,The Walk-Around,4. Raising a Problem Well,OK,4,12,zero,Know Your Product Better Than Your Customer,The internet has not made customers smarter — it has made them lazier. They think they know things because they can Goog
5c885afccd871008,Foundations,The Walk-Around,4. Raising a Problem Well,OK,4,13,zero,Speak to the 8-Year-Old AND the 88-Year-Old,Every piece of advice you give a customer needs to be understood by an 8-year-old and an 88-year-old simultaneously. Not
b065952873294234,Foundations,The Walk-Around,4. Raising a Problem Well,OK,4,14,zero,No Negative Without a Positive Solution — The Paint Pen Rule,"During any walk-around or inspection, never bring up something negative without immediately pairing it with a positive s"
2010a18861de5f74,Foundations,The Walk-Around,3. Reading the Customer,OK,3,15,zero,Check the Radio and Backseat for Clues,"While doing the walk-around, peek in the backseat and note what is playing on the radio. Sporting equipment, a kid's car"
49259d2df8ad3994,Foundations,The Walk-Around,3. Reading the Customer,OK,3,16,zero,Mention Your Family — The Trust Signal,"During the walk-around or write-up, find a natural way to reference your family — your wife, your daughter, your dad. Bo"
e77b8c2b27848dab,Foundations,The Walk-Around,3. Reading the Customer,OK,3,17,zero,Use Your DMS Notes — Store What You Learn,"Whenever you pick up a personal detail about a customer — they are a Dodger fan, their daughter goes to UC Santa Barbara"
a04b470728d19ae2,Foundations,The Walk-Around,3. Reading the Customer,OK,3,18,zero,"Spot the Truck User — Payload, Hitch, and Gear","During a walk-around on any truck or large SUV, look for three things: payload in the bed (tools, equipment, materials),"
b01fa74aacf2b6e1,Foundations,The Walk-Around,3. Reading the Customer,OK,3,19,zero,Trailer Hitch and Overland Gear — The Drive-Side Differential Cue,"During any walk-around, the exterior of the vehicle tells a story about how it is actually used — and that story trigger"
41adefea1cb91d85,Foundations,The Walk-Around,5. Tires on the Drive,OK,5,20,zero,The Tire Maintenance Ladder — Rotate · Balance · Alignment,Every customer who comes in for any oil service gets bumped one step up the tire maintenance ladder. Rotate every oil ch
b01fe20ccda61551,Foundations,The Walk-Around,5. Tires on the Drive,OK,5,21,zero,Print a Tire Quote for Every Customer — Even Green Tires,"If you want to be in the tire business, give every customer a tire quote — regardless of whether their tread depth puts "
a61d4e54e9f26c73,Foundations,The Walk-Around,5. Tires on the Drive,OK,5,22,zero,Balance — The Texas Rain Safety Close,"Out-of-balance tires do not just cause a shudder — they are bouncing down the road. In Southeast Texas, when it rains af"
c0ecb101e8376109,Foundations,The Walk-Around,5. Tires on the Drive,OK,5,23,zero,Alignment — Emergency Braking Skid Angle,"Most advisors pitch alignment as 'your car is pulling to the left.' Most customers say 'yeah I know, I'm used to it.' Th"
7aba41fa479e9721,Foundations,The Walk-Around,5. Tires on the Drive,OK,5,24,zero,"Road Force Balance — Quarter Ounce Precision, Interstate Speed","When pitching a tire balance, describe what actually happens in the shop rather than just naming the service. 'We're goi"
0cae0e874d5e2378,Foundations,The Walk-Around,5. Tires on the Drive,OK,5,25,zero,Four-Wheel Alignment — One-Tenth of One Degree,Alignment gets pitched as 'keeps your tires wearing evenly' and the advisor wonders why the close rate is low. The produ
0cae0e874d5e2378,Foundations,The Walk-Around,5. Tires on the Drive,OK,5,26,zero,Four-Wheel Alignment — One-Tenth of One Degree,Alignment gets pitched as 'keeps your tires wearing evenly' and the advisor wonders why the close rate is low. The produ
7aba41fa479e9721,Foundations,The Walk-Around,5. Tires on the Drive,OK,5,27,zero,"Road Force Balance — Quarter Ounce Precision, Interstate Speed","When pitching a tire balance, describe what actually happens in the shop rather than just naming the service. 'We're goi"
0cae0e874d5e2378,Foundations,The Walk-Around,5. Tires on the Drive,OK,5,28,zero,Four-Wheel Alignment — One-Tenth of One Degree,Alignment gets pitched as 'keeps your tires wearing evenly' and the advisor wonders why the close rate is low. The produ
6bdd4dc27af86f22,Foundations,The Walk-Around,6. Visibility and Wipers,OK,6,29,zero,Sell the Sizzle — Physical Demos Close,"When you have a product that works visually, demonstrate it. Treat half of a glass door with Aquapel and leave the other"
31bf353bee22e761,Foundations,The Walk-Around,6. Visibility and Wipers,OK,6,30,zero,Demo It in Your Own Vehicle First,"Before you sell any chemical or service product to a customer, have it done in your own vehicle. When you pitch Aquapel,"
3aa625b39ff98b3c,Foundations,The Walk-Around,6. Visibility and Wipers,OK,6,31,zero,Check Wipers on Every RO — Including Big Tickets,"The $7,000 engine job that ends with a customer leaving in the rain who cannot see is not remembered as a $7,000 great r"
5aa17cebd8408c4a,Foundations,The Walk-Around,6. Visibility and Wipers,OK,6,32,zero,Windshield Treatment — 42% of Texas Collisions Involve Reduced Visibility,Reduced visibility is a factor in 42% of all collisions in Texas. You do not need to scare the customer with this number
860bfdfeeff025b8,Foundations,The Walk-Around,7. The Handback,OK,7,33,zero,Remove PPE Visibly in Front of the Customer,"When you retrieve a customer's vehicle after service, remove the paper floor mat, seat cover, and any gloves or protecti"
678f717194ead188,Foundations,The Walk-Around,7. The Handback,OK,7,34,zero,Proof the Car Before Delivery — Grease Stain Check,"Before you hand keys back to a customer, do a quick visual scan of the vehicle. Look for grease stains on the door handl"
ffd0f7cc88d19145,Foundations,The Walk-Around,7. The Handback,OK,7,35,zero,Proof the Car for Grease Stains Before Delivery,"Before you hand keys back, walk around the vehicle and look for grease stains on the steering wheel, door panel, or seat"
901a1e1e3f0db9d5,Foundations,The Walk-Around,7. The Handback,OK,7,36,zero,Remove PPE Visibly in Front of the Customer,"When you return a customer's vehicle, remove your gloves, pull out the paper floor mat, and take off the seat cover in f"
0a617566e03c03e9,Foundations,The Walk-Around,8. Field Notes,OK,8,37,low,FROM: LOF My Butt — Quick Lane Class,
989c319a4549fd73,Product Knowledge,,Decarb Service Product Knowledge,OK,1,1,zero,Decarb Service Product Knowledge,Combustion Chamber cleaning helps restore horsepower and engine efficiency. Share these benefits with the customer and r
5e2079cee57d4451,Product Knowledge,,Decarb Service Product Knowledge,OK,1,2,zero,Decarb Service Product Knowledge,Intake valve cleaning helps the engine run correctly and helps avoid misfires that can damage your engine.
339cb0d1779a6b97,Product Knowledge,,Decarb Service Product Knowledge,OK,1,3,zero,Decarb Service Product Knowledge,Induction System cleaning leads to smoother acceleration. Who doesn't like that?
3d3d1f44e55510f6,Product Knowledge,,Decarb Service Product Knowledge,OK,1,4,zero,Decarb Service Product Knowledge,Throttle Body cleaning helps create a smooth idle and better pedal response.
3181087a430b48ed,Product Knowledge,,Knowledge Notes 1,NEEDS NAME,2,5,zero,Brake Fluid Science,"Brake fluid is HYGROSCOPIC — it absorbs moisture from the air through hose seals, reservoir vents, and ABS module seals "
9c35a46707b21649,Product Knowledge,,Knowledge Notes 1,NEEDS NAME,2,6,zero,Brake Fluid Science,"Brake fluid burns, it does not get dirty, dirty is a dirty word!"
7d88b780b9810578,Product Knowledge,,Knowledge Notes 1,NEEDS NAME,2,7,zero,Brake Fluid Strips,Use the copper-contenct test strip and show the customer the results.
5d3e97b3a763a497,Product Knowledge,,Knowledge Notes 1,NEEDS NAME,2,8,zero,Brake Fluid Boiling Point,You can measure the boiling point of brake fluid to show your customer how much moisture is in the system.
62bf4a7f0ecb0941,Product Knowledge,,Knowledge Notes 1,NEEDS NAME,2,9,zero,Brake Fluid Machines,Brake fluid exchange equipment is core to the MOC offering — closed-loop machines that perform 100% brake fluid replacem
4fa23945bd0206fa,Product Knowledge,,Knowledge Notes 1,NEEDS NAME,2,10,zero,Brake Fluid Machine Word Track,"What we are doing is a 100% exchange, not just sucking out the reservoir with a turkey baster. Your beloved vehicle dese"
2df3f4fd1ba1eabd,Product Knowledge,,Knowledge Notes 1,NEEDS NAME,2,11,zero,Coolant Exchange Tip,"If you are on the coast during hurricane season, ask your customers a question. 'Is this the vehicle you would evacuate "
5308a705fac60656,Product Knowledge,,Knowledge Notes 1,NEEDS NAME,2,12,zero,Deffered Word Track,"Nothing is declined, it is deffered until next time. Log the conversation in the customer file; return to the conversati"
eec6f8b15266be39,Product Knowledge,,Knowledge Notes 2,NEEDS NAME,3,13,zero,Deffered Word Track,"Deffered services aren't a hard no. ""No worries, we'll prioritize this next time.'"
42648f6e0ca9db8b,Product Knowledge,,Knowledge Notes 2,NEEDS NAME,3,14,zero,Brake Fluid Exchange Warranty,Coverage includes anything brake fluid touches except leaky lines.
fd0c7ebd1260cbf3,Product Knowledge,,Knowledge Notes 2,NEEDS NAME,3,15,zero,Scented Cabin Air Filter,Offer a scented cabin air filter. SO Many ways to impress the customer.
b5e1641dd743cd29,Product Knowledge,,Knowledge Notes 2,NEEDS NAME,3,16,zero,Engine Air Filter Piggyback,"Your engine air filter is designed to catch debris, but is it perfect?  That's why we need to do a minor fuel service to"
98c9b0b4732a71ba,Product Knowledge,,Knowledge Notes 2,NEEDS NAME,3,17,zero,Engine Air Filter Piggyback,Throttle Body + Tank Additive gets the customer a 15K mile warranty.
5c2ca39f5a1061dc,Product Knowledge,,Knowledge Notes 2,NEEDS NAME,3,18,zero,Piggyback Treatment,"If you are offering wipers, offer windshield treatment!"
c36fe0b7a72a6679,Product Knowledge,Battery,Knowledge Notes 1,NEEDS NAME,1,1,zero,Battery Purpose,Weak battery + hot day = customer stranded. Test annually to catch it early. Little things like this show a customer we 
b8e278beee8ed046,Product Knowledge,Battery,Knowledge Notes 1,NEEDS NAME,1,2,zero,3-Year Rule,Three years = automatic test. Every RO. No exceptions.
f31451503fc46d73,Product Knowledge,Battery,Knowledge Notes 1,NEEDS NAME,1,3,zero,AGM vs Flooded,AGM = start-stop or premium. Flooded = economy. Match the technology to the vehicle.
5534ec355d407123,Product Knowledge,Battery,Knowledge Notes 1,NEEDS NAME,1,4,zero,Cold Weather,Fall = battery-test season. Winter is when weak batteries die.
19ac194dffc17c26,Product Knowledge,Battery,Knowledge Notes 1,NEEDS NAME,1,5,zero,Hot Weather,Heat wears batteries faster than cold. Summer testing catches damage.
1667d79b8de8fd23,Product Knowledge,Battery,Knowledge Notes 1,NEEDS NAME,1,6,zero,Hot Weather,Heat cooks batteries. Summer testing prevents fall failure.
3ef3eaa36600af04,Product Knowledge,Battery,Knowledge Notes 1,NEEDS NAME,1,7,zero,Interstate Tiered Options,Interstate has multiple tiers. Match the battery to the vehicle. Don't oversell or undersell.
f8cce34a25f930de,Product Knowledge,Battery,Knowledge Notes 1,NEEDS NAME,1,8,zero,Warranty,"Warranty windows matter. Free replacement first, pro-rated after. Know the numbers."
cb4d4bf4800a2195,Product Knowledge,Battery,Knowledge Notes 2,NEEDS NAME,2,9,zero,Battery Terminals,"Corroded terminals = weak connection. Clean terminals every time. Small step, big benefit. Great service to offer during"
59fc30e0e35cb461,Product Knowledge,Battery,Knowledge Notes 2,NEEDS NAME,2,10,zero,Charging System Test,Test the alternator too. Bad alternator ruins a new battery in weeks.
3c93f1b29c203733,Product Knowledge,Battery,Knowledge Notes 2,NEEDS NAME,2,11,zero,EV 12V Battery,12V battery on every EV. Not the drive battery. Test it. Customer likely doesn't know it exists.
d1821406b56df910,Product Knowledge,Battery,Knowledge Notes 2,NEEDS NAME,2,12,zero,Diesel Dual Battery,Two batteries in diesel trucks. Both age together. Replace as a pair.
5ee8aebaddd8842d,Product Knowledge,Battery,Knowledge Notes 2,NEEDS NAME,2,13,zero,Piggyback Wipers,Fall bundle: battery test + wiper check. Two easy adds. Nice thing to do annually to get ready for the winter!
bc4e28eb0804afb6,Product Knowledge,Battery,Knowledge Notes 2,NEEDS NAME,2,14,zero,Time + Mileage BTM,"""Based on TIME, your battery is at the wear point."" Age matters more than mileage."
6d4601af34db2f0c,Product Knowledge,Battery,Knowledge Notes 2,NEEDS NAME,2,15,zero,Warranty Window Story,In warranty = customer saves. Out of warranty = customer pays. Know which side they're on before you pitch.
c3c4f7560141aaf8,Product Knowledge,Battery,Closing Strategies 1,NEEDS NAME,3,16,low,EVs and hybrids still have a 12V battery — and a dead 12V will completely disable the vehicle even with a full traction battery. The 12V wakes the electronics that engage the tract,every EV/hybrid RO needs a 12V battery test
247d06cf60e35bf5,Product Knowledge,Battery,Closing Strategies 1,NEEDS NAME,3,17,low,EVs and hybrids still have a 12V battery — and a dead 12V will completely disable the vehicle even with a full traction battery. The 12V wakes the electronics that engage the tract,'Even your EV has a 12V battery — let's make sure it's healthy today.'
ab115253c9ebfe78,Product Knowledge,Battery,Closing Strategies 1,NEEDS NAME,3,18,low,"Modern vehicles require a BMS (Battery Management System) reset/relearn after 12V battery replacement — skip it and the alternator will over- or under-charge the new battery, killi",every battery replacement RO includes BMS reset
3cc9c01167e08cbc,Product Knowledge,Battery,Closing Strategies 1,NEEDS NAME,3,19,low,"Modern vehicles require a BMS (Battery Management System) reset/relearn after 12V battery replacement — skip it and the alternator will over- or under-charge the new battery, killi",'Battery plus the relearn — both are part of doing this right.'
4cfd8aa2af59fc22,Product Knowledge,Battery,Closing Strategies 1,NEEDS NAME,3,20,low,AGM (Absorbed Glass Mat) batteries are required for stop-start systems and 48V mild-hybrids — installing a standard flooded lead-acid disables stop-start and can damage the chargin,confirm AGM-vs-flooded before quoting
b325c44401e7f931,Product Knowledge,Battery,Closing Strategies 1,NEEDS NAME,3,21,low,AGM (Absorbed Glass Mat) batteries are required for stop-start systems and 48V mild-hybrids — installing a standard flooded lead-acid disables stop-start and can damage the chargin,'Your vehicle needs AGM — let's get the right one.'
9ef49acbd826d531,Product Knowledge,Battery,Closing Strategies 1,NEEDS NAME,3,22,low,"Battery testing should happen at every service visit — most OEMs explicitly recommend it, and most stores skip it. A free test is the highest-trust upsell available because the dat",every RO with a hood-open service includes a battery test
e1e2e37c1b6a9108,Product Knowledge,Battery,Closing Strategies 1,NEEDS NAME,3,23,low,"Battery testing should happen at every service visit — most OEMs explicitly recommend it, and most stores skip it. A free test is the highest-trust upsell available because the dat",'We test every battery on every visit — it's free.'
584fb0f4ebe64ae0,Product Knowledge,Battery,Closing Strategies 2,NEEDS NAME,4,24,low,"A weak 12V battery causes phantom electronic faults — false ADAS warnings, suspension fault codes, infotainment reboots, EyeSight alerts — that look like expensive problems but are",'Let's check the battery before we go further — weak batteries cause warnings.'
9e7fe4edb6e54d0a,Product Knowledge,Battery,Closing Strategies 2,NEEDS NAME,4,25,low,"Interstate Batteries is one of the largest distributors of replacement automotive batteries in North America — over 200,000 dealer locations across independent shops, dealerships, ",name Interstate when customers ask about brand
ce9f0e29891c3848,Product Knowledge,Battery,Closing Strategies 2,NEEDS NAME,4,26,low,Interstate doesn't manufacture all its own batteries — they're typically built by Clarios (formerly Johnson Controls) and other major manufacturers under the Interstate brand with ,'Interstate's a major brand — quality manufacturer behind it.'
8978291703bf568e,Product Knowledge,Battery,Closing Strategies 2,NEEDS NAME,4,27,low,"Interstate offers tiered options: M-Series (Mega-Tron), MTP-Series (premium flooded), MTX-Series (AGM), and MT7 (heavy-duty commercial) — covering economy through severe-duty.",'Interstate has different levels — let's match your truck.'
ef0a004269d6b825,Product Knowledge,Battery,Closing Strategies 2,NEEDS NAME,4,28,low,Interstate's free battery testing and replacement service at dealer locations is a major customer-loyalty driver — the brand is widely trusted for honoring warranties without hassl,'Interstate honors warranties without hassle.'
dc85fa7960bb6406,Product Knowledge,Battery,Closing Strategies 2,NEEDS NAME,4,29,low,Interstate has been the official battery of NASCAR (since 1992) and many professional motorsports series — building brand recognition through racing.,skip — marketing trivia
fa9126ceb5de59ba,Product Knowledge,Battery,Closing Strategies 2,NEEDS NAME,4,30,low,"Optima is famous for distinctive yellow, red, and blue-top spiral-cell AGM battery designs — revolutionary when introduced in the 1990s and visually iconic in the aftermarket.",name Optima for premium AGM applications
aa40303c50bd32a1,Product Knowledge,Battery,Closing Strategies 2,NEEDS NAME,4,31,low,"Optima is famous for distinctive yellow, red, and blue-top spiral-cell AGM battery designs — revolutionary when introduced in the 1990s and visually iconic in the aftermarket.",'Optima is the premium AGM brand.'
7d19ab83c92e7046,Product Knowledge,Battery,Closing Strategies 3,NEEDS NAME,5,32,low,"The RedTop is a starting battery for standard vehicles, the YellowTop is deep-cycle/dual-purpose for high-electrical-load vehicles (audio, winches), and the BlueTop is for marine a",'Three Optima colors — we'll match your truck.'
9accbe04890f0a78,Product Knowledge,Battery,Closing Strategies 3,NEEDS NAME,5,33,low,"Optima batteries use SpiralCell technology (tightly wound spiral plates rather than flat plates) — claims include better vibration resistance and longer life, particularly relevant",'Built for tough conditions.'
489ea1c1dc6c96fa,Product Knowledge,Battery,Closing Strategies 3,NEEDS NAME,5,34,low,"Optima is owned by Clarios (formerly Johnson Controls Power Solutions), one of the world's largest automotive battery manufacturers — positioned as premium-tier above standard floo",'Premium-tier battery brand.'
b9b91314ac3fec40,Product Knowledge,Battery,Closing Strategies 3,NEEDS NAME,5,35,low,"Optima batteries are popular in off-road, hot-rod, modified-vehicle, and motorsport communities — durability, vibration resistance, and ability to mount in non-standard orientation",'Popular with off-road and performance customers.'
4a03b24361fe5703,Product Knowledge,Battery,Closing Strategies 3,NEEDS NAME,5,36,low,"DieHard was originally a Sears-exclusive brand launched in 1967 — Sears's bankruptcy led to Advance Auto Parts acquiring the brand in 2019. Now sold primarily through Advance, Carq",name DieHard
04e6a00ee642391c,Product Knowledge,Battery,Closing Strategies 3,NEEDS NAME,5,37,low,"DieHard was originally a Sears-exclusive brand launched in 1967 — Sears's bankruptcy led to Advance Auto Parts acquiring the brand in 2019. Now sold primarily through Advance, Carq",'DieHard's at Advance Auto now.'
c657aeeeee7178a7,Product Knowledge,Battery,Closing Strategies 3,NEEDS NAME,5,38,low,"DieHard offers tiered options: Gold (premium flooded and AGM), Silver (mid-tier), and Red (economy) — covering most automotive applications.",'DieHard has different levels.'
c83bac1af90f65ab,Product Knowledge,Battery,Closing Strategies 3,NEEDS NAME,5,39,low,"The DieHard Platinum AGM line is positioned for stop-start vehicles, performance applications, and luxury vehicles requiring AGM technology.",'DieHard's premium AGM line.'
5bcd9d6b7664b499,Product Knowledge,Battery,Closing Strategies 4,NEEDS NAME,6,40,low,DieHard has strong brand recognition built over decades of Sears advertising — the 'DieHard' name itself has become synonymous with reliability — the brand benefits from this legac,'Trusted name for decades.'
565180cbd4bc3928,Product Knowledge,Battery,Closing Strategies 4,NEEDS NAME,6,41,low,DieHard batteries are manufactured by Clarios and East Penn Manufacturing depending on line — both among the largest US battery manufacturers.,'Quality US manufacturers behind the brand.'
95707eef3160d68d,Product Knowledge,Battery,Closing Strategies 4,NEEDS NAME,6,42,low,STRATEGY 1: The Charging System Bundle — Battery Test + Alternator Test + Battery Terminal Service Together,"pitch the bundle name first, then the three components"
88fadad844ceba1c,Product Knowledge,Battery,Closing Strategies 4,NEEDS NAME,6,43,low,STRATEGY 2: The Pre-Failure Replacement — Use Test Data to Drive the Close BEFORE the Customer Is Stranded,'It's testing
4e984dc285a1ca9d,Product Knowledge,Battery,Closing Strategies 4,NEEDS NAME,6,44,low,STRATEGY 2: The Pre-Failure Replacement — Use Test Data to Drive the Close BEFORE the Customer Is Stranded,let's replace before it leaves you stranded.' The data does the selling — advisor delivers it
8eb78b10e3002363,Product Knowledge,Battery,Closing Strategies 4,NEEDS NAME,6,45,low,STRATEGY 3: The EV/Hybrid 12V Education Sale — Most Owners Don't Know They Have One,ask every EV/hybrid customer 'Did you know your vehicle still has a 12V battery?'
bb97e062c6ea0485,Product Knowledge,Battery,Closing Strategies 4,NEEDS NAME,6,46,low,STRATEGY 3: The EV/Hybrid 12V Education Sale — Most Owners Don't Know They Have One,'Even your EV has a 12V — let's test it.'
0935ca84cc45482d,Product Knowledge,Battery & Elec,Knowledge Notes,NEEDS NAME,1,1,zero,Battery Testing,"Test every battery over 3 years old. Free service, easy attach."
346c47e68b2a2470,Product Knowledge,Battery & Elec,Knowledge Notes,NEEDS NAME,1,2,zero,Battery Testing,3 years = auto test. Free = easy yes.
4f08fe14d9859ea0,Product Knowledge,Battery & Elec,Knowledge Notes,NEEDS NAME,1,3,zero,Charging System,Test alternator with every battery test. Bad alternator ruins new battery fast.
6c9f049b88d4e93c,Product Knowledge,Battery & Elec,Knowledge Notes,NEEDS NAME,1,4,zero,Charging System,Alternator test with every battery test. No exceptions.
4363aab6b72ee47f,Product Knowledge,Battery & Elec,Knowledge Notes,NEEDS NAME,1,5,zero,Terminal Cleaning,"Clean terminals with every battery service. Small step, big benefit."
42d4b0a15d34a0f7,Product Knowledge,Battery & Elec,Closing Strategies,NEEDS NAME,2,6,low,BAT-033 Battery Replacement,Remember your features and benefits of the battery you are offering.  Cold Cranking Amps  means a powerful start in free
227014083c21f924,Product Knowledge,Battery & Elec,Closing Strategies,NEEDS NAME,2,7,low,BTS-034 Battery Terminal Svc,"Ask your customers, ""Are you familiar with our battery cleaning service?""  When they say no, reply with, ""Well, we want "
53ecd966073e78ee,Product Knowledge,Battery & Elec,Closing Strategies,NEEDS NAME,2,8,low,BTT-035 Battery Test,"Getting started on battery tests! Word track: ""While we have your vehicle in, we want to run a complimentary battery tes"
6b705e07f01b0510,Product Knowledge,Battery & Elec,Closing Strategies,NEEDS NAME,2,9,low,ATT-036 Alternator Test,"Getting started on alternator tests! Word track: ""While we are testing your battery, we also want to test your alternato"
4034dbc8a99429a2,Product Knowledge,Battery & Elec,Closing Strategies,NEEDS NAME,2,10,low,BLB-037 Bulb Replacement,"Getting started on bulb replacements! Word track: ""During our inspection we noticed your [left rear brake light / right "
c100749a7749ba5e,Product Knowledge,Belts,Knowledge Notes,NEEDS NAME,1,1,zero,Belt Purpose,Belt failure = accessory failure. Alternator dies. Power steering fails. Customer stranded.
218b2f941a6414b2,Product Knowledge,Belts,Knowledge Notes,NEEDS NAME,1,2,zero,Serpentine vs V-Belt,"Serpentine on modern. V-belt on older. Same purpose, different design."
7ff3f5af464a20e0,Product Knowledge,Belts,Knowledge Notes,NEEDS NAME,1,3,zero,Visual Inspection,"Look for cracks, fraying, glazing. Show the customer. Visual sells."
0eda0fbf2b8f3591,Product Knowledge,Belts,Knowledge Notes,NEEDS NAME,1,4,zero,60-100K Interval,60K-100K life span. Check every LOF.
55d1f2106ec73848,Product Knowledge,Belts,Knowledge Notes,NEEDS NAME,1,5,zero,Tensioner + Idler,Belt + tensioner + idler = complete service. Don't cheap out on the parts around it.
6f105bf3b0a29e55,Product Knowledge,Belts,Knowledge Notes,NEEDS NAME,1,6,zero,Squeaking Signal,Squeaking belt = warning. Address it before it snaps.
8acec62dc67eac94,Product Knowledge,Belts,Knowledge Notes,NEEDS NAME,1,7,zero,Preventive Framing,$100 belt vs $500 tow + alternator + labor. Sell prevention.
0dfc6d18024d28d4,Product Knowledge,Belts,Closing Strategies 1,NEEDS NAME,2,8,low,EVs don't have serpentine belts — electric motors drive accessories directly. This is one of the most-asked-about service differences when EV customers compare maintenance to gas v,"when EV customers ask about belt service, give the clean honest answer"
2e80aee127d40ac8,Product Knowledge,Belts,Closing Strategies 1,NEEDS NAME,2,9,low,EVs don't have serpentine belts — electric motors drive accessories directly. This is one of the most-asked-about service differences when EV customers compare maintenance to gas v,'No serpentine belt on your EV — direct-drive accessories.'
a28405bcb253e38d,Product Knowledge,Belts,Closing Strategies 1,NEEDS NAME,2,10,low,"The belt and tensioner are a paired replacement — replacing the belt without inspecting the tensioner is the leading source of comeback complaints, with belt squeal returning withi",every belt RO includes tensioner inspection
9c4e206debf9f1e9,Product Knowledge,Belts,Closing Strategies 1,NEEDS NAME,2,11,low,"The belt and tensioner are a paired replacement — replacing the belt without inspecting the tensioner is the leading source of comeback complaints, with belt squeal returning withi",'Belt plus the tensioner — both are part of doing this right.'
27157ed5827a8932,Product Knowledge,Belts,Closing Strategies 1,NEEDS NAME,2,12,low,Modern 48V mild-hybrid systems with belt-driven integrated starter-generators (ISGs) place dramatically higher loads on the serpentine belt — up to 12+ kW of regenerative load thro,'Your vehicle has a higher-demand belt system — let's use the right replacement.'
c719191683e7dcd5,Product Knowledge,Belts,Closing Strategies 1,NEEDS NAME,2,13,low,"Modern EPDM belts hide their wear — over 90% of EPDM belt failures occur with no visible cracking, glazing, or fraying. Visual inspection misses the failures; rib-depth gauges find",'EPDM belts don't always show wear visually — we measure rib depth instead.'
7eef8c87cbf7e1b2,Product Knowledge,Belts,Closing Strategies 1,NEEDS NAME,2,14,low,"Most OEMs recommend serpentine belt inspection every 30,000 miles, with replacement typically needed every 60,000–100,000 miles — a cadence customers and shops both routinely skip.",cite the 30K/60-100K cadence by OEM
b5efcf27c5e75770,Product Knowledge,Belts,Closing Strategies 1,NEEDS NAME,2,15,low,"Most OEMs recommend serpentine belt inspection every 30,000 miles, with replacement typically needed every 60,000–100,000 miles — a cadence customers and shops both routinely skip.",'OEM recommends inspection at this mileage.'
35505a35bc2f67a9,Product Knowledge,Belts,Closing Strategies 2,NEEDS NAME,3,16,low,STRATEGY 1: The Accessory Drive Service Bundle — Belt + Tensioner + Idler Pulley Together,pitch the Accessory Drive Service bundle on every belt RO
f336a13c271f85c1,Product Knowledge,Belts,Closing Strategies 2,NEEDS NAME,3,17,low,STRATEGY 1: The Accessory Drive Service Bundle — Belt + Tensioner + Idler Pulley Together,lead with the bundle name
ab707e857d716f27,Product Knowledge,Belts,Closing Strategies 2,NEEDS NAME,3,18,low,STRATEGY 2: The 48V Mild-Hybrid Awareness Sale — Most Owners Don't Know Their Belt Drives Their Hybrid System,'Your hybrid system needs a higher-demand belt.' Trigger: any Mercedes/BMW/Audi/VW with mild-hybrid; any Ram 1500 / Wran
d583d7f1b9a4cc2e,Product Knowledge,Belts,Closing Strategies 2,NEEDS NAME,3,19,low,STRATEGY 3: The Wear Gauge Demonstration — Show the Customer the Rib-Depth Number,use the wear gauge on every belt inspection
f35eb08c1c310dfa,Product Knowledge,Belts,Closing Strategies 2,NEEDS NAME,3,20,low,STRATEGY 3: The Wear Gauge Demonstration — Show the Customer the Rib-Depth Number,"'EPDM belts don't crack visually — we measure rib depth instead.' Trigger: every hood-open service over 50,000 miles"
0d497cf8b78c143d,Product Knowledge,Belts & Hoses,Knowledge Notes,NEEDS NAME,1,1,zero,Squeeze Every Hose,Squeeze every hose at every LOF. Soft = replace. Firm = keep.
a264f2ac7e3cc0a5,Product Knowledge,Belts & Hoses,Knowledge Notes,NEEDS NAME,1,2,zero,Squeeze Every Hose,"Squeeze test every LOF. Fast, free, easy sale trigger."
0adebed776644296,Product Knowledge,Belts & Hoses,Knowledge Notes,NEEDS NAME,1,3,zero,Belt Crack Check,Look for cracks and glazing. Show the customer.
f4f49eef2710e6e6,Product Knowledge,Belts & Hoses,Knowledge Notes,NEEDS NAME,1,4,zero,Belt Crack Check,Every LOF = belt check. Cracks = replace. Show the customer.
d86761a605ba3375,Product Knowledge,Belts & Hoses,Knowledge Notes,NEEDS NAME,1,5,zero,10-Year Age Rule,Hoses and belts over 10 years old = replacement candidate regardless of miles.
1c18e2a8679967fc,Product Knowledge,Belts & Hoses,Closing Strategies,NEEDS NAME,2,6,low,SRP-038 Serpentine Belt,"Getting started on serpentine belt sales! Word track: ""During our inspection, our certified technician noted that your s"
15774de398f2bedf,Product Knowledge,Belts & Hoses,Closing Strategies,NEEDS NAME,2,7,low,TMB-039 Timing Belt,"Getting started on timing belt sales! Word track: ""Your vehicle is approaching its timing belt service interval, and thi"
7633467525292156,Product Knowledge,Belts & Hoses,Closing Strategies,NEEDS NAME,2,8,low,WTP-040 Water Pump,"Getting started on water pump sales! Word track: ""Since we already have everything disassembled for your timing belt ser"
e51ca819941f0715,Product Knowledge,Belts & Hoses,Closing Strategies,NEEDS NAME,2,9,low,IDP-041 Idler Pulley,"Getting started on idler pulley sales! Word track: ""While our technician has your serpentine belt off, we will spin the "
67b7ec1e1fb361d9,Product Knowledge,Belts & Hoses,Closing Strategies,NEEDS NAME,2,10,low,CLH-042 Coolant Hoses,"Getting started on coolant hose sales! Word track: ""While we have your vehicle in for a coolant exchange, our technician"
2ba1c071645051ba,Product Knowledge,Brakes,Brake Fluid Bundle,OK,1,1,zero,Brake Fluid Bundle,New pads + old fluid = wasted job. Always offer a fluid exchange with a pad change.
5b4d6cd21dddb869,Product Knowledge,Brakes,Brake Fluid Bundle,OK,1,2,zero,Brake Fluid Bundle,Every brake job = brake fluid flush. Old fluid on new pads = comeback.
4d1aab4d07d461e3,Product Knowledge,Brakes,Brake Fluid Bundle,OK,1,3,zero,Brake Fluid Bundle,New pads + old fluid = short brake life. Always exchange the fluid
e6e216c39faa7864,Product Knowledge,Brakes,Brake Fluid Exchange Warranty,OK,2,4,zero,Brake Fluid Exchange Warranty,"Don't forget about the coolant warranty! 30,000 miles, up to $4,000 of coverage."
71ce7a75a4f1fc24,Product Knowledge,Brakes,Brake Fluid Exchange Warranty,OK,2,5,zero,Brake Fluid Exchange Warranty,"Use the warranty as a way to overcome the objection of money! Money is always a concern, but I would be do my job if I d"
c4ad63ff0f5d97bd,Product Knowledge,Brakes,Brake Fluid Exchange Warranty,OK,2,6,zero,Brake Fluid Exchange Warranty,Our warranty covers the bumper-to-bumper expiration items like Brake Calipers and Master Cylinders. Powertrain warranty 
9dc78f89bbd6bfca,Product Knowledge,Brakes,Knowledge Notes 1,NEEDS NAME,3,7,zero,Brake Purpose,"Brakes stop the vehicle. Old pads, old rotors, and old fluid all fail together. Service the system."
d1ad2d7a0616d323,Product Knowledge,Brakes,Knowledge Notes 1,NEEDS NAME,3,8,zero,Brake Purpose,Pads + rotors + fluid = brake system. Service all three or none of them work well.
5aea938983aa33ce,Product Knowledge,Brakes,Knowledge Notes 1,NEEDS NAME,3,9,zero,Pad Wear Signs,Squeak = warning. Grind = damage. Fix it before the rotors get destroyed.
885efe47c8f901d8,Product Knowledge,Brakes,Knowledge Notes 1,NEEDS NAME,3,10,zero,Rotor Inspection,Rotors have minimum thickness specs too. Most customers only know rotors once they are needing to be replaced. Start the
0d2e274146dfafc3,Product Knowledge,Brakes,Knowledge Notes 1,NEEDS NAME,3,11,zero,Rotor Inspection,Check thickness. Above spec = leave. Below = replace. Machine only when marginal.
be0320b7b1332b70,Product Knowledge,Brakes,Knowledge Notes 1,NEEDS NAME,3,12,zero,Brake Quiet,Brake Quiet lubricant prevents squeal on new pads. Include it in every brake job.
ec374ef26d2a9f7c,Product Knowledge,Brakes,Knowledge Notes 1,NEEDS NAME,3,13,zero,Brake Quiet,Brake Quiet helps prevent brake dust from getting onto a freshly washed vehicle; post brake job!
c4df980cd0bcfeb9,Product Knowledge,Brakes,Knowledge Notes 1,NEEDS NAME,3,14,zero,Front vs Rear Wear,Fronts do more work. Wear twice as fast. Standard pattern: replace fronts first.
8f39f48dbe051503,Product Knowledge,Brakes,Knowledge Notes 2,NEEDS NAME,4,15,zero,Caliper Service,Include caliper service. Sticking calipers ruin new pads fast. Remind folks of OUR brake jobs here at XYZ are comprehens
4d33124aade125ef,Product Knowledge,Brakes,Knowledge Notes 2,NEEDS NAME,4,16,zero,Caliper Service,Include caliper service on brake jobs. Sticking calipers destroy new pads in months.
b058e130ee1481f6,Product Knowledge,Brakes,Knowledge Notes 2,NEEDS NAME,4,17,zero,Pad Thickness,Below 4mm = pitch. Below 2mm = urgent. Show with the gauge.
ea4e235b1640fa03,Product Knowledge,Brakes,Knowledge Notes 2,NEEDS NAME,4,18,zero,Pad Thickness,4mm = pitch. 2mm = urgent. Numbers customers understand.
22d346ce8da6ab25,Product Knowledge,Brakes,Knowledge Notes 2,NEEDS NAME,4,19,zero,Rotor Spec,Below minimum thickness = replace. Above = leave or machine.
bff435ee6053891d,Product Knowledge,Brakes,Knowledge Notes 2,NEEDS NAME,4,20,zero,Rotor Spec,"Above spec = leave. Below = replace. Numbers, not guesses."
c59612c044a1c76a,Product Knowledge,Brakes,Closing Strategies 1,NEEDS NAME,5,21,low,"EVs and hybrids wear brake pads dramatically less than gas vehicles — but rotors can rust and pit from underuse, requiring a different conversation than 'your pads are fine.'",every EV/hybrid RO needs the rotor-from-underuse conversation
3c5af739c95df3bf,Product Knowledge,Brakes,Closing Strategies 1,NEEDS NAME,5,22,low,Most modern vehicles (2018+) use electronic parking brakes — pad replacement requires service-mode activation via scan tool or maintenance menu before the rear caliper pistons can ,confirm electronic parking brake on every modern RO
b69f3c80f01b7bfb,Product Knowledge,Brakes,Closing Strategies 1,NEEDS NAME,5,23,low,"Brake wear sensors are standard on most European and many premium American vehicles — when the sensor wire is worn through, a dashboard warning appears indicating immediate pad rep","when customer reports brake warning light, that's a sale, not a diagnostic question"
d94f611ba65fe55f,Product Knowledge,Brakes,Closing Strategies 1,NEEDS NAME,5,24,low,"ADAS features — Pre-Collision, Adaptive Cruise, Lane-Keep, Auto-Brake — depend on proper brake function. ABS faults, mismatched pad compounds, or worn pads can disable these featur",'Your safety systems depend on this.'
612a6baca29f1e6a,Product Knowledge,Brakes,Closing Strategies 1,NEEDS NAME,5,25,low,"Proper pad bedding-in is required for new pad installation — improperly bedded pads produce noise, pulsation, and ABS faults. Most OEMs publish specific bedding procedures (typical",bedding is part of every brake service
331a208b450494a4,Product Knowledge,Brakes,Closing Strategies 1,NEEDS NAME,5,26,low,"Akebono is a Japanese manufacturer founded in 1929 — one of the largest brake pad producers globally with extensive OE relationships across Japanese, American, and European automak",'Akebono is OE on your vehicle — replacement is a direct match.'
c2bd780762ba6e0e,Product Knowledge,Brakes,Closing Strategies 1,NEEDS NAME,5,27,low,Akebono is widely credited with pioneering and popularizing ceramic brake pad technology in the OE market — their ceramic compounds produce significantly less brake dust and noise ,"'Less dust, less noise.'"
e39bd78fce184edd,Product Knowledge,Brakes,Closing Strategies 1,NEEDS NAME,5,28,low,"Brembo is an Italian manufacturer founded in 1961 — world leader in high-performance brake systems with OE supply across virtually every supercar and performance brand: Ferrari, La",'Brembo is the performance benchmark.'
55f8dd69a98c590e,Product Knowledge,Brakes,Closing Strategies 2,NEEDS NAME,6,29,low,"Brembo systems are factory-fitted on Corvette, Mustang GT/Mach 1/Dark Horse, Cadillac Blackwing, SRT/Hellcat, Genesis G70/G80 Sport trims, and many other performance vehicles acros",'Brembo on your trim — verify at parts.'
3dc05818a87e0e41,Product Knowledge,Brakes,Closing Strategies 2,NEEDS NAME,6,30,low,"Bosch is a German manufacturer founded in 1886 — one of the world's largest automotive suppliers. Brake division produces pads, rotors, calipers, ABS modules, and complete brake sy",'Bosch makes more than just pads — they make the whole system.'
6c00b2e8c2dc6daf,Product Knowledge,Brakes,Closing Strategies 2,NEEDS NAME,6,31,low,"Bosch's QuietCast Premium aftermarket pad line is widely available and well-regarded for OE-quality replacement at competitive pricing across European, Asian, and American applicat",'QuietCast Premium covers almost everything.'
2e626e48edf93045,Product Knowledge,Brakes,Closing Strategies 2,NEEDS NAME,6,32,low,"ZF Friedrichshafen acquired TRW Automotive in 2015 — creating one of the largest automotive supplier groups globally. Combined ZF/TRW brake division supplies pads, rotors, calipers",'ZF/TRW supplies most major OEMs.'
755a9e59e30f616e,Product Knowledge,Brakes,Closing Strategies 2,NEEDS NAME,6,33,low,"ZF/TRW is a major OE supplier to Ford, GM, Stellantis, VW/Audi, BMW, Mercedes-Benz, and many Asian automakers — pads frequently appear as OE on American and European trucks and SUV",'OE on most American and European trucks/SUVs.'
8382cf0497d59725,Product Knowledge,Brakes,Closing Strategies 2,NEEDS NAME,6,34,low,ZF's electric parking brake calipers are factory-fitted on a wide range of modern vehicles across multiple brands — making ZF/TRW components common in aftermarket service.,ZF caliper service is standard work
4e54336034c7d231,Product Knowledge,Brakes,Closing Strategies 2,NEEDS NAME,6,35,low,Nisshinbo Holdings is a Japanese manufacturer with brake friction operations including TMD Friction subsidiary (acquired 2011) — making the combined company one of the world's larg,'Nisshinbo is one of the largest globally.'
0d7192be052d67f3,Product Knowledge,Brakes,Closing Strategies 2,NEEDS NAME,6,36,low,"Nisshinbo is a major OE supplier to Japanese automakers (Toyota, Honda, Nissan, Mazda) and European OEMs through TMD Friction brands.",'OE supplier to most Japanese brands.'
6bb8cbaa95feeb91,Product Knowledge,Brakes,Closing Strategies 3,NEEDS NAME,7,37,low,THE EV/HYBRID ROTOR-FROM-UNDERUSE CONVERSATION — Every EV and hybrid customer who says 'my brakes are fine' needs to hear: 'Your pads are great. But your rotors haven't been used e,every EV/hybrid RO needs the rotor conversation
fad7a2431bc5e897,Product Knowledge,Brakes,Closing Strategies 3,NEEDS NAME,7,38,low,"THE ADAS DEPENDENCY OBJECTION-HANDLER — When a customer pushes back on brake service cost, name the specific ADAS system in their vehicle (Honda Sensing, Toyota TSS, Subaru EyeSigh",'Your safety systems depend on this.'
4a506f4c91d61026,Product Knowledge,Brakes,Closing Strategies 3,NEEDS NAME,7,39,low,"THE HARDWARE KIT PIGGYBACK — Every brake job is a hardware kit opportunity. Clips, shims, and abutment slides are validated to prevent noise and uneven wear. Skipping the $30 hardw",pitch hardware kit on EVERY brake job
a1eb1cd6d388f88b,Product Knowledge,Brakes,Closing Strategies 3,NEEDS NAME,7,40,low,BPF-028 Brake Pads Front,"We need to strengthen your brake pitch.  One powerful word track is, ""Are you familiar with our Dealership Name OEM brak"
1678a45164ad45df,Product Knowledge,Brakes,Closing Strategies 3,NEEDS NAME,7,41,low,BPR-029 Brake Pads Rear,"We need to strengthen your brake pitch.  One powerful word track is, ""Are you familiar with our Dealership Name OEM brak"
caf15ef1eb627bef,Product Knowledge,Brakes,Closing Strategies 3,NEEDS NAME,7,42,low,RTF-030 Rotors Front,"Getting started on front rotors! Word track: ""Your brake pads are ready to be replaced, and while we have everything apa"
071b2e493a83d690,Product Knowledge,Brakes,Closing Strategies 3,NEEDS NAME,7,43,low,RTR-031 Rotors Rear,"Getting started on rear rotors! Use the measurement word track. Share the number, share the manufacturer minimum, and le"
62e4613b66184ed3,Product Knowledge,Brakes,Closing Strategies 3,NEEDS NAME,7,44,low,BCS-032 Caliper Service,"Getting started on caliper service! Word track: ""While we are doing your brake job, we want to service your calipers as "
7b0773daaef6153b,Product Knowledge,Brakes,Closing Strategies 4,NEEDS NAME,8,45,low,BFF-012 Brake Fluid Flush,"Thanks for the ongoing effort to sell Brake Fluid Exchanges.  Work on your pitch.  Ask a customer, ""Are you familiar wit"
b0de39be3473e59b,Product Knowledge,Brakes,Closing Strategies 4,NEEDS NAME,8,46,low,BFF-013 Brake Quiet,"Getting started on Silent Brake Kits! Word track: ""While we are doing your brake job, we want to apply our brake quiet k"
40ef1ba11cd5f836,Product Knowledge,CAF,Knowledge Notes,NEEDS NAME,1,1,zero,CAF Purpose,The customer breathes what the filter passes. Dirty = health problem. Clean = fresh air.
0abdb6297a9376e9,Product Knowledge,CAF,Knowledge Notes,NEEDS NAME,1,2,zero,Show the Old Filter,Dirty filter in your hand = automatic sale. Show it every time.
e109f484d71ed86d,Product Knowledge,CAF,Knowledge Notes,NEEDS NAME,1,3,zero,HEPA for Premium,"Premium vehicles often use HEPA cabin filters. Match the filter, sell the upgrade."
bb381647002eddfe,Product Knowledge,CAF,Closing Strategies,NEEDS NAME,2,4,low,"Two main types: Particulate filters trap dust, pollen, and debris. Activated carbon (charcoal) filters do the same plus absorb odors, exhaust fumes, and gaseous pollutants.",name the two types
cb8bd25cf9ff1848,Product Knowledge,CAF,Closing Strategies,NEEDS NAME,2,5,low,"Location varies by brand. Most commonly behind the glove box, but some are under the dashboard, under the hood near the cowl, or under the passenger-side kick panel.",know the location for every vehicle on your drive
2c8929ee29d4ff61,Product Knowledge,CAF,Closing Strategies,NEEDS NAME,2,6,low,"A clogged cabin filter affects more than air quality — it reduces HVAC airflow, makes the blower motor work harder (shortening its life), causes weak defrost, and can lead to musty","'Clogged filter hurts your HVAC system, not just your air.'"
8c491d45a55e750e,Product Knowledge,CAF,Closing Strategies,NEEDS NAME,2,7,low,"Replacement interval is typically 15,000–30,000 miles or annually, whichever comes first. Urban driving, heavy traffic, dusty climates, and wildfire smoke shorten that window signi",cite the interval
4cb3fc9b0f63b315,Product Knowledge,CAF,Closing Strategies,NEEDS NAME,2,8,low,Cabin filters are often forgotten. Many vehicles go years without anyone touching the filter because it's not part of a typical oil-change visual inspection.,inspect every cabin filter on every visit. Make it part of MPI
5f69492319852f54,Product Knowledge,CAF,Closing Strategies,NEEDS NAME,2,9,low,"HEPA and high-efficiency variants are increasingly common as OEM upgrades, capturing particles down to PM2.5 and smaller — relevant for allergy sufferers, asthmatics, and customers",'There's an upgraded filter for allergy sufferers.'
8dcd03bea3067b21,Product Knowledge,CAF,Closing Strategies,NEEDS NAME,2,10,low,The directional airflow arrow matters. Installing a cabin filter backward reduces efficiency dramatically and can cause the pleats to collapse under blower pressure.,trust the tech but know the principle exists
6c0d39fe6a6c4543,Product Knowledge,CAF,Closing Strategies,NEEDS NAME,2,11,low,"THE 'I DIDN'T KNOW MY CAR HAD ONE' SALE — Pull the existing filter and physically show the customer the dirt, leaves, and debris. Have a clean replacement filter ready for visual c",this technique is universal. Zero/Low advisors should be coached on it explicitly
cf60b64436f6811f,Product Knowledge,EAF,Knowledge Notes,NEEDS NAME,1,1,zero,EAF Purpose,"Dirty filter = engine breathes dirt. Lost efficiency, long-term damage. Change on schedule."
b02b0cac407bc9e3,Product Knowledge,EAF,Knowledge Notes,NEEDS NAME,1,2,zero,Every LOF Attach,Every other oil change or 15K.  Pair with a tank additive.
452621dcf9b4e7db,Product Knowledge,EAF,Knowledge Notes,NEEDS NAME,1,3,zero,Show the Old Filter,Show the dirty filter. Fastest sale in the shop.
690f7e04b9aea0ee,Product Knowledge,EAF,Closing Strategies,NEEDS NAME,2,4,low,"Engine air filters protect three things — the engine, the MAF sensor, and the turbo compressor wheel (on turbo engines).",'Your filter protects three things.'
a1fd21af734c4535,Product Knowledge,EAF,Closing Strategies,NEEDS NAME,2,5,low,"A clogged engine air filter forces the engine to work harder for the same air, hurting fuel economy and acceleration.",'You'll feel it in fuel economy and acceleration.'
9798126d4ed623cb,Product Knowledge,EAF,Closing Strategies,NEEDS NAME,2,6,low,Direct-injection engines rely more heavily on intake cleanliness because there's no fuel washing the back of the intake valves.,skip — too technical
7ecaa6649c595b5f,Product Knowledge,EAF,Closing Strategies,NEEDS NAME,2,7,low,"Severe-duty conditions (dust, gravel, jobsite, off-road, heavy idle) cut filter service intervals in half.",'Severe-duty cuts the interval in half.'
e0ed27a0c8d5d196,Product Knowledge,EAF,Closing Strategies,NEEDS NAME,2,8,low,OEM-spec engine air filters are validated for the vehicle's MAF sensor calibration — aftermarket panels can sometimes trigger fuel-trim codes.,'Aftermarket filters can trigger codes.'
3c2724220e409463,Product Knowledge,Engine & Perf,Knowledge Notes 1,NEEDS NAME,1,1,zero,Fuel Injection Interval,"30K interval. Faster for GDI, turbo, short-trip."
5eff1d409a22aa07,Product Knowledge,Engine & Perf,Knowledge Notes 1,NEEDS NAME,1,2,zero,Fuel Injection Interval,"30K rule. Adjust down for GDI, turbo, short-trip customers."
2acb67215f048849,Product Knowledge,Engine & Perf,Knowledge Notes 1,NEEDS NAME,1,3,zero,Throttle Body Interval,60K interval. Sooner for GDI or turbo.
2295f1511c33eac5,Product Knowledge,Engine & Perf,Knowledge Notes 1,NEEDS NAME,1,4,zero,Throttle Body Interval,"60K rule. Faster for GDI, turbo."
c4d5a8a075d438bf,Product Knowledge,Engine & Perf,Knowledge Notes 1,NEEDS NAME,1,5,zero,Engine Flush Trigger,"30K, 60K, 90K, or over 75K miles. Automatic pitch."
f204ecbfaee0b07a,Product Knowledge,Engine & Perf,Knowledge Notes 1,NEEDS NAME,1,6,zero,Engine Flush Trigger,"Mileage triggers: 30K, 60K, 90K. Over 75K = automatic pitch."
653871096af02e4c,Product Knowledge,Engine & Perf,Knowledge Notes 1,NEEDS NAME,1,7,zero,HEMI Focus,HEMI = candidate for every engine service. Pitch every RAM and HEMI RO.
adb1e813e401f919,Product Knowledge,Engine & Perf,Knowledge Notes 1,NEEDS NAME,1,8,zero,Tank Additive,Attach tank additive to every LOF. Bridge to next service.
693225c49e40fa65,Product Knowledge,Engine & Perf,Knowledge Notes 2,NEEDS NAME,2,9,zero,Tank Additive,"Every LOF = tank additive. Small ticket, big cumulative benefit."
b0ce014961af9f7c,Product Knowledge,Engine & Perf,Knowledge Notes 2,NEEDS NAME,2,10,zero,Time + Mileage BTM,BTM on every engine service. Time AND mileage matter.
32187d1e1bd6f9cc,Product Knowledge,Engine & Perf,Closing Strategies 1,NEEDS NAME,3,11,low,SPK-043 Spark Plugs,"Getting started on spark plug sales! Word track: ""Your vehicle is at ______ miles and your spark plugs are designed for "
a0f6332358f70952,Product Knowledge,Engine & Perf,Closing Strategies 1,NEEDS NAME,3,12,low,TBC-044 Throttle Body Clean,"""The throttle body is like the throat of your vehicle.  Have you ever had a sore throat where you take a cough drop, ope"
99e795d121c3332b,Product Knowledge,Engine & Perf,Closing Strategies 1,NEEDS NAME,3,13,low,FIC-045 Fuel Injector Clean,"Two healthy methods — choose the one that fits your customer. METHOD 1 (Sore Throat): ""Are you familiar with our fuel sy"
21cb4b64bd2a82cd,Product Knowledge,Engine & Perf,Closing Strategies 1,NEEDS NAME,3,14,low,FIC-046 Decarb Service,"""Are you familiar with our Decarb Service here at ________.  What we want to do is remove stubborn deposits that cause y"
a6724e7390c05736,Product Knowledge,Engine & Perf,Closing Strategies 1,NEEDS NAME,3,15,low,FIC-047 Tank Additive,"""Are you familiar with our Tank Additives and what they do?  Most fuel you buy is low on cleaner.  They do that so the c"
0b5ff2f33b020150,Product Knowledge,Engine & Perf,Closing Strategies 1,NEEDS NAME,3,16,low,EFL-046 Engine Flush,"Getting started on engine flush sales! Word track: ""Before we do your oil change today, I want to talk to you about our "
74702b5f4dba3a00,Product Knowledge,Engine & Perf,Closing Strategies 1,NEEDS NAME,3,17,low,ACR-047 AC Recharge,"Getting started on AC recharge sales! Word track: ""How is your air conditioning working for you? If it is not blowing as"
0f24a813bf4d9005,Product Knowledge,Engine & Perf,Closing Strategies 1,NEEDS NAME,3,18,low,ACS-048 AC System Check,"Getting started on AC system checks! Word track: ""While we have your vehicle, would you like us to perform a complimenta"
346cced58dbef005,Product Knowledge,Engine & Perf,Closing Strategies 2,NEEDS NAME,4,19,low,HLR-049 Headlight Restoration,"Getting started on headlight restoration! Word track: ""During our walk-around, I noticed that your headlight lenses are "
c6d40ff842d8140e,Product Knowledge,Engine & Perf,Closing Strategies 2,NEEDS NAME,4,20,low,TPS-050 Tire Pressure Check,Getting started on documenting tire pressure! Make sure every tire pressure check is logged on the RO with the before an
3ed48c642ff3657b,Product Knowledge,Engine & Perf,Closing Strategies 2,NEEDS NAME,4,21,low,OIL-009 Engine Oil Service,"Nice start to your Engine Oil Services, remember pitch every maintenance customer a menu package.  ""These packages have "
13edb68a11110e69,Product Knowledge,Filters,Knowledge Notes,NEEDS NAME,1,1,zero,Every LOF Attach,Engine air + cabin air on every LOF. Target 40%+ attach.
b9bc0d2c6ffb395d,Product Knowledge,Filters,Knowledge Notes,NEEDS NAME,1,2,zero,Every LOF Attach,LOF + air filter + cabin filter = target 40-50%. Currently at 17% at Doggett = big gap.
a9e50f806bbbb0b7,Product Knowledge,Filters,Knowledge Notes,NEEDS NAME,1,3,zero,Show the Filter,Show the dirty filter. Fastest sale in the shop.
a224436c0b7bec49,Product Knowledge,Filters,Knowledge Notes,NEEDS NAME,1,4,zero,Show the Filter,Old filter in hand = automatic sale. Show every customer.
073bcc91a4af2844,Product Knowledge,Filters,Knowledge Notes,NEEDS NAME,1,5,zero,HEPA Upgrade,Premium vehicles use HEPA cabin filters. Sell the upgrade.
066b10aa8f30ac32,Product Knowledge,Filters,Knowledge Notes,NEEDS NAME,1,6,zero,HEPA Upgrade,HEPA = premium filter. Premium customer notices. Match the vehicle.
f425d7e2bcd9fa69,Product Knowledge,Filters,Knowledge Notes,NEEDS NAME,1,7,zero,Time + Mileage,"""Based on TIME and Mileage, your filters need service today."""
7e77b2251fae3aa3,Product Knowledge,Filters,Knowledge Notes,NEEDS NAME,1,8,zero,Time + Mileage,BTM. Time AND mileage on every filter pitch.
81ab9a8a88b3f9e0,Product Knowledge,Filters,Closing Strategies,NEEDS NAME,2,9,low,EAF-001 Engine Air Filter,"Engine Air Filters are designed to catch debris.  Today when you pitch one to your customer, remind them of this and use"
576b94cf4a539b30,Product Knowledge,Filters,Closing Strategies,NEEDS NAME,2,10,low,CAF-002 Cabin Air Filter,"Cabin Air Filters are designed to catch debris.  Today when you pitch one to your customer, remind them of this and use "
72469f1bd459af7e,Product Knowledge,Filters,Closing Strategies,NEEDS NAME,2,11,low,FF-003 Fuel Filter,"Getting started on fuel filters! Word track: ""Your fuel filter HAS DONE ITS JOB catching debris and contaminants before "
d9b22273b8352c0d,Product Knowledge,Filters,Closing Strategies,NEEDS NAME,2,12,low,TRF-004 Transmission Filter,"Getting started on transmission filters! Word track: ""While we are exchanging your transmission fluid, I want to mention"
accff3903f2da7fe,Product Knowledge,Filters,Closing Strategies,NEEDS NAME,2,13,low,DFF-005 Differential Filter,"Getting started on differential filters! Word track: ""Your differential filter removes the metal particles that naturall"
0f5b7b3828fa5451,Product Knowledge,Filters,Closing Strategies,NEEDS NAME,2,14,low,PCV-006 PCV Valve,"Getting started on PCV Valves! Word track: ""While we have your engine air filter off, I want to check your PCV Valve. Yo"
52336324d270af6a,Product Knowledge,Filters,Closing Strategies,NEEDS NAME,2,15,low,BRF-007 Breather Filter,"Getting started on breather filters! Word track: ""While we are replacing your engine air filter and PCV Valve, we want t"
77c3e59619d6319d,Product Knowledge,Filters,Closing Strategies,NEEDS NAME,2,16,low,OF-008 Oil Filter,"Your oil filter numbers need attention. Remember, when you are presenting an oil change package, mention the quality of "
d4b1ed336288e97b,Product Knowledge,Fluid Exchanges,Knowledge Notes,NEEDS NAME,1,1,zero,All Fluids Go Bad,All fluids go bad. Zero-tier anchor. State it out loud in every fluid pitch.
dab206e449499d4b,Product Knowledge,Fluid Exchanges,Knowledge Notes,NEEDS NAME,1,2,zero,All Fluids Go Bad,"Zero-tier anchor phrase. Reuse it. Every fluid, every time."
81dcc54eeb96bac3,Product Knowledge,Fluid Exchanges,Knowledge Notes,NEEDS NAME,1,3,zero,Done Its Job,"""Your current fluid has done its job."" Anchor language for every fluid service."
d9e3270de758c68d,Product Knowledge,Fluid Exchanges,Knowledge Notes,NEEDS NAME,1,4,zero,Done Its Job,"""Done its job."" Reusable across coolant, PSF, brake fluid, trans, diff."
607d3ec66e8a6554,Product Knowledge,Fluid Exchanges,Knowledge Notes,NEEDS NAME,1,5,zero,"30K, 60K, 90K","Intervals to remember: 30K, 60K, 90K. Every one = fluid conversation."
654e00243b82ec8e,Product Knowledge,Fluid Exchanges,Knowledge Notes,NEEDS NAME,1,6,zero,"30K, 60K, 90K","Milestone miles = auto pitch. 30K, 60K, 90K."
dfc570e4456789ec,Product Knowledge,Fluid Exchanges,Knowledge Notes,NEEDS NAME,1,7,zero,MOC Warranty,"12-month / 12,000-mile MOC warranty on every fluid service. Say it."
643bc2a972dc3105,Product Knowledge,Fluid Exchanges,Knowledge Notes,NEEDS NAME,1,8,zero,MOC Warranty,MOC warranty on every fluid. Repeat: MOC ≠ Motorcraft.
f6f95089e4fb35fa,Product Knowledge,Fluid Exchanges,Closing Strategies,NEEDS NAME,2,9,low,CLF-010 Coolant Fluid Exchange,"Thanks for the ongoing effort to sell coolant exchanges.  Work on your pitch.  Ask a customer, ""Are you familiar with ou"
1c194353b41c1e21,Product Knowledge,Fluid Exchanges,Closing Strategies,NEEDS NAME,2,10,low,TRF-011 Transmission Fluid Exchange,"Thanks for the ongoing effort to sell Transmission fluid exchanges.  Work on your pitch.  Ask a customer, ""Are you famil"
68994e3a61d4ffa6,Product Knowledge,Fluid Exchanges,Closing Strategies,NEEDS NAME,2,11,low,PSF-013 Power Steering Fluid Exchange,"Thanks for the ongoing effort to sell Power Steering Fluid Exchanges.  Work on your pitch.  Ask a customer, ""Are you fam"
de3f0e30e13e23bc,Product Knowledge,Fluid Exchanges,Closing Strategies,NEEDS NAME,2,12,low,DFF-014 Differential Fluid Exchange,"Thanks for the ongoing effort to sell Differential fluid exchanges.  Work on your pitch.  Ask a customer, ""Are you famil"
a34f776e8750caea,Product Knowledge,Fluid Exchanges,Closing Strategies,NEEDS NAME,2,13,low,TCF-015 Transfer Case Fluid Exchange,"Thanks for the ongoing effort to sell transfer case services.  Work on your pitch.  Ask a customer, ""Are you familiar wi"
e83689fcec3dfb31,Product Knowledge,Fluid Exchanges,Closing Strategies,NEEDS NAME,2,14,low,WWF-016 Washer Fluid Top-Off,"Washer fluid is all about the process and the mention. When you return the vehicle, let the customer know: ""We checked a"
84e5b0a72de46555,Product Knowledge,Fluid Exchanges,Closing Strategies,NEEDS NAME,2,15,low,FSC-017 Fuel System Cleaner,"Getting started on fuel system cleaner! Word track: ""Are you familiar with our fuel system cleaner? Most fuel purchased "
23c2cf901129e800,Product Knowledge,Fluid Exchanges,Closing Strategies,NEEDS NAME,2,16,low,BFF-012 Brake Fluid Exchange,"Thanks for the ongoing effort to sell Brake Fluid Exchanges.  Work on your pitch.  Ask a customer, ""Are you familiar wit"
d1d50fb76053571a,Product Knowledge,Headlights,Knowledge Notes 1,NEEDS NAME,1,1,zero,Headlight Purpose,"Cloudy lens = 50-80% visibility loss. Restoration is cheap. Safety story. ""I want to keep you safe, Mrs. Customer."""
826860d1e488db04,Product Knowledge,Headlights,Knowledge Notes 1,NEEDS NAME,1,2,zero,Visual Inspection,5+ year old vehicle = check headlights. Cloudy = pitch restoration.
5aac1914f7395af4,Product Knowledge,Headlights,Knowledge Notes 1,NEEDS NAME,1,3,zero,Night Driving Safety,"Cloudy headlights = dangerous at night. Not only cosmetics, safety.  Pitch them both."
bbce0f0887d04bde,Product Knowledge,Headlights,Knowledge Notes 1,NEEDS NAME,1,4,zero,$60-120 Ticket,"$60-120 restoration. High margin, fast turnaround."
cf3662db7d065133,Product Knowledge,Headlights,Knowledge Notes 1,NEEDS NAME,1,5,zero,Restoration vs Replacement,Restoration ($100) vs replacement ($400-800). Position the value.
0541f95b8880e659,Product Knowledge,Headlights,Knowledge Notes 1,NEEDS NAME,1,6,zero,UV Coating,Restoration includes UV coating. Prevents re-clouding for 1-2 years.  Comew with a two year warranty!
8bc0bc30a78854c1,Product Knowledge,Headlights,Knowledge Notes 1,NEEDS NAME,1,7,zero,Piggyback with Wipers,Headlight restoration + new wipers = complete visibility package. Bundle in fall.
fcb4bf6f3874f705,Product Knowledge,Headlights,Knowledge Notes 1,NEEDS NAME,1,8,zero,Show the Difference,One-side test. Before and after. Customer sees the difference immediately.  Great service to do a before-and-after set o
f699f44f638caacf,Product Knowledge,Headlights,Knowledge Notes 2,NEEDS NAME,2,9,zero,State Inspection Signal,Inspection failure = automatic restoration pitch.
cbd68d0537aef2ea,Product Knowledge,Headlights,Knowledge Notes 2,NEEDS NAME,2,10,zero,Preventive Framing,Prevent the replacement. Restore now.
684033f8199c777c,Product Knowledge,Headlights,Knowledge Notes 2,NEEDS NAME,2,11,zero,Older Vehicle Focus,5+ year vehicles. Cloudy lens comes with time. Pitch every one.
bd9326b8fa14c55c,Product Knowledge,Headlights,Knowledge Notes 2,NEEDS NAME,2,12,zero,Time + Mileage,TIME matters more than mileage on headlights. State the age.
7d08fa725aec5459,Product Knowledge,Headlights,Knowledge Notes 2,NEEDS NAME,2,13,zero,Warranty,Restoration comes with a warranty. Know the coverage.
198cf201cbad2b85,Product Knowledge,Headlights,Knowledge Notes 2,NEEDS NAME,2,14,zero,Hector Word Track,"""Hector recommends restoration on headlights over 5 years old."""
6017522146e34d69,Product Knowledge,Headlights,Closing Strategies 1,NEEDS NAME,3,15,low,"Headlight restoration is a multi-step polishing-and-sealing service that removes oxidation and yellowing from headlight lenses, then applies a UV-protective sealant to slow future ",explain the polycarbonate-and-UV-coating mechanic
7319ac0c8e9d7893,Product Knowledge,Headlights,Closing Strategies 1,NEEDS NAME,3,16,low,"Headlight restoration is a multi-step polishing-and-sealing service that removes oxidation and yellowing from headlight lenses, then applies a UV-protective sealant to slow future ",'The clear coat wore off and the plastic itself is oxidizing — needs more than a wipe.'
2e1b6ab67d138ab9,Product Knowledge,Headlights,Closing Strategies 1,NEEDS NAME,3,17,low,Headlight oxidation can reduce light output by up to 80 percent. A driver with severely oxidized headlights is essentially driving at night on less than a quarter of the illuminati,cite the 80 percent stat in every restoration pitch
5758d3d9b560c9ac,Product Knowledge,Headlights,Closing Strategies 1,NEEDS NAME,3,18,low,Headlight oxidation can reduce light output by up to 80 percent. A driver with severely oxidized headlights is essentially driving at night on less than a quarter of the illuminati,'Up to 80% less light at night — that's the actual safety issue.'
790d72c4623b1065,Product Knowledge,Headlights,Closing Strategies 1,NEEDS NAME,3,19,low,"Restoration vs replacement is a 10-to-1 cost ratio. New headlight assemblies for modern vehicles range from $300-$1,500+ per side, with luxury and LED matrix assemblies easily exce","'Replacement is hundreds, sometimes thousands. Restoration is a fraction of that.'"
dfd0faca53fef72a,Product Knowledge,Headlights,Closing Strategies 1,NEEDS NAME,3,20,low,"Typical restoration service time is under one hour. Quick service, high impact, immediate visible results. The compact service window makes headlight restoration one of the most ti",cite the under-one-hour service window
9328a7a0cf07072d,Product Knowledge,Headlights,Closing Strategies 1,NEEDS NAME,3,21,low,"Typical restoration service time is under one hour. Quick service, high impact, immediate visible results. The compact service window makes headlight restoration one of the most ti",'Under an hour — fits inside what we're already doing.'
fc1b8764e95dde6e,Product Knowledge,Headlights,Closing Strategies 1,NEEDS NAME,3,22,low,"Benefit 1: Improved Night Visibility — Restoring cloudy or oxidized headlights dramatically increases light output, helping drivers see farther and clearer at night. Pairs directly",lead with night visibility as the primary felt benefit
c43674af8de3ecbd,Product Knowledge,Headlights,Closing Strategies 2,NEEDS NAME,4,23,low,"Benefit 1: Improved Night Visibility — Restoring cloudy or oxidized headlights dramatically increases light output, helping drivers see farther and clearer at night. Pairs directly",'You'll see the difference the first night you drive.'
50a0dbcc4984b29a,Product Knowledge,Headlights,Closing Strategies 2,NEEDS NAME,4,24,low,"Benefit 2: Enhanced Safety — Better visibility produces faster reaction time. Customers can spot hazards, pedestrians, road signs, lane markings, animals, and debris sooner. The re",pair night visibility with the safety / reaction-time framing
661f5bb23db93e13,Product Knowledge,Headlights,Closing Strategies 2,NEEDS NAME,4,25,low,"Benefit 2: Enhanced Safety — Better visibility produces faster reaction time. Customers can spot hazards, pedestrians, road signs, lane markings, animals, and debris sooner. The re","'See sooner, react sooner.'"
b4c8c03192bfe56f,Product Knowledge,Headlights,Closing Strategies 2,NEEDS NAME,4,26,low,"Benefit 3: Restores Vehicle Appearance — Yellowed headlights make even a clean, well-maintained vehicle look aged and neglected. Restoration instantly improves curb appeal and perc",cite the dramatic before-and-after appearance change
9a3aa04166613b50,Product Knowledge,Headlights,Closing Strategies 2,NEEDS NAME,4,27,low,"Benefit 3: Restores Vehicle Appearance — Yellowed headlights make even a clean, well-maintained vehicle look aged and neglected. Restoration instantly improves curb appeal and perc",'Makes the whole car look newer.'
5069c94be45e957a,Product Knowledge,Headlights,Closing Strategies 2,NEEDS NAME,4,28,low,"Benefit 4: Cost Savings vs Replacement — New headlight assemblies can cost hundreds, often $1,000+ per side on modern vehicles. Restoration delivers similar visual results at a fra",cite the cost comparison explicitly
ee825897febe3df6,Product Knowledge,Headlights,Closing Strategies 2,NEEDS NAME,4,29,low,"Benefit 4: Cost Savings vs Replacement — New headlight assemblies can cost hundreds, often $1,000+ per side on modern vehicles. Restoration delivers similar visual results at a fra",'Replacement is hundreds; restoration is a fraction.'
c34a594bf84563c2,Product Knowledge,Headlights,Closing Strategies 2,NEEDS NAME,4,30,low,"Benefit 5: Increased Resale Value — A vehicle with clear headlights looks better maintained, which positively influences trade-in or resale value. Used-vehicle appraisers and priva",'Cleaner headlights = better trade value.'
5bc8565ae4a307a7,Product Knowledge,Headlights,Closing Strategies 3,NEEDS NAME,5,31,low,"Benefit 6: Better Light Output (Performance) — Oxidation blocks light. Restoration allows the full brightness of the bulbs to shine through, no bulb upgrade needed. Customers who t",'Sometimes the bulbs are fine — the lenses are blocking the light.'
1bd51a91798c7854,Product Knowledge,Headlights,Closing Strategies 3,NEEDS NAME,5,32,low,"Benefit 7: UV Protection Added — Most professional restorations include a UV sealant that helps prevent future fading and oxidation. Without UV resealing, restoration is temporary ",'We seal them with UV protection — DIY kits skip that step.'
8afa8e0d6d44fb59,Product Knowledge,Headlights,Closing Strategies 3,NEEDS NAME,5,33,low,"Benefit 8: Quick Service, High Impact — Typically completed in under an hour. Easy upsell with immediate, visible results customers appreciate. Foundation #4 fact restated as a cus",cite the under-one-hour service window
973d337c7310661e,Product Knowledge,Headlights,Closing Strategies 3,NEEDS NAME,5,34,low,"Benefit 8: Quick Service, High Impact — Typically completed in under an hour. Easy upsell with immediate, visible results customers appreciate. Foundation #4 fact restated as a cus",'Under an hour — done before you leave.'
fede7c239f98b455,Product Knowledge,Headlights,Closing Strategies 3,NEEDS NAME,5,35,low,"Benefit 9: Improved Customer Confidence — Drivers feel safer and more confident driving at night, in fog, in heavy rain, and in bad weather generally after restoration. The confide",'You'll feel more comfortable driving at night.'
693d10a7b5c087f4,Product Knowledge,Headlights,Closing Strategies 3,NEEDS NAME,5,36,low,"Benefit 10: Helps Pass Safety Inspections — In some states, heavily oxidized headlights can contribute to inspection failures. State-by-state inspection criteria vary, but states w","'In states with annual inspection, this can help you pass.'"
29abd2843b0b5141,Product Knowledge,Headlights,Closing Strategies 3,NEEDS NAME,5,37,low,Anchor word track (walk-around discovery): 'One thing I noticed is your headlights are starting to haze over. That actually reduces how much light hits the road at night. We can re,standard opening on every walk-around-spotted oxidation
4c845ea511ce2c77,Product Knowledge,Headlights,Closing Strategies 3,NEEDS NAME,5,38,low,Anchor word track (walk-around discovery): 'One thing I noticed is your headlights are starting to haze over. That actually reduces how much light hits the road at night. We can re,'Memorize this exact word track.'
67f52e122592f295,Product Knowledge,Headlights,Closing Strategies 4,NEEDS NAME,6,39,low,Variation A (the 80% stat opener): 'During the walk-around I noticed oxidation on your headlight lenses. That oxidation can reduce light output by up to 80 percent — meaning you mi,'Up to 80% less light — say that.'
e88a7e0be029a839,Product Knowledge,Headlights,Closing Strategies 4,NEEDS NAME,6,40,low,Variation B (the cost-comparison opener): 'New headlight assemblies on your vehicle run about $[X] to $[Y] per side — sometimes more on the LED ones. Restoration delivers most of t,'Replacement is hundreds; restoration is a fraction. While it's still restoration territory.'
3574e66213ee831e,Product Knowledge,Headlights,Closing Strategies 4,NEEDS NAME,6,41,low,"Variation C (the brighter-bulbs redirect): 'You mentioned wanting brighter headlights. Before we go to bulb upgrade, let me show you something. The bulbs you have are likely produc","'Sometimes the lenses are the issue, not the bulbs.'"
4c14c5cec8fef335,Product Knowledge,Headlights,Closing Strategies 4,NEEDS NAME,6,42,low,"Look up during every walk-around. Oxidized, yellowed headlights are visible from twenty feet away. They're a safety issue, a cosmetic concern, and a ready-made selling opportunity.","'Look up — every walk-around, every vehicle.'"
ef659e90b0f7cf46,Product Knowledge,Headlights,Closing Strategies 4,NEEDS NAME,6,43,low,Use the MPI before-and-after photo. A simple before-and-after photo in the MPI video tells the story better than any word track. Take a photo of the oxidized lens during the walk-a,'Photo of the haze; photo of the result. Send both.'
3047663804748a4a,Product Knowledge,Hoses,Knowledge Notes 1,NEEDS NAME,1,1,zero,Hose Purpose,Hoses fail. Rubber ages. Chemistry attacks. Replace before they leak.
8ce591f5d38b33ff,Product Knowledge,Hoses,Knowledge Notes 1,NEEDS NAME,1,2,zero,Visual Inspection,"Cracks, bulges, soft spots = replace now. Squeeze test on every hose.  Let your quick lane techs know that you care!"
bbe2709810d883fe,Product Knowledge,Hoses,Knowledge Notes 1,NEEDS NAME,1,3,zero,Coolant Hose Focus,Coolant hose failure = overheat + tow + damage. Replace preventively.
a37abbb2323035bf,Product Knowledge,Hoses,Knowledge Notes 1,NEEDS NAME,1,4,zero,Wrong Coolant Chemistry,OEM-spec coolant matters. Wrong chemistry destroys the hose from inside.
d635ab27f5b23479,Product Knowledge,Hoses,Knowledge Notes 1,NEEDS NAME,1,5,zero,10-Year Rule,10 years is the age limit. Rubber degrades. Replace by age.
9addc1cedbc3b5b9,Product Knowledge,Hoses,Knowledge Notes 1,NEEDS NAME,1,6,zero,Squeeze Test,Squeeze. Soft = replace. Firm = keep. Simple test.
0e5ff23f210e0c70,Product Knowledge,Hoses,Knowledge Notes 1,NEEDS NAME,1,7,zero,Piggyback with Coolant,Coolant fluid exchange + hose replacement = complete cooling system service. Bundle.
6436c99e980918fd,Product Knowledge,Hoses,Knowledge Notes 1,NEEDS NAME,1,8,zero,Piggyback with Water Pump,"Water pump job? Add hoses. Cooling system is out anyway.  If the customer has fewer that 100K, they get a warranty!"
26b10d8b96e896d7,Product Knowledge,Hoses,Knowledge Notes 2,NEEDS NAME,2,9,zero,Warranty Story,"Hose failure damages other parts. That damages warranty coverage. Prevent it.  Warranty covers, water pump, radiator, he"
d8bb176a7ec3e73b,Product Knowledge,Hoses,Knowledge Notes 2,NEEDS NAME,2,10,zero,Preventive Framing,$50 hose vs $300 tow + overheat + repair. Sell prevention.
e4d33899ddb32a54,Product Knowledge,Hoses,Knowledge Notes 2,NEEDS NAME,2,11,zero,Radiator Hose Focus,Upper + lower radiator hoses = high priority. Failure is immediate and expensive.
c12dccd3f74c2fab,Product Knowledge,Hoses,Knowledge Notes 2,NEEDS NAME,2,12,zero,Heater Hose,"Don't forget heater hoses. Same problem, same solution."
de53883da9e56066,Product Knowledge,Hoses,Knowledge Notes 2,NEEDS NAME,2,13,zero,Fuel Hose,Fuel leak = fire risk. Inspect fuel hoses on any vehicle over 10 years.
f1b6f096b3c4097b,Product Knowledge,Hoses,Knowledge Notes 2,NEEDS NAME,2,14,zero,Time + Mileage,"""Based on TIME and Mileage, hose inspection is due."" BTM."
87a3bee8a52c6917,Product Knowledge,Hoses,Knowledge Notes 2,NEEDS NAME,2,15,zero,Locker-Room Line,Hoses don't warn. They fail. Inspect and replace before the failure.
bc6259f9fe6da782,Product Knowledge,Hoses,Closing Strategies 1,NEEDS NAME,3,16,low,Electrochemical degradation (ECD) is the #1 cause of premature coolant hose failure — over 60% of failures — and ECD attacks from the INSIDE OUT. The hose looks perfectly fine on t,explain ECD honestly when customer questions hose replacement at the recommended interval
a028ce6179d611ef,Product Knowledge,Hoses,Closing Strategies 1,NEEDS NAME,3,17,low,Electrochemical degradation (ECD) is the #1 cause of premature coolant hose failure — over 60% of failures — and ECD attacks from the INSIDE OUT. The hose looks perfectly fine on t,'Hoses fail from the inside — visual inspection isn't enough.'
9fdbf775e6026eef,Product Knowledge,Hoses,Closing Strategies 1,NEEDS NAME,3,18,low,"A coolant hose failure is rarely just a hose problem — it's a head gasket risk. Sudden coolant loss leads to overheating, which warps heads and blows gaskets. The $80 hose prevents",tie hose failure to head gasket consequence
134da3013e97c1c8,Product Knowledge,Hoses,Closing Strategies 1,NEEDS NAME,3,19,low,"A coolant hose failure is rarely just a hose problem — it's a head gasket risk. Sudden coolant loss leads to overheating, which warps heads and blows gaskets. The $80 hose prevents",'A bad hose can cost you the engine.'
ec137ea87347467c,Product Knowledge,Hoses,Closing Strategies 1,NEEDS NAME,3,20,low,"Coolant hoses must be replaced as part of the coolant flush service — not as a separate visit later. Labor access overlaps significantly, and replacing hoses while the system is al","every coolant flush triggers a hose inspection, and every hose replacement triggers a flush"
62f3e50866af3ec7,Product Knowledge,Hoses,Closing Strategies 1,NEEDS NAME,3,21,low,"Coolant hoses must be replaced as part of the coolant flush service — not as a separate visit later. Labor access overlaps significantly, and replacing hoses while the system is al",'Hoses + flush — same visit.'
b169241745b565d1,Product Knowledge,Hoses,Closing Strategies 1,NEEDS NAME,3,22,low,"Wrong coolant chemistry destroys hoses. OEM coolant specifications (Toyota SLLC pink, Ford Gold/Orange/Yellow, Honda Type 2 blue, GM Dex-Cool, Mercedes G05/G40/G48, BMW HOAT, VW G1",cite OEM-spec coolant as part of hose-life conversation
a7a84928ee3dbbdf,Product Knowledge,Hoses,Closing Strategies 1,NEEDS NAME,3,23,low,"Wrong coolant chemistry destroys hoses. OEM coolant specifications (Toyota SLLC pink, Ford Gold/Orange/Yellow, Honda Type 2 blue, GM Dex-Cool, Mercedes G05/G40/G48, BMW HOAT, VW G1",'OEM coolant only — wrong chemistry kills hoses.'
42ee1902d3ea894f,Product Knowledge,Hoses,Closing Strategies 2,NEEDS NAME,4,24,low,Modern engines run 16-20 PSI cooling system pressure — versus 4-8 PSI on legacy engines. The hoses on a 2020 vehicle face dramatically higher pressure cycling than the hoses on a 2,'Modern engines work hoses harder — quality matters more than ever.'
c0d3bacbb51af2e5,Product Knowledge,Hoses,Closing Strategies 2,NEEDS NAME,4,25,low,EPDM compound with industry-leading temperature range — Gates Premium hoses use proprietary EPDM rubber compound rated for continuous operation from –40°F to 257°F. Most hose failu,'Built to handle thousands of heat cycles.'
794dd405c1e022b5,Product Knowledge,Hoses,Closing Strategies 2,NEEDS NAME,4,26,low,Electrochemical degradation (ECD) resistance — the #1 cause of premature hose failure. Industry research shows ECD (electrical current flowing between engine and radiator through c,cite Gates ECD-resistance for hose-life conversation
8196a5699e62da13,Product Knowledge,Hoses,Closing Strategies 2,NEEDS NAME,4,27,low,Electrochemical degradation (ECD) resistance — the #1 cause of premature hose failure. Industry research shows ECD (electrical current flowing between engine and radiator through c,'Gates is built against the #1 way hoses fail.'
01fe1e17dffc405a,Product Knowledge,Hoses,Closing Strategies 2,NEEDS NAME,4,28,low,"OE supplier credibility — Gates is the original equipment coolant hose supplier for many Ford, GM, Stellantis, and import applications. Aftermarket Gates is often the same product ",cite Gates OE credibility
2b5805a1756a0517,Product Knowledge,Hoses,Closing Strategies 2,NEEDS NAME,4,29,low,"OE supplier credibility — Gates is the original equipment coolant hose supplier for many Ford, GM, Stellantis, and import applications. Aftermarket Gates is often the same product ",'Same hose that came with your truck.'
0c236b206818b254,Product Knowledge,Hoses,Closing Strategies 2,NEEDS NAME,4,30,low,Reinforcement layer engineered for pressure cycling — Gates hoses use polyester or aramid (Kevlar-family) braided reinforcement specifically engineered for the pressure cycles mode,'Built for the higher pressures of modern engines.'
9c43484fec994651,Product Knowledge,Hoses,Closing Strategies 2,NEEDS NAME,4,31,low,Comprehensive coverage including molded and shaped hoses — Gates manufactures both straight stock and complex molded shapes that match OE routing exactly. For modern engines with t,'Right shape for the right routing.'
a55cffd8cee366f3,Product Knowledge,Hoses,Closing Strategies 3,NEEDS NAME,5,32,low,"OE supplier across the global automotive industry — Cooper Standard is one of the world's largest OE suppliers of fluid handling systems with extensive contracts across Ford, GM, S",cite Cooper Standard global OE supply
3d929ba125046d92,Product Knowledge,Hoses,Closing Strategies 3,NEEDS NAME,5,33,low,"OE supplier across the global automotive industry — Cooper Standard is one of the world's largest OE suppliers of fluid handling systems with extensive contracts across Ford, GM, S",'Cooper Standard makes factory hoses for many brands.'
a7aa9539f4eb9f14,Product Knowledge,Hoses,Closing Strategies 3,NEEDS NAME,5,34,low,"Engineered fluid transfer assemblies, not just hoses — Cooper Standard's modern coolant hose products are increasingly complete assemblies that include quick-connect fittings, plas",'Modern hoses are full assemblies — Cooper Standard makes them.'
3185aa4774d62fd2,Product Knowledge,Hoses,Closing Strategies 3,NEEDS NAME,5,35,low,"Specialty material engineering for severe-duty applications — Cooper Standard developed proprietary HNBR and silicone-based compounds for diesel, hybrid, and EV thermal management ",'Specialty materials for diesel and EV cooling.'
fbbe95da6a1bd702,Product Knowledge,Hoses,Closing Strategies 3,NEEDS NAME,5,36,low,Lightweight innovations for fuel economy and EV range — Cooper Standard has invested heavily in lightweight hose technologies that reduce vehicle weight without sacrificing durabil,skip
19c34042bbd507f7,Product Knowledge,Hoses,Closing Strategies 3,NEEDS NAME,5,37,low,"Sealing and fluid containment expertise — Beyond hoses, Cooper Standard manufactures the seals, gaskets, and sealing systems that interface with hoses at every connection point. Th","'Built for the whole sealing system, not just the hose.'"
0e58cbc3bec86df0,Product Knowledge,Hoses,Closing Strategies 3,NEEDS NAME,5,38,low,Silicone hose construction for extreme temperature applications — Flexfab specializes in silicone-reinforced hoses that handle continuous operating temperatures up to 350°F and int,'Silicone hoses for the hottest engines.'
e4330e5c92f232e9,Product Knowledge,Hoses,Closing Strategies 3,NEEDS NAME,5,39,low,Aerospace and military pedigree — Flexfab's silicone hose technology was developed for aerospace and military applications where failure isn't an option. That engineering pedigree ,'Aerospace technology — built where failure isn't an option.'
e3823e2831a921f7,Product Knowledge,Hoses,Closing Strategies 4,NEEDS NAME,6,40,low,Multi-layer reinforcement for high-pressure and pressure-spike resistance — Flexfab's premium hoses use multi-layer aramid (Kevlar-family) braided reinforcement that handles both s,'Built for the heat spikes after you shut off the engine.'
9ef6d029d58ec79d,Product Knowledge,Hoses,Closing Strategies 4,NEEDS NAME,6,41,low,"Color and customization options for performance and showcar applications — Flexfab silicone hoses available in multiple colors (red, blue, black, others) — popular in performance, ",skip
e6483724de9ea218,Product Knowledge,Hoses,Closing Strategies 4,NEEDS NAME,6,42,low,"Severe-duty diesel and heavy equipment validation — Flexfab supplies hoses extensively to commercial truck (Cummins, Detroit, Mack), agricultural equipment (John Deere, Caterpillar",'Heavy-duty option for diesel trucks.'
3780ae54e043042d,Product Knowledge,Hoses,Closing Strategies 4,NEEDS NAME,6,43,low,STRATEGY 1: The Cooling System Service Bundle — Hose + Flush + Plastic Components Together,pitch the Cooling System Service bundle on every coolant-flush RO
21fd1eb3ee628f88,Product Knowledge,Hoses,Closing Strategies 4,NEEDS NAME,6,44,low,STRATEGY 1: The Cooling System Service Bundle — Hose + Flush + Plastic Components Together,lead with the bundle name
4300626703de1a27,Product Knowledge,Hoses,Closing Strategies 4,NEEDS NAME,6,45,low,STRATEGY 2: The Inside-Out Failure Education Sale — Why Visual Inspection Isn't Enough,"when customer questions hose replacement, explain ECD honestly"
1b69643ae016c1f2,Product Knowledge,Hoses,Closing Strategies 4,NEEDS NAME,6,46,low,STRATEGY 2: The Inside-Out Failure Education Sale — Why Visual Inspection Isn't Enough,'Hoses fail from the inside — looking fine outside doesn't mean fine inside.' Trigger: any customer hesitating on a hose
db4ea051030d2fad,Product Knowledge,Hoses,Closing Strategies 4,NEEDS NAME,6,47,low,"STRATEGY 3: The Head Gasket Insurance Frame — The $80 Hose vs the $3,000 Repair",tie hose service to head gasket consequence
66ec0a988a7b6e23,Product Knowledge,Hoses,Closing Strategies 5,NEEDS NAME,7,48,low,"STRATEGY 3: The Head Gasket Insurance Frame — The $80 Hose vs the $3,000 Repair","'A bad hose costs you the engine — not just the rubber.' Trigger: any cooling system inspection finding marginal hoses, "
5feda753b6f77a0b,Product Knowledge,Plugs,Knowledge Notes 1,NEEDS NAME,1,1,zero,Spark Plug Purpose,"Worn plugs = misfire. Misfire = damage. Cat converter is $1,500+. Replace plugs on schedule."
f5af4377631c9c07,Product Knowledge,Plugs,Knowledge Notes 1,NEEDS NAME,1,2,zero,Interval by Type,Copper: 30K. Platinum: 60K. Iridium: 100K. Match the interval to the plug type.
7ed585a4f1f0e030,Product Knowledge,Plugs,Knowledge Notes 1,NEEDS NAME,1,3,zero,Symptoms,Rough idle + CEL = plugs. Get ahead of it before the cat converter dies.
77213a01b053348e,Product Knowledge,Plugs,Knowledge Notes 1,NEEDS NAME,1,4,zero,MPG Story,1-2 MPG back after fresh plugs. Customer notices at the pump.
0e31b636ff1c1546,Product Knowledge,Plugs,Knowledge Notes 1,NEEDS NAME,1,5,zero,Catalytic Converter Save,"Prevent cat failure. $200 plugs vs $1,500 cat. Sell protection."
a02a690592eabeb3,Product Knowledge,Plugs,Knowledge Notes 1,NEEDS NAME,1,6,zero,Iridium Premium,"Iridium = premium life. Higher up front, lower total cost. Good OE match."
e02a0af1a1623620,Product Knowledge,Plugs,Knowledge Notes 1,NEEDS NAME,1,7,zero,Coil-on-Plug Bundle,Coil + plug = complete ignition service. Bundle on high-mile.
15550151461593ee,Product Knowledge,Plugs,Knowledge Notes 1,NEEDS NAME,1,8,zero,Time + Mileage,BTM applies. State time AND mileage.
49b20bae5dbc20ba,Product Knowledge,Plugs,Knowledge Notes 2,NEEDS NAME,2,9,zero,Preventive Framing,Prevent the misfire. Prevent the cat. Prevent the tow.
2b9eed070b22c068,Product Knowledge,Plugs,Knowledge Notes 2,NEEDS NAME,2,10,zero,Piggy Back,Couple a spark plug replacement with a decarb service.  Might get a warranty!!!
8f2b033cce98c657,Product Knowledge,Plugs,Closing Strategies 1,NEEDS NAME,3,11,low,"Spark plugs don't fail dramatically — they degrade gradually over 100,000+ miles, costing fuel economy, power, and emissions performance long before they cause a misfire code. The ","lead the plug conversation with degradation framing, not failure framing"
366acecf69c3d4aa,Product Knowledge,Plugs,Closing Strategies 1,NEEDS NAME,3,12,low,"Spark plugs don't fail dramatically — they degrade gradually over 100,000+ miles, costing fuel economy, power, and emissions performance long before they cause a misfire code. The ",'Worn plugs cost you fuel — let's fix that.'
e8ceb8f190a38dfd,Product Knowledge,Plugs,Closing Strategies 1,NEEDS NAME,3,13,low,"Iridium tip technology is the modern standard — and the difference between iridium and platinum isn't a marketing tier, it's a real engineering advantage. Iridium melts at 4,470°F ",'Iridium is what your engine was built for — not a premium upsell.'
096d313e338d3be3,Product Knowledge,Plugs,Closing Strategies 1,NEEDS NAME,3,14,low,"Always replace ALL plugs as a set — never one or two. Plugs wear at the same rate across all cylinders, and a partial replacement creates inconsistent combustion that the ECU detec",every plug RO is a complete-set replacement
05a3738c71ae2a22,Product Knowledge,Plugs,Closing Strategies 1,NEEDS NAME,3,15,low,"Always replace ALL plugs as a set — never one or two. Plugs wear at the same rate across all cylinders, and a partial replacement creates inconsistent combustion that the ECU detec",'All plugs together — never just some.'
62d0501042b4b8d9,Product Knowledge,Plugs,Closing Strategies 1,NEEDS NAME,3,16,low,"EVs and hybrid traction motors don't use spark plugs since electric motors don't combust fuel. Hybrids still have plugs on the gas engine portion, but pure EVs have zero ignition s",clean honest answer for EV customers
fb3e6482a9ce88f1,Product Knowledge,Plugs,Closing Strategies 1,NEEDS NAME,3,17,low,"EVs and hybrid traction motors don't use spark plugs since electric motors don't combust fuel. Hybrids still have plugs on the gas engine portion, but pure EVs have zero ignition s",'No plugs on your EV.'
f76a6946aa82ca5c,Product Knowledge,Plugs,Closing Strategies 1,NEEDS NAME,3,18,low,"Coil-on-plug (COP) ignition is standard on virtually every vehicle built since the late 1990s — and a failing coil produces symptoms identical to a fouled plug (misfire, rough idle",'Plugs and coils work together — we check both.'
235f2407342cf5f3,Product Knowledge,Plugs,Closing Strategies 2,NEEDS NAME,4,19,low,Largest spark plug manufacturer in the world — Niterra (rebranded from NGK in April 2023) produces approximately 1 billion spark plugs annually and supplies OE plugs to virtually e,cite Niterra global OE supply
9521fa580ae13290,Product Knowledge,Plugs,Closing Strategies 2,NEEDS NAME,4,20,low,Largest spark plug manufacturer in the world — Niterra (rebranded from NGK in April 2023) produces approximately 1 billion spark plugs annually and supplies OE plugs to virtually e,'NGK is the world's biggest — most cars have NGK from the factory.'
ea8c0e9fc6ebae5d,Product Knowledge,Plugs,Closing Strategies 2,NEEDS NAME,4,21,low,"Industry-pioneering iridium technology — NGK developed and popularized iridium tip technology for production spark plugs, with the iridium IX line establishing the industry benchma",'NGK invented iridium plugs.'
7e4fbfd234303950,Product Knowledge,Plugs,Closing Strategies 2,NEEDS NAME,4,22,low,Laser Iridium and Ruthenium HX premium technologies — NGK's Laser Iridium plugs use laser-welded iridium tips for the strongest possible bond between the iridium and the center ele,'NGK has tiered premium options.'
6959ac52cc9ea162,Product Knowledge,Plugs,Closing Strategies 2,NEEDS NAME,4,23,low,"Comprehensive product line covering every vehicle type — Niterra produces spark plugs for everything from lawn mowers and chainsaws to passenger cars, motorcycles, racing applicati",'NGK makes plugs for everything from lawnmowers to F1.'
53be1f8ac29d5dfa,Product Knowledge,Plugs,Closing Strategies 2,NEEDS NAME,4,24,low,"NTK sensor brand for ADAS and emissions — Niterra also owns the NTK brand for oxygen sensors, MAF sensors, and other engine management components. The brand has deep expertise in t",'NGK makes the sensors too — engineered together.'
ac6d1eea5554f638,Product Knowledge,Plugs,Closing Strategies 2,NEEDS NAME,4,25,low,STRATEGY 1: The Fuel Economy Reframe — Plug Service Pays For Itself in Gas Savings,"lead the plug conversation with fuel-economy framing, not failure framing"
5598e4abb6ca99ff,Product Knowledge,Plugs,Closing Strategies 2,NEEDS NAME,4,26,low,STRATEGY 1: The Fuel Economy Reframe — Plug Service Pays For Itself in Gas Savings,"'Plugs cost you fuel — let's fix that.' Trigger: any vehicle 60K+ miles, especially trucks and turbocharged engines"
9778e3454b3bfc6f,Product Knowledge,Plugs,Closing Strategies 3,NEEDS NAME,5,27,low,STRATEGY 2: The Coil + Plug Bundle — Never Replace One Without Inspecting the Other,every plug RO is a coil inspection
ba361fa9a8f4852f,Product Knowledge,Plugs,Closing Strategies 3,NEEDS NAME,5,28,low,STRATEGY 2: The Coil + Plug Bundle — Never Replace One Without Inspecting the Other,"'Plugs and coils — we check both.' Trigger: any plug replacement RO, every time"
79a2ee88f843de0d,Product Knowledge,Plugs,Closing Strategies 3,NEEDS NAME,5,29,low,STRATEGY 3: The HEMI 16-Plug Honest Disclosure — Set Expectations Before the Estimate,lead the HEMI plug conversation with the 16-plug fact and 30K interval
b780204c6c79784f,Product Knowledge,Plugs,Closing Strategies 3,NEEDS NAME,5,30,low,STRATEGY 3: The HEMI 16-Plug Honest Disclosure — Set Expectations Before the Estimate,"'HEMI has 16 plugs — two per cylinder. Different than other engines.' Trigger: any HEMI vehicle (2003+ 5.7L, 6.1L, 6.4L "
308d6e3cd43fc527,Product Knowledge,Timing Belt,Knowledge Notes,NEEDS NAME,1,1,zero,Timing Belt Purpose,"Belt breaks. Valves hit pistons. Engine destroyed. $3,000+ repair."
181746f6091c3f54,Product Knowledge,Timing Belt,Knowledge Notes,NEEDS NAME,1,2,zero,Interval,60K-100K rule. Follow manual. Don't guess.
d70bfdcd496b5bc3,Product Knowledge,Timing Belt,Knowledge Notes,NEEDS NAME,1,3,zero,Interference vs Non-Interference,Interference engine = catastrophic damage. Non-interference = mild. Know which.
5c2c9043bf1ff811,Product Knowledge,Timing Belt,Knowledge Notes,NEEDS NAME,1,4,zero,Water Pump Bundle,Water pump + timing belt = one labor bill. Always bundle.
de57f4bbb0d1999d,Product Knowledge,Timing Belt,Knowledge Notes,NEEDS NAME,1,5,zero,Tensioner + Idler,Complete parts kit or don't do the job. Cutting corners here = comeback.
5a1e8b2e0fe887b5,Product Knowledge,Timing Belt,Knowledge Notes,NEEDS NAME,1,6,zero,Warranty,Warranty coverage applies. Say so in every pitch.  Your factory parts are great.  Be proud.
b1371d6bc696c494,Product Knowledge,Timing Belt,Knowledge Notes,NEEDS NAME,1,7,zero,Preventive Framing,"$800 vs $4,000. Best math customers will see. Sell protection."
bf4727dcb9642fdc,Product Knowledge,Timing Belt,Knowledge Notes,NEEDS NAME,1,8,zero,Time + Mileage,BTM anchor. Time and mileage matter equally on timing belts.
dc4ab8fdb6b5c48b,Product Knowledge,Timing Belt,Closing Strategies 1,NEEDS NAME,2,9,low,"Timing belts are NOT serpentine belts — different parts, different consequences. The timing belt synchronizes crankshaft and camshaft. On interference engines, timing belt failure ",clarify timing vs serpentine the moment a customer asks
03640040d9344ebf,Product Knowledge,Timing Belt,Closing Strategies 1,NEEDS NAME,2,10,low,"Timing belts are NOT serpentine belts — different parts, different consequences. The timing belt synchronizes crankshaft and camshaft. On interference engines, timing belt failure ",'These are two different belts — the timing belt is the critical one.'
c7823831d37c67f0,Product Knowledge,Timing Belt,Closing Strategies 1,NEEDS NAME,2,11,low,"Most modern engines have transitioned to timing chains — meaning timing belt service is now largely a legacy-vehicle specialty. Honda J-series V6 (Pilot, Odyssey, Ridgeline, MDX) i",confirm chain vs belt by year and engine
39eb6b646f39a76a,Product Knowledge,Timing Belt,Closing Strategies 1,NEEDS NAME,2,12,low,"Most modern engines have transitioned to timing chains — meaning timing belt service is now largely a legacy-vehicle specialty. Honda J-series V6 (Pilot, Odyssey, Ridgeline, MDX) i",'Newer engines mostly have chains — let's check yours.'
60dc1720bea6f0ae,Product Knowledge,Timing Belt,Closing Strategies 1,NEEDS NAME,2,13,low,"The 'wet belt' design used in some Ford EcoBoost (1.0L, 1.5L, 1.6L, 2.0L) and VW EA288 TDI engines runs the timing belt in oil — and has been associated with widely reported premat",identify wet-belt vehicles and recommend early replacement
f41b2eebfba622bd,Product Knowledge,Timing Belt,Closing Strategies 1,NEEDS NAME,2,14,low,"The 'wet belt' design used in some Ford EcoBoost (1.0L, 1.5L, 1.6L, 2.0L) and VW EA288 TDI engines runs the timing belt in oil — and has been associated with widely reported premat",'Your engine has a wet-belt design — we recommend replacing it earlier than the manual says.'
b02aadb81ce305b2,Product Knowledge,Timing Belt,Closing Strategies 1,NEEDS NAME,2,15,low,"Always replace water pump, tensioner, and idler pulleys at the same time as the timing belt — labor access is identical and these are matched-life wear components. Replacing the be","every timing belt RO is a kit job, not a belt-only job"
c923d368037654d4,Product Knowledge,Timing Belt,Closing Strategies 1,NEEDS NAME,2,16,low,"Always replace water pump, tensioner, and idler pulleys at the same time as the timing belt — labor access is identical and these are matched-life wear components. Replacing the be","'Belt + water pump + tensioner + idlers — all done together, one labor charge.'"
40a485f34e37e95a,Product Knowledge,Timing Belt,Closing Strategies 2,NEEDS NAME,3,17,low,"EVs and hybrids that use Atkinson-cycle gas engines (Toyota Prius, Camry Hybrid, RAV4 Hybrid, Honda Accord Hybrid, Mazda CX-90 PHEV, etc.) all use timing chains — meaning timing be",clean honest answer for EV/hybrid customers
95697be37312cdd3,Product Knowledge,Timing Belt,Closing Strategies 2,NEEDS NAME,3,18,low,"EVs and hybrids that use Atkinson-cycle gas engines (Toyota Prius, Camry Hybrid, RAV4 Hybrid, Honda Accord Hybrid, Mazda CX-90 PHEV, etc.) all use timing chains — meaning timing be",'Your hybrid has a chain — no timing belt service.'
f9e5991106129014,Product Knowledge,Timing Belt,Closing Strategies 2,NEEDS NAME,3,19,low,STRATEGY 1: The Timing Belt Kit Job — Belt + Water Pump + Tensioner + Idlers Together (Never Belt Alone),"every timing belt RO is a kit job, not a belt-only job"
887d37dc3ec12fbc,Product Knowledge,Timing Belt,Closing Strategies 2,NEEDS NAME,3,20,low,STRATEGY 1: The Timing Belt Kit Job — Belt + Water Pump + Tensioner + Idlers Together (Never Belt Alone),lead with the bundle
a1b2464bda93a269,Product Knowledge,Timing Belt,Closing Strategies 2,NEEDS NAME,3,21,low,STRATEGY 2: The Wet-Belt Early-Replacement Sale — Customer Protection on Ford EcoBoost and VW EA288 TDI,identify wet-belt vehicles and lead with honest disclosure
437efbfd0c257c62,Product Knowledge,Timing Belt,Closing Strategies 2,NEEDS NAME,3,22,low,STRATEGY 2: The Wet-Belt Early-Replacement Sale — Customer Protection on Ford EcoBoost and VW EA288 TDI,'Wet-belt design — replace earlier than the book says.' Trigger: any 1.0/1.5/1.6/2.0L EcoBoost (2013-2018) or EA288 TDI 
13a484f0402cbaad,Product Knowledge,Timing Belt,Closing Strategies 2,NEEDS NAME,3,23,low,STRATEGY 3: The Chain-vs-Belt Education Sale — Stop Overselling AND Stop Underselling,confirm chain vs belt by year and engine on every customer asking
252fe10b9833a606,Product Knowledge,Timing Belt,Closing Strategies 2,NEEDS NAME,3,24,low,STRATEGY 3: The Chain-vs-Belt Education Sale — Stop Overselling AND Stop Underselling,'Let me check your engine — chain or belt makes a big difference.' Trigger: any customer asking about timing belt servic
b5af445f51441ccc,Product Knowledge,Tires,Knowledge Notes 1,NEEDS NAME,1,1,zero,Tire Purpose,Only four contact patches. Worn = unsafe. Every RO gets a tire check.
29b6d238d290e8d4,Product Knowledge,Tires,Knowledge Notes 1,NEEDS NAME,1,2,zero,Tread Depth,4/32 = pitch. 2/32 = urgent. Show with the gauge.
37e0cce8aba311e9,Product Knowledge,Tires,Knowledge Notes 1,NEEDS NAME,1,3,zero,Uneven Wear,Uneven wear = alignment problem OR suspension wear. Pitch alignment before selling tires.
bf50d2372cc045e5,Product Knowledge,Tires,Knowledge Notes 1,NEEDS NAME,1,4,zero,EV Tire Wear Rate,EV = fast tire wear. More rotates. More alignments. More tires.
74bf837a2d281017,Product Knowledge,Tires,Knowledge Notes 1,NEEDS NAME,1,5,zero,Truck + Tow,Tow = fast wear. Adjust the interval down.
902007b48fc89b42,Product Knowledge,Tires,Knowledge Notes 1,NEEDS NAME,1,6,zero,Rotation Bundle,Every LOF = rotation opportunity. Every rotation = alignment check.
6867896d1e729c33,Product Knowledge,Tires,Knowledge Notes 1,NEEDS NAME,1,7,zero,Rotation Bundle,LOF + rotation + alignment check = complete tire service. Bundle the pitch.
b2c6e5f69fde80c6,Product Knowledge,Tires,Knowledge Notes 1,NEEDS NAME,1,8,zero,Time + Mileage,"""Based on TIME and Mileage, your tires need service today."""
19f469c4d16d2e2a,Product Knowledge,Tires,Knowledge Notes 2,NEEDS NAME,2,9,zero,4/32 Trigger,4/32 tread depth = pitch replacement. Show with gauge.
d225a0ef71553613,Product Knowledge,Tires,Knowledge Notes 2,NEEDS NAME,2,10,zero,4/32 Trigger,4/32 = pitch. 2/32 = urgent. Show the gauge. GYR.  All about GYR
34a93887d4bf219d,Product Knowledge,Tires,Knowledge Notes 2,NEEDS NAME,2,11,zero,Alignment on Uneven Wear,Uneven wear = fix alignment first. Selling tires without alignment = comeback.
3237a394b3b95a0f,Product Knowledge,Tires,Knowledge Notes 2,NEEDS NAME,2,12,zero,Alignment on Uneven Wear,"Uneven wear pattern = alignment problem. Fix cause, not symptom.  What's your strategy?  Time, Mileage, Checker?"
4a369b3caaf1b877,Product Knowledge,Tires,Knowledge Notes 2,NEEDS NAME,2,13,zero,Rotate at Every LOF,Every LOF = rotation opportunity. Always rotate.
03c456bbded864d3,Product Knowledge,Tires,Knowledge Notes 2,NEEDS NAME,2,14,zero,Rotate at Every LOF,LOF + rotation is standard.
7945316ad5017e44,Product Knowledge,Tires,Closing Strategies 1,NEEDS NAME,3,15,low,Michelin is widely regarded as the premium tier in the tire industry — consistently ranked #1 for tread life and dry/wet handling balance in independent tire-life and consumer stud,'Michelin is the premium standard.'
b1fd6dac5989ef81,Product Knowledge,Tires,Closing Strategies 1,NEEDS NAME,3,16,low,"The Defender series (Defender 2, Defender LTX M/S 2) carries some of the longest tread-life warranties in the industry — up to 80,000 miles for the Defender 2 and 70,000 miles for ",cite the warranty mileage
92e930fad8213f82,Product Knowledge,Tires,Closing Strategies 1,NEEDS NAME,3,17,low,"The Pilot Sport line (Pilot Sport 4S, Pilot Sport 5, Pilot Sport All Season 4) is widely considered the benchmark in ultra-high-performance tires — OE-fitted on many premium and sp",'Top performance tire.'
7c1144c957bd8ca4,Product Knowledge,Tires,Closing Strategies 1,NEEDS NAME,3,18,low,The CrossClimate 2 is a leading all-weather tire (3PMSF-rated for severe snow service) — serves as a single-tire solution for customers who don't want to swap to dedicated winter t,'One tire for all weather — no swap.'
a39dce17d9e1bba2,Product Knowledge,Tires,Closing Strategies 1,NEEDS NAME,3,19,low,Michelin is owned by the French Michelin Group — also owns BFGoodrich (off-road and truck tires) and Uniroyal (value-tier tires) — giving Michelin tiered options at different price,'Same parent — three tiers.'
1e1a49dcda390e85,Product Knowledge,Tires,Closing Strategies 1,NEEDS NAME,3,20,low,"Bridgestone is the world's largest tire manufacturer by revenue — produces tires for nearly every OEM, with extensive OE fitments on Toyota, Lexus, Honda, Subaru, GM, and others.",'Bridgestone is OE on your vehicle — replacement is direct match.'
65e8ece8a72d517c,Product Knowledge,Tires,Closing Strategies 1,NEEDS NAME,3,21,low,"Goodyear is the largest American-owned tire manufacturer — extensive OE fitments on Ford, GM, Stellantis, and others, with a particularly strong presence on American trucks and SUV",'American-owned.' Especially relevant for truck customers
209ff59e9ca25579,Product Knowledge,Tires,Closing Strategies 1,NEEDS NAME,3,22,low,"The Assurance line (Assurance MaxLife, Assurance WeatherReady, Assurance ComfortDrive) is the touring/all-season family targeting long tread life and all-weather performance.",'Long tread life — Assurance MaxLife is the longest.'
7daf557a480a5fe4,Product Knowledge,Tires,Closing Strategies 2,NEEDS NAME,4,23,low,"Continental is a German manufacturer — extensive OE fitments on European vehicles (Mercedes, BMW, Audi, VW) and increasingly on American and Asian premium models.",'German manufacturer — OE on most European cars.'
8a1e9de2e6a3d428,Product Knowledge,Tires,Closing Strategies 2,NEEDS NAME,4,24,low,The TrueContact Tour and PureContact LS focus on long tread life with enhanced fuel-economy retention through low rolling resistance — popular for sedans and crossovers.,pitch for fuel-conscious customers
e2399c7e2c8c4e67,Product Knowledge,Tires,Closing Strategies 2,NEEDS NAME,4,25,low,"Pirelli is an Italian manufacturer specializing in premium and performance tires — heavy focus on supercar, sports car, and luxury OE fitments. Ferrari, Lamborghini, McLaren, Porsc",'Italian manufacturer — Ferrari / Lamborghini / Porsche OE.'
781800f91bbcb9cf,Product Knowledge,Tires,Closing Strategies 2,NEEDS NAME,4,26,low,"THE ROTATION + BALANCE PIGGYBACK — Every rotation is a balance opportunity. If the customer mentions any vibration — at speed, on the highway, when braking — balance is the diagnos",ask 'any vibrations?' on every rotation RO
7150f75765607684,Product Knowledge,Tires,Closing Strategies 2,NEEDS NAME,4,27,low,"THE EV ROTATION FREQUENCY EDUCATION — Every EV customer (Mach-E, Lightning, Hummer EV, Silverado EV, Lyriq, ID.4, e-tron, EQS, Ioniq 5, EV6, Mach-E, Solterra, Leaf, Ariya, etc.) ne",every EV RO gets the EV-tire-wear conversation
64f882e5ba81bcfc,Product Knowledge,Tires,Closing Strategies 2,NEEDS NAME,4,28,low,TRO-022 Tire Rotation,We are getting there but there is still improvement to be had with rotates!  Remember this word track.  Any time a custo
61720bb60ef32258,Product Knowledge,Tires,Closing Strategies 2,NEEDS NAME,4,29,low,TBL-023 Tire Balance,"…and balance?  Sound familiar?  Offer every single customer that asks for an oil change and tire rotation, a balance!"
eb10125e58b06a9c,Product Knowledge,Tires,Closing Strategies 2,NEEDS NAME,4,30,low,ALN-024 Wheel Alignment,"Let's get those alignments up!  Here is a word track for you.  ""With LASER precision we make sure your tires are going p"
fd6d8703e6119c2c,Product Knowledge,Tires,Closing Strategies 3,NEEDS NAME,5,31,low,NIT-025 Nitrogen Inflation,"Good start on your Nitrogen sales.  A tip for today, build Nitrogen into your tire quote."
0dd1c44811aee973,Product Knowledge,Tires,Closing Strategies 3,NEEDS NAME,5,32,low,TPS-026 TPMS Service,"Getting started on TPMS service! Word track: ""While we have your tires off for the rotation, we want to service your TPM"
b325ef079d519778,Product Knowledge,Tires,Closing Strategies 3,NEEDS NAME,5,33,low,TSL-027 Tire Sealant,"Getting started on tire sealant! Word track: ""Did you know that many modern vehicles no longer come with a spare tire? O"
0c6f99939d8bf632,Product Knowledge,Wipers,Fall Bundle,OK,1,1,zero,Fall Bundle,Wipers + battery test + headlight restoration = fall visibility bundle. Bundle the pitch.
4fdc449a56d760aa,Product Knowledge,Wipers,Fall Bundle,OK,1,2,zero,Fall Bundle,Wipers + battery + headlight = fall visibility bundle. Sell all three.
a26c0604cdd2e9bf,Product Knowledge,Wipers,Fall Bundle,OK,1,3,zero,Fall Bundle,"Fall bundle: wipers, battery test, headlight restoration."
5b376a0d5a944f66,Product Knowledge,Wipers,Show the Streak,OK,2,4,zero,Show the Streak,Run the wipers. Show the streak. Customer sees it. Sold.
21de6d11d90eb63a,Product Knowledge,Wipers,Show the Streak,OK,2,5,zero,Show the Streak,"Run the wipers, show the streak. Customer sees it. Sold."
7d998ff8e6b2d7ab,Product Knowledge,Wipers,Show the Streak,OK,2,6,zero,Show the Streak,Wet the windshield. Run wipers. Streak = sale.
500dda825ce8641e,Product Knowledge,Wipers,Knowledge Notes,NEEDS NAME,3,7,zero,Wiper Purpose,"Wipers clear the windshield. Streaking, chattering = safety."
d3f071cfec613cc3,Product Knowledge,Wipers,Knowledge Notes,NEEDS NAME,3,8,zero,Every LOF Attach,Wiper check at every LOF. Target 20-30% attach rate.
d2745de705a670f5,Product Knowledge,Wipers,Knowledge Notes,NEEDS NAME,3,9,zero,6-Month Rule,Time not mileage. 6-12 months and they're done. State the age.
ba9f1fca0f063fd0,Product Knowledge,Wipers,Knowledge Notes,NEEDS NAME,3,10,zero,Rear Wiper,"Rear wiper often forgotten. Attach with front. Small ticket, easy add."
7c55755378ff6962,Product Knowledge,Wipers,Knowledge Notes,NEEDS NAME,3,11,zero,Rear Wiper,"Don't forget rear wipers. Same wear, same replacement. Add automatically."
8b926be96eaeef25,Product Knowledge,Wipers,Closing Strategies 1,NEEDS NAME,4,12,low,"How they work — Hydrophobic treatments deposit a thin polymer or silicone coating that causes water to bead up and roll off at speeds as low as 35 mph, often without using the wipe",lead with the science
ca8417c4d6646f12,Product Knowledge,Wipers,Closing Strategies 1,NEEDS NAME,4,13,low,"Improved visibility in rain — The clearest benefit is dramatically improved wet-weather visibility, especially at highway speeds and at night when oncoming headlights scatter throu",lead with the night driving framing
8d6de59655f3c941,Product Knowledge,Wipers,Closing Strategies 1,NEEDS NAME,4,14,low,"Reduced wiper dependence and wiper wear — Because water sheets off on its own at speed, wipers run less often, which extends blade life and reduces motor wear.",pair-sell with wiper replacement. 'New blades plus treatment = blades last twice as long.'
80d12206c7557251,Product Knowledge,Wipers,Closing Strategies 1,NEEDS NAME,4,15,low,"Reapplication interval — Most consumer treatments (Rain-X Original, Aquapel, Rain-X Pro) last 1-3 months under normal driving. Aquapel typically lasts 4-6 months but requires a mor",cite the duration that matches the customer's service cadence. Match interval to visit frequency
871c1de6a623bd61,Product Knowledge,Wipers,Closing Strategies 1,NEEDS NAME,4,16,low,"Reduces ice and snow adhesion — Treated windshields shed ice and frost more easily than untreated glass, making winter morning scraping faster and less abrasive on the glass.",'Easier ice scraping all winter.'
98a9846d0599ecaf,Product Knowledge,Wipers,Closing Strategies 1,NEEDS NAME,4,17,low,"Helps repel bugs and road grime — The same hydrophobic property that sheds water also reduces the adhesion of bug splatter, tree sap, and road tar — making the windshield easier to",'Bugs come off easier.'
4f41b1dbcb8a2046,Product Knowledge,Wipers,Closing Strategies 1,NEEDS NAME,4,18,low,"Possible downside — wiper chatter — Some users report wiper chatter or squeaking on freshly treated glass, especially with older or worn wiper blades. Switching to silicone wiper b",'New blades make it perfect.'
aba522c5566e2897,Product Knowledge,Wipers,Closing Strategies 1,NEEDS NAME,4,19,low,"Compatibility with rain-sensing wipers and ADAS cameras — Modern vehicles with rain-sensing wipers, lane-keep assist cameras, and other windshield-mounted sensors generally tolerat",critical operational fact. Apply EVENLY. Avoid sensor area on sensitive systems
3947b872debfed50,Product Knowledge,Wipers,Closing Strategies 2,NEEDS NAME,5,20,low,"Pro and ceramic-grade options — Beyond Rain-X: Aquapel (single-use professional applicator, 4-6 months), Gtechniq G1 ClearVision Smart Glass (ceramic-grade, up to 12 months), Gyeon",pitch one product clearly
6782d32b1d1c8f6a,Product Knowledge,Wipers,Closing Strategies 2,NEEDS NAME,5,21,low,THE WIPER + TREATMENT PIGGYBACK — Every wiper replacement is a windshield treatment opportunity. Aquapel applied at the time of wiper replacement adds 5 minutes of labor and ~$10-1,pair-sell rate should be near 100% on every wiper replacement
b93857098d8cf475,Product Knowledge,Wipers,Closing Strategies 2,NEEDS NAME,5,22,low,"THE REAR WIPER ADD-ON — On every SUV, hatchback, minivan, and wagon: ALWAYS check the rear wiper. Customers and advisors both forget about it. Adding it to the front-wiper sale inc",ALWAYS check rear wiper on Outback / Forester / CR-V / Pilot / Highlander / RAV4 / Tucson / Santa Fe / Telluride / Carni
62abe14aded3f036,Product Knowledge,Wipers,Closing Strategies 2,NEEDS NAME,5,23,low,WBF-018 Front Wiper Blades,"It is all in the walk-around.   ""Mr. Customer, do you mind using your windshield wipers for me?""  If you see streaks, of"
4f93087ae47feb2b,Product Knowledge,Wipers,Closing Strategies 2,NEEDS NAME,5,24,low,WBR-019 Rear Wiper Blade,"The poor rear wiper is often forgotten.  During your walk-around, have the customers use the rear wiper as well!"
450d419f593ac632,Product Knowledge,Wipers,Closing Strategies 2,NEEDS NAME,5,25,low,WBI-020 Wiper Inserts,"It is all in the walk-around.   ""Mr. Customer, do you mind using your windshield wipers for me?""  If you see streaks, of"
9e3838b30b06932b,Product Knowledge,Wipers,Closing Strategies 2,NEEDS NAME,5,26,low,WTR-021 Windshield Treatment,"Be consistent with your offering.  ""Are you familiar with our windshield cleaning service?""  What we will do is thorough"
c2f3d68045f426e0,Service Knowledge,AC HVAC,Beat the Heat,OK,1,1,zero,Beat the Heat,When does the warranty on an A/Compressor expire? Transition your customers from their OE Warranty to YOUR warranty!
68d326945a6c423b,Service Knowledge,AC HVAC,Beat the Heat,OK,1,2,zero,Beat the Heat,Remember to position AC services as insurance for your customers that have an immediate sensory result.
6472594a37ba0446,Service Knowledge,AC HVAC,Beat the Heat,OK,1,3,zero,Beat the Heat,"Ask your customers, would you like your air to blow colder and get colder faster?"
8c709956657d0214,Service Knowledge,AC HVAC,Arctic Blast,OK,2,4,zero,Arctic Blast,Remember ArcticBlast is a 45-second add on to an EVAP service and is only needed one time.
b339bdb548115362,Service Knowledge,AC HVAC,Arctic Blast,OK,2,5,zero,Arctic Blast,Every customer should be offered this product to make their AC colder and colder faster.
ee76a536ab508c71,Service Knowledge,AC HVAC,Arctic Blast,OK,2,6,zero,Arctic Blast,Arctic Blast is a great service to add to a pre-owned vehicle or vehicle that is going to the auction!
1d1baad71e788e42,Service Knowledge,AC HVAC,Arctic Blast,OK,2,7,zero,Arctic Blast,Artic Blast takes 45 seconds. Offer it to every customer. You must be allergic to money if you skip it!!
a38a161be978c9f1,Service Knowledge,AC HVAC,Arctic Blast,OK,2,8,zero,Arctic Blast,"Arctic Blast is a lifetime service, so long as the A/C is not compromised. If it is, you will need to offer it again."
a46d9080c8e78197,Service Knowledge,AC HVAC,Knowledge Notes 1,NEEDS NAME,3,9,zero,A/C ALL. YEAR,"A/C services are NOT a seasonal income category, spring to prep for summer heat and fall to prep for cold winters. Remem"
a1fa2447a20154c8,Service Knowledge,AC HVAC,Knowledge Notes 1,NEEDS NAME,3,10,zero,A/C Warranty,"A $150 service vs $1,000-$2,500 repair. Customer feels the difference instantly, and protects their investment. Pitch BE"
a9c125d71a3e1b50,Service Knowledge,AC HVAC,Knowledge Notes 1,NEEDS NAME,3,11,zero,R-134a TO R-1234yf,Arctic Blast works on old and new freon!
8a144f8043447403,Service Knowledge,AC HVAC,Knowledge Notes 1,NEEDS NAME,3,12,zero,Arctic Blast in 45 seconds,Arctic Blast takes 45 seconds to administer! Great money maker!
d155a014fcbe24b0,Service Knowledge,AC HVAC,Knowledge Notes 1,NEEDS NAME,3,13,zero,Hybrid and EV A/C Services,Our HVAC services are great services to offer your hybrid and EV owners!
389a969152da0f88,Service Knowledge,AC HVAC,Knowledge Notes 1,NEEDS NAME,3,14,zero,Beat the Heat Coverage,"Remember Beat the Heat A/C program (Artic Blast + EVAP service). This gets your customers on a 30,000 mile warranty."
83547942134f0a31,Service Knowledge,AC HVAC,Knowledge Notes 1,NEEDS NAME,3,15,zero,Beat the Heat Renewal,Remember that your customer is eligible for the Beat the Heat warranty program. Their warranty is renewed with an EVAP s
1ea22417988d5e6b,Service Knowledge,AC HVAC,Knowledge Notes 1,NEEDS NAME,3,16,zero,A/C Piggyback,Pair a Cabin Air Filter with every A/C conversation and vice versa.
237eef3bc8de0577,Service Knowledge,AC HVAC,Knowledge Notes 2,NEEDS NAME,4,17,zero,A/C Piggyback,Every A/C conversation = cabin filter conversation. This is a year-round service that should be offered to EVERY eligibl
63e7d3341f555740,Service Knowledge,AC HVAC,Knowledge Notes 2,NEEDS NAME,4,18,zero,Smelly Car,"**MOLD AND MILDEW IN THE EVAPORATOR IS THE MOST COMMON A/C COMPLAINT** — fast turnaround, low-cost service, customers lo"
2c009174e33cc572,Service Knowledge,AC HVAC,Knowledge Notes 2,NEEDS NAME,4,19,zero,A/C Service Stigma,"While helping a customer with a smelly car is great, do not JUST offer it then. Offer it once a year as a ""Happy Birthda"
91884a97e9a6e633,Service Knowledge,AC HVAC,Knowledge Notes 2,NEEDS NAME,4,20,zero,Deodorizers,"You have air fresheners that you can wand in, bomb in, or spray in. What is your favorite and have you done them on your"
54eab16d6d898584,Service Knowledge,AC HVAC,Knowledge Notes 2,NEEDS NAME,4,21,zero,A/C Quiet Max,Noisy A/C. You have a solution!
0bbed0fa43b5eb78,Service Knowledge,AC HVAC,Knowledge Notes 2,NEEDS NAME,4,22,zero,A/C Quiet Max,"Remember A/C Quiet MAX = universal, all refrigerants. Leak dye is built in to this product."
eec6995b7b479640,Service Knowledge,AC HVAC,Knowledge Notes 2,NEEDS NAME,4,23,zero,Simple Deodorizer,10507 can help with odors and ITS HOSPITAL GRADE!
1f209e8fcd925069,Service Knowledge,AC HVAC,Knowledge Notes 2,NEEDS NAME,4,24,zero,Odor-B-Gone,Remember Odor-B-Gone PN 0650/0651 takes 5 minutes to complete with no machine necessary. Offer this every time .
5bd186ab8a2c1d3c,Service Knowledge,AC HVAC,Knowledge Notes 3,NEEDS NAME,5,25,zero,A/C Odor Treatment,"A/C Odor Treatment (PN 1050, 5 oz aerosol, Clean Scent).** **IMMEDIATELY ATTACKS ODORS ON CONTACT.** Eliminates odor-pro"
ec07b6049b659898,Service Knowledge,AC HVAC,Knowledge Notes 3,NEEDS NAME,5,26,zero,A/C Odor Treatment,Remember A/C Odor Treatments are aerosol treatment products that should be offered to customers year-round. Cars smell y
94d35c45e66ea4b4,Service Knowledge,AC HVAC,Knowledge Notes 3,NEEDS NAME,5,27,zero,A/C Evap Services,A/C Evap service is a foaming cleanser. It comes out like the end of a shaving cream can. Kills all mold and spores that
27fbbf0f521a3281,Service Knowledge,AC HVAC,Knowledge Notes 3,NEEDS NAME,5,28,zero,A/C Evap Services,Foam product that deep cleans. This is part of the Beat the Heat program.
79e83e9d4c0d5747,Service Knowledge,AC HVAC,Knowledge Notes 3,NEEDS NAME,5,29,zero,Fogger Deodorizers,10 mins and the odor is gone!
68bc5b281bea3ab8,Service Knowledge,AC HVAC,Knowledge Notes 3,NEEDS NAME,5,30,zero,A/C Deodorizers,"Remember, Fresh A/C PN 10507 is an EPA-registered differential. It kills viruses, bacteria, mold"
9d11a6eca1e1cefc,Service Knowledge,AC HVAC,Knowledge Notes 3,NEEDS NAME,5,31,zero,HVAC Lineup Opening Question,"Master this opening question: ""Are you familiar with our A/C and HVAC products?"""
6be79d7e1d7dbcb3,Service Knowledge,AC HVAC,Knowledge Notes 3,NEEDS NAME,5,32,zero,Scented Cabin Air Filter,"Remember, scented cabin air filters make customers happy and makes a 'common' part a FUN part!"
50ff98a7ca847289,Service Knowledge,AC HVAC,Knowledge Notes 4,NEEDS NAME,6,33,zero,Cabin Air Filter Stat,CAF have 30% less airflow at 25K miles of usage. Share this with your customers.
137db2681a79bf7b,Service Knowledge,AC HVAC,Knowledge Notes 4,NEEDS NAME,6,34,zero,Winter Cabin Air Filter Tip,"Remember, CAF affects heat too. CAF have 20-25% less heat at 25K. CAF should be sold ALL the time, not just summer."
34837ccd3720d1ea,Service Knowledge,AC HVAC,Knowledge Notes 4,NEEDS NAME,6,35,zero,Cabin Air Filter Options,Do you have tiers of cabin air filter? Microfiber? Value Line? EVERY product is important. Research a fun fact about CAF
c919a27778a2b97b,Service Knowledge,AC HVAC,Knowledge Notes 4,NEEDS NAME,6,36,zero,Cabin Air Filter Optios,"Remember, there are three CAF options: standard, charcoal, scented. Fresh A/C with every filter."
252ff2727cee82e4,Service Knowledge,AC HVAC,Knowledge Notes 4,NEEDS NAME,6,37,zero,A/C Recharge,Always identify refrigerant first.
4c9a5bda7a19f86e,Service Knowledge,AC HVAC,Knowledge Notes 4,NEEDS NAME,6,38,zero,PAG Oil,All Hybrids and EVs require POE only. NEVER PAG. Cross-contamination causes electrical short circuits leading to compres
a61528df41e52b3e,Service Knowledge,AC HVAC,Closing Strategies 1,NEEDS NAME,7,39,low,"**A/C SERVICE IS THE SEASONAL INCOME CATEGORY THAT HITS TWICE A YEAR** (spring A/C prep + fall heating prep), with year-round odor and disinfection opportunities. Customer experien",cite the seasonal-twice-a-year framing + immediate customer feedback
dbe6aee824011fa1,Service Knowledge,AC HVAC,Closing Strategies 1,NEEDS NAME,7,40,low,"**A/C SERVICE IS THE SEASONAL INCOME CATEGORY THAT HITS TWICE A YEAR** (spring A/C prep + fall heating prep), with year-round odor and disinfection opportunities. Customer experien","'$150 service vs $1,000-$2,500 repair. Customer feels the difference instantly.'"
cd91eff3adcf5e54,Service Knowledge,AC HVAC,Closing Strategies 1,NEEDS NAME,7,41,low,**THE R-134a TO R-1234yf REFRIGERANT TRANSITION IS THE SINGLE BIGGEST A/C INDUSTRY CHANGE IN 25 YEARS.** Most OEMs transitioned 2014-2019. **R-1234yf costs roughly 5-10x MORE than ,ALWAYS identify refrigerant type BEFORE quoting
ac0d258d382600be,Service Knowledge,AC HVAC,Closing Strategies 1,NEEDS NAME,7,42,low,**THE R-134a TO R-1234yf REFRIGERANT TRANSITION IS THE SINGLE BIGGEST A/C INDUSTRY CHANGE IN 25 YEARS.** Most OEMs transitioned 2014-2019. **R-1234yf costs roughly 5-10x MORE than ,'Check under-hood label first. R-134a vs R-1234yf = 5-10x cost difference.'
358a7eae8c4d4b70,Service Knowledge,AC HVAC,Closing Strategies 1,NEEDS NAME,7,43,low,**EPA SECTION 609 CERTIFICATION IS REQUIRED for any technician handling automotive refrigerant in the United States.** This is federal law — not optional. The certification ensures,verify Section 609 certification on every A/C tech
d66c8d8f08177ffd,Service Knowledge,AC HVAC,Closing Strategies 1,NEEDS NAME,7,44,low,**EPA SECTION 609 CERTIFICATION IS REQUIRED for any technician handling automotive refrigerant in the United States.** This is federal law — not optional. The certification ensures,'EPA Section 609 — federal requirement. Verify your techs.'
72ad11ebaae3fbae,Service Knowledge,AC HVAC,Closing Strategies 1,NEEDS NAME,7,45,low,"**EV AND HYBRID ELECTRIC COMPRESSORS USE POE OIL ONLY — NEVER PAG OIL. CROSS-CONTAMINATION CAUSES ELECTRICAL SHORT CIRCUITS** in the electric compressor windings, leading to catast",ALWAYS verify POE oil for hybrid/EV applications
14cd2eb8a7da9f03,Service Knowledge,AC HVAC,Closing Strategies 1,NEEDS NAME,7,46,low,"**EV AND HYBRID ELECTRIC COMPRESSORS USE POE OIL ONLY — NEVER PAG OIL. CROSS-CONTAMINATION CAUSES ELECTRICAL SHORT CIRCUITS** in the electric compressor windings, leading to catast",'Hybrid/EV = POE oil ONLY. NEVER PAG. Wrong oil = electrical short.'
7353785bd37504a9,Service Knowledge,AC HVAC,Closing Strategies 2,NEEDS NAME,8,47,low,"**MITCH'S BEAT THE HEAT PROGRAM (preserved from existing Success Cycle Speech R43, R47).** The named program combining ABL-006 Arctic Blast + EVC-007 AC EVAP Core Cleaning into ONE",cite Beat the Heat as the named A/C program
da2a9b7662461374,Service Knowledge,AC HVAC,Closing Strategies 2,NEEDS NAME,8,48,low,"**MITCH'S BEAT THE HEAT PROGRAM (preserved from existing Success Cycle Speech R43, R47).** The named program combining ABL-006 Arctic Blast + EVC-007 AC EVAP Core Cleaning into ONE",'Beat the Heat — Arctic Blast + AC EVAP — 30K compressor warranty.'
9752ca0479071b96,Service Knowledge,AC HVAC,Closing Strategies 2,NEEDS NAME,8,49,low,"**THE CABIN AIR FILTER PAIRING — CRITICAL CROSS-SELL.** Every A/C service is a cabin air filter conversation, and every cabin air filter replacement is an A/C service conversation.",pair CAF with every A/C conversation and vice versa
30ae7d18c36d95ce,Service Knowledge,AC HVAC,Closing Strategies 2,NEEDS NAME,8,50,low,"**THE CABIN AIR FILTER PAIRING — CRITICAL CROSS-SELL.** Every A/C service is a cabin air filter conversation, and every cabin air filter replacement is an A/C service conversation.",'Every A/C conversation = cabin filter conversation. Year-round service.'
6e22242cbc18e696,Service Knowledge,AC HVAC,Closing Strategies 2,NEEDS NAME,8,51,low,"**MOLD AND MILDEW IN THE EVAPORATOR IS THE MOST COMMON A/C COMPLAINT** — fast turnaround, low-cost service, customers love the result. The evaporator is a perfect environment for m",ask every customer about A/C odor
b8bef495b4d7e825,Service Knowledge,AC HVAC,Closing Strategies 2,NEEDS NAME,8,52,low,"**MOLD AND MILDEW IN THE EVAPORATOR IS THE MOST COMMON A/C COMPLAINT** — fast turnaround, low-cost service, customers love the result. The evaporator is a perfect environment for m",'Smell? Service. MOC has 5 odor products at different price points.'
fad6ce57b61ff0e8,Service Knowledge,AC HVAC,Closing Strategies 2,NEEDS NAME,8,53,low,"**ANNUAL A/C INSPECTION BEFORE PEAK SUMMER IS THE INDUSTRY BEST PRACTICE** — catch leaks before customer complaints start. Most OEMs (Ford, GM, BG Products) explicitly recommend an",standing complimentary A/C check May-September
e7bb537555887383,Service Knowledge,AC HVAC,Closing Strategies 2,NEEDS NAME,8,54,low,"**ANNUAL A/C INSPECTION BEFORE PEAK SUMMER IS THE INDUSTRY BEST PRACTICE** — catch leaks before customer complaints start. Most OEMs (Ford, GM, BG Products) explicitly recommend an",'Annual inspection. Catch leaks before complaints.'
626c52df4b3c7e11,Service Knowledge,AC HVAC,Closing Strategies 3,NEEDS NAME,9,55,low,"Position: **COMPREHENSIVE 7-PRODUCT A/C AND HVAC LINEUP COVERING EVERY ANGLE OF A/C SERVICE.** Universal refrigerant lubrication compatible with R-12, R-134a, AND R-1234yf; perform",distinguish MOC Products from Motorcraft
e7d71e3ac679eb00,Service Knowledge,AC HVAC,Closing Strategies 3,NEEDS NAME,9,56,low,"Position: **COMPREHENSIVE 7-PRODUCT A/C AND HVAC LINEUP COVERING EVERY ANGLE OF A/C SERVICE.** Universal refrigerant lubrication compatible with R-12, R-134a, AND R-1234yf; perform",'MOC = full A/C ecosystem. Motorcraft = Ford OE.'
3ee5b195684d10bb,Service Knowledge,AC HVAC,Closing Strategies 3,NEEDS NAME,9,57,low,"**A/C Quiet MAX (PN 0136 — available as PN 01361 2 oz / PN 01368 8 oz, Universal Refrigerant Lubricant).** **UNIVERSAL LUBRICANT FOR R-134a, R-1234yf AND R-12 SYSTEMS — covers lega",cite PN 0136 as universal lubricant covering all refrigerants
e90c66bd43c8d8eb,Service Knowledge,AC HVAC,Closing Strategies 3,NEEDS NAME,9,58,low,"**A/C Quiet MAX (PN 0136 — available as PN 01361 2 oz / PN 01368 8 oz, Universal Refrigerant Lubricant).** **UNIVERSAL LUBRICANT FOR R-134a, R-1234yf AND R-12 SYSTEMS — covers lega","'A/C Quiet MAX = universal, all refrigerants. Leak dye built in.'"
a7befb089391693b,Service Knowledge,AC HVAC,Closing Strategies 3,NEEDS NAME,9,59,low,"**ArcticBlast (PN 0620, 10 ml syringe, A/C Performance Enhancer).** Proprietary blend for R-134a and R-1234yf systems. Not an oil or refrigerant — a non-toxic, eco-friendly treatme",cite ArcticBlast as 45-second add to every recharge per Mitch
7ea85bdcd0109dc1,Service Knowledge,AC HVAC,Closing Strategies 3,NEEDS NAME,9,60,low,"**ArcticBlast (PN 0620, 10 ml syringe, A/C Performance Enhancer).** Proprietary blend for R-134a and R-1234yf systems. Not an oil or refrigerant — a non-toxic, eco-friendly treatme","'ArcticBlast = 45 seconds, every customer. Colder faster.'"
f5ad429eb1130279,Service Knowledge,AC HVAC,Closing Strategies 3,NEEDS NAME,9,61,low,"**Odor-B-Gone Liquid (PN 0650 Unscented / PN 0651 New Car Scent, 8 oz).** Special blend that quickly **NEUTRALIZES ODORS** that form in evaporator core, A/C system housing, and veh",cite PN 0650/0651 as 5-minute manual odor solution
76d77eecda23d675,Service Knowledge,AC HVAC,Closing Strategies 3,NEEDS NAME,9,62,low,"**Odor-B-Gone Liquid (PN 0650 Unscented / PN 0651 New Car Scent, 8 oz).** Special blend that quickly **NEUTRALIZES ODORS** that form in evaporator core, A/C system housing, and veh","'Odor-B-Gone PN 0650/0651 = 5 min, no machine.'"
5a28e8cdabb6c905,Service Knowledge,AC HVAC,Closing Strategies 4,NEEDS NAME,10,63,low,"**A/C Odor Treatment (PN 1050, 5 oz aerosol, Clean Scent).** **IMMEDIATELY ATTACKS ODORS ON CONTACT.** Eliminates odor-producing organisms in evaporator core and housing. Cleanses ",cite PN 1050 as standard aerosol odor treatment
8616cc4dcafe268e,Service Knowledge,AC HVAC,Closing Strategies 4,NEEDS NAME,10,64,low,"**A/C Odor Treatment (PN 1050, 5 oz aerosol, Clean Scent).** **IMMEDIATELY ATTACKS ODORS ON CONTACT.** Eliminates odor-producing organisms in evaporator core and housing. Cleanses ",'A/C Odor Treatment PN 1050 = aerosol. Year-round.'
12066e82279721c2,Service Knowledge,AC HVAC,Closing Strategies 4,NEEDS NAME,10,65,low,"**Evaporator Core Cleaner (PN 1052, 10 oz aerosol foam, Patented Process).** **PATENTED FOAM PROCESS** that cleans and removes odor-producing build up on evaporator core surface. *",cite PN 1052 as the EVC-007 service product
151e6d2a111f1e59,Service Knowledge,AC HVAC,Closing Strategies 4,NEEDS NAME,10,66,low,"**Evaporator Core Cleaner (PN 1052, 10 oz aerosol foam, Patented Process).** **PATENTED FOAM PROCESS** that cleans and removes odor-producing build up on evaporator core surface. *","'EVC-007 = MOC PN 1052. Foam, deep clean. Beat the Heat program.'"
49f66b4dc4771db6,Service Knowledge,AC HVAC,Closing Strategies 4,NEEDS NAME,10,67,low,"**Odor-B-Gone Fogger (PN 1065, 5 oz aerosol).** Self-contained fogger application — **SET, LOCK, LEAVE FOR 10 MINUTES.** Works in two ways: positively-charged molecules combat nega",cite PN 1065 as the 10-minute self-contained fogger
015d70cec53acdcf,Service Knowledge,AC HVAC,Closing Strategies 4,NEEDS NAME,10,68,low,"**Odor-B-Gone Fogger (PN 1065, 5 oz aerosol).** Self-contained fogger application — **SET, LOCK, LEAVE FOR 10 MINUTES.** Works in two ways: positively-charged molecules combat nega","'Fogger PN 1065 = set, lock, leave 10 minutes.'"
301680dee36fe4da,Service Knowledge,AC HVAC,Closing Strategies 4,NEEDS NAME,10,69,low,"**Fresh A/C (PN 10507, 2 oz aerosol) — THE EPA-REGISTERED HOSPITAL-GRADE DISINFECTANT.** **EPA REGISTERED AS STAPHYLOCIDAL, PSEUDOMONICIDAL, AND FUNGICIDAL SPRAY.** Hospital-grade ",cite Fresh A/C PN 10507 as EPA-registered differentiator
160571e2c5a9d39c,Service Knowledge,AC HVAC,Closing Strategies 4,NEEDS NAME,10,70,low,"**Fresh A/C (PN 10507, 2 oz aerosol) — THE EPA-REGISTERED HOSPITAL-GRADE DISINFECTANT.** **EPA REGISTERED AS STAPHYLOCIDAL, PSEUDOMONICIDAL, AND FUNGICIDAL SPRAY.** Hospital-grade ","'Fresh A/C PN 10507 = hospital-grade. EPA-registered. Kills viruses, bacteria, mold.'"
e8d48a2a267db7d0,Service Knowledge,AC HVAC,Closing Strategies 5,NEEDS NAME,11,71,low,"**MOC A/C Service Equipment** — Universal Misting Gun (for Odor-B-Gone Liquid), A/C Injector Tool #76004 (for A/C Quiet MAX), ArcticBlast Injector Tools (#76008 for R-134a; #76025 ",'MOC has the tools for every product.'
aa1d7f57de46d72f,Service Knowledge,AC HVAC,Closing Strategies 5,NEEDS NAME,11,72,low,Strategy 1: The 'How Is Your Air Conditioning Working' Opening (preserved from existing Engine & Perf R10 word track). Mitch's anchor question on every write-up April through Octob,master this opening question
4b56255919b85f3e,Service Knowledge,AC HVAC,Closing Strategies 5,NEEDS NAME,11,73,low,Strategy 1: The 'How Is Your Air Conditioning Working' Opening (preserved from existing Engine & Perf R10 word track). Mitch's anchor question on every write-up April through Octob,'How is your AC working? — Ask every customer April-October.'
3530718b9b26ac09,Service Knowledge,AC HVAC,Closing Strategies 5,NEEDS NAME,11,74,low,"Strategy 2: ArcticBlast — 45 Seconds, Every Customer, No Exceptions (preserved from Success Cycle Speech R18). Mitch's anchor word track: 'If you don't offer Arctic Blast, you are ",45 seconds on every warm-weather customer
349db30e0b9f5b18,Service Knowledge,AC HVAC,Closing Strategies 5,NEEDS NAME,11,75,low,"Strategy 2: ArcticBlast — 45 Seconds, Every Customer, No Exceptions (preserved from Success Cycle Speech R18). Mitch's anchor word track: 'If you don't offer Arctic Blast, you are ",'45 seconds. Every customer. Allergic to money if you skip it.'
fc0d607302f228a2,Service Knowledge,AC HVAC,Closing Strategies 5,NEEDS NAME,11,76,low,"Strategy 3: BEAT THE HEAT Program (preserved from Success Cycle Speech R43, R47). Mitch's named A/C combo: ABL-006 Arctic Blast + EVC-007 AC EVAP Core Cleaning = **30,000-mile A/C ",cite Beat the Heat as named program
d2cfa6b9fb35bb39,Service Knowledge,AC HVAC,Closing Strategies 5,NEEDS NAME,11,77,low,"Strategy 3: BEAT THE HEAT Program (preserved from Success Cycle Speech R43, R47). Mitch's named A/C combo: ABL-006 Arctic Blast + EVC-007 AC EVAP Core Cleaning = **30,000-mile A/C ",'Beat the Heat = ArcticBlast + AC EVAP. 30K compressor warranty.'
1f2ac73d3cd0c381,Service Knowledge,AC HVAC,Closing Strategies 5,NEEDS NAME,11,78,low,"Strategy 4: Cabin Filter Piggyback — Every Filter Is an A/C Conversation (preserved from Success Cycle Speech R22). **A clogged cabin filter at 25,000 miles yields ~30% LESS AIRFLO",pair CAF + A/C every conversation
d6ccdb53420c01ca,Service Knowledge,AC HVAC,Closing Strategies 6,NEEDS NAME,12,79,low,"Strategy 4: Cabin Filter Piggyback — Every Filter Is an A/C Conversation (preserved from Success Cycle Speech R22). **A clogged cabin filter at 25,000 miles yields ~30% LESS AIRFLO",'30% less airflow at 25K miles — say that.'
6d05548c52ff4636,Service Knowledge,AC HVAC,Closing Strategies 6,NEEDS NAME,12,80,low,Strategy 5: The Cabin Filter Affects Heat Too — Year-Round (preserved from Success Cycle Speech R38). Most customers think cabin filter = A/C. Most advisors pitch it only as A/C. *,"pitch CAF year-round, not just summer"
f49d89b7087fefab,Service Knowledge,AC HVAC,Closing Strategies 6,NEEDS NAME,12,81,low,Strategy 5: The Cabin Filter Affects Heat Too — Year-Round (preserved from Success Cycle Speech R38). Most customers think cabin filter = A/C. Most advisors pitch it only as A/C. *,'CAF affects heat too. 20-25% less heat at 25K.'
5d71d53396dbda7c,Service Knowledge,AC HVAC,Closing Strategies 6,NEEDS NAME,12,82,low,Strategy 6: Cabin Filter Upgrade Options — Charcoal / Scented / Three-Tier Offer (preserved from Success Cycle Speech R39 + R37). Old dog trick: don't just offer the standard filte,offer three-tier CAF on every replacement
2566163ca12514b5,Service Knowledge,AC HVAC,Closing Strategies 6,NEEDS NAME,12,83,low,Strategy 6: Cabin Filter Upgrade Options — Charcoal / Scented / Three-Tier Offer (preserved from Success Cycle Speech R39 + R37). Old dog trick: don't just offer the standard filte,"'Three options: standard, charcoal, scented. Plus Fresh A/C.'"
3ec6ec63d884a458,Service Knowledge,AC HVAC,Closing Strategies 6,NEEDS NAME,12,84,low,Strategy 7: Refrigerant Identification — Customer-Cost Honesty. **R-1234yf costs 5-10x more than R-134a.** Identify refrigerant type BEFORE quoting service — check the under-hood l,ALWAYS identify refrigerant before quoting
324cb9e10376c647,Service Knowledge,AC HVAC,Closing Strategies 6,NEEDS NAME,12,85,low,Strategy 7: Refrigerant Identification — Customer-Cost Honesty. **R-1234yf costs 5-10x more than R-134a.** Identify refrigerant type BEFORE quoting service — check the under-hood l,'Check the label. R-134a = cheap. R-1234yf = 5-10x more.'
56d142323a61228e,Service Knowledge,AC HVAC,Closing Strategies 6,NEEDS NAME,12,86,low,"A/C service has BROAD industry consensus on the underlying reality — the **R-134a to R-1234yf REFRIGERANT TRANSITION** is the biggest A/C industry change in 25 years, **EPA SECTION",cite the three foundations
51e0fc0c1602c14b,Service Knowledge,AC HVAC,Closing Strategies 7,NEEDS NAME,13,87,low,"A/C service has BROAD industry consensus on the underlying reality — the **R-134a to R-1234yf REFRIGERANT TRANSITION** is the biggest A/C industry change in 25 years, **EPA SECTION",'Refrigerant change + EPA cert + mold = A/C reality.'
9fd29c70feddffad,Service Knowledge,AC HVAC,Closing Strategies 7,NEEDS NAME,13,88,low,**THE R-1234yf TRANSITION HAS CHANGED THE COST OF MAJOR REPAIRS SIGNIFICANTLY.** R-1234yf costs 5-10x more than R-134a. Refrigerant identification BEFORE quoting service is mandato,identify refrigerant first
5fdb5bc393bc4ed6,Service Knowledge,AC HVAC,Closing Strategies 7,NEEDS NAME,13,89,low,**THE R-1234yf TRANSITION HAS CHANGED THE COST OF MAJOR REPAIRS SIGNIFICANTLY.** R-1234yf costs 5-10x more than R-134a. Refrigerant identification BEFORE quoting service is mandato,'Check the label first. 5-10x cost difference.'
27d4536cdd8893c6,Service Knowledge,AC HVAC,Closing Strategies 7,NEEDS NAME,13,90,low,**EV AND HYBRID ELECTRIC COMPRESSORS USE POE OIL ONLY — NEVER PAG OIL.** This is settled territory across all OEMs. Cross-contamination causes electrical short circuits leading to ,master the POE-only rule on every EV/Hybrid
ba8d4c9383056384,Service Knowledge,AC HVAC,Closing Strategies 7,NEEDS NAME,13,91,low,**EV AND HYBRID ELECTRIC COMPRESSORS USE POE OIL ONLY — NEVER PAG OIL.** This is settled territory across all OEMs. Cross-contamination causes electrical short circuits leading to ,'Hybrid + EV = POE only. NEVER PAG. Across all OEMs.'
73a415866e9f0972,Service Knowledge,AC HVAC,Closing Strategies 7,NEEDS NAME,13,92,low,Practical guidance summary. **(1) Identify refrigerant type** — pre-quote step. **(2) Verify EPA Section 609 certification** on techs. **(3) Annual A/C inspection before peak summe,master the eight-step framework
58ad2376ada5d7b6,Service Knowledge,AC HVAC,Closing Strategies 7,NEEDS NAME,13,93,low,Practical guidance summary. **(1) Identify refrigerant type** — pre-quote step. **(2) Verify EPA Section 609 certification** on techs. **(3) Annual A/C inspection before peak summe,'Identify / verify / annual / pair CAF / Beat the Heat / odor / POE on EV / sensory cues.'
33ae40ae4de33c91,Service Knowledge,AC HVAC,Closing Strategies 7,NEEDS NAME,13,94,low,"Position A/C service as INEXPENSIVE INSURANCE vs the cost of compressor or evaporator replacement after fluid neglect. **Compressor failure runs $1,000-$2,500+ for parts and labor;",position as insurance with immediate sensory result
bf5a96d3dbeeea68,Service Knowledge,AC HVAC,Closing Strategies 8,NEEDS NAME,14,95,low,"Position A/C service as INEXPENSIVE INSURANCE vs the cost of compressor or evaporator replacement after fluid neglect. **Compressor failure runs $1,000-$2,500+ for parts and labor;",'Inexpensive insurance + customer feels the difference.'
0ddb16142cd979b9,Service Knowledge,Brake Fluid,Brake Fluid Science,OK,1,1,zero,Brake Fluid Science,Remember to lead with hygroscopic/atmospheric framing when it comes to speaking about brake fluid. Use the science.
e6c389c58c62a0aa,Service Knowledge,Brake Fluid,Brake Fluid Science,OK,1,2,zero,Brake Fluid Science,"Remember, brake fluid absorbs water from the air (Hygroscopic). That's why this is also a time-based service."
295171f651e23337,Service Knowledge,Brake Fluid,Brake Fluid Science,OK,1,3,zero,Brake Fluid Science,Mositure of about 3% fades stopping power AND leads to corrosion of the internal brake system.
ed7e4ce02e8da95f,Service Knowledge,Brake Fluid,Brake Fluid Science,OK,1,4,zero,Brake Fluid Science,Old fluid means brake power fades now AND expensive repairs later. Let's get ahead of these concerns.
1d100a5349d0a06f,Service Knowledge,Brake Fluid,Brake Fluid Science,OK,1,5,zero,Brake Fluid Science,"Stopping distance tests have been performed on brake fluid that has 30,000 miles of usage. Results are in. New brake flu"
89247807da5bac7f,Service Knowledge,Brake Fluid,Brake Fluid Warranty,OK,2,6,zero,Brake Fluid Warranty,Highlight MOC's brake fluid warranty to your customers. Up to $4000 of coverage for 30K.
66df8a74b1f5c6d0,Service Knowledge,Brake Fluid,Brake Fluid Warranty,OK,2,7,zero,Brake Fluid Warranty,"Every brake fluid exchange comes with a 30,000-mile warranty. Highlight this benefit to every eligible customer. Vehicle"
c7c687a0fd8d3d7e,Service Knowledge,Brake Fluid,Brake Fluid Warranty,OK,2,8,zero,Brake Fluid Warranty,"Brake Fluid Warranty covers any part brake fluid touches, except lines!"
095bb9ea12278af1,Service Knowledge,Brake Fluid,Brake Fluid Warranty,OK,2,9,zero,Brake Fluid Warranty,"Most common brake fluid claims are brake caliper, master cylinders, and brake boosters!"
e948a63ae4d53cdd,Service Knowledge,Brake Fluid,Brake Fluid Warranty,OK,2,10,zero,Brake Fluid Warranty,"Share the warranty information with every customer. 30,000 mile warranty, up to $4000 of coverage for anything this flui"
3344a4c66f296108,Service Knowledge,Brake Fluid,Brake Fluid Warranty,OK,2,11,zero,Brake Fluid Warranty,"All brake fluid exchanges, on vehicles with fewer than 100,000 miles come with a 30,000-mile warranty. It's an immediate"
1fd2bb12f51843e0,Service Knowledge,Brake Fluid,Brake Fluid Warranty,OK,2,12,zero,Brake Fluid Warranty,"If you have an extended warranty, we will pay your deductible on any qualifying repair! ZERO out of pocket!"
05ac44c9283c855e,Service Knowledge,Brake Fluid,Knowledge Notes 1,NEEDS NAME,3,13,zero,Stopping Distance,Old brake fluid decreases your stopping distance 8 ft for cars and 13 ft for trucks. Share the safety stats with your cu
ad873fae8669f198,Service Knowledge,Brake Fluid,Knowledge Notes 1,NEEDS NAME,3,14,zero,Stopping Distance,"Brake fluid exchanges are all about safety. Old fluid shortens your stopping power by 8 feet shorter for cars, 13 feet f"
6ea1579172081859,Service Knowledge,Brake Fluid,Knowledge Notes 1,NEEDS NAME,3,15,zero,Brake Fluid Word Tracks,"Remember positive language! 'We are removing your worn brake fluid, that's done its job and replacing it with brand new "
d7ba3ba74d0c8b77,Service Knowledge,Brake Fluid,Knowledge Notes 1,NEEDS NAME,3,16,zero,Brake Fluid Word Tracks,"Brake fluid will help you stop better, Mrs. Customer, and I want you to stop better! Empathy, not sympathy!"
1b0abca3ec76778b,Service Knowledge,Brake Fluid,Knowledge Notes 1,NEEDS NAME,3,17,zero,Brake Fluid compatibility,"Remember, DOT 4 can go into systems set for DOT 3, but not the other way around."
0dff5e77fa8d7413,Service Knowledge,Brake Fluid,Knowledge Notes 1,NEEDS NAME,3,18,zero,Brake Fluid compatibility,DOT 5 NEVER mixes — wrong chemistry! Only use DOT 5 when a vehicle calls for it!
9e54980df944ac0c,Service Knowledge,Brake Fluid,Knowledge Notes 1,NEEDS NAME,3,19,zero,Brake Fluid EV and Hybrid Tip,"Even your EV/hybrid customers need brake fluid exchanges, share the facts with them. EVs and Hybrids — regenerative brak"
b2553713cef74f7b,Service Knowledge,Brake Fluid,Knowledge Notes 1,NEEDS NAME,3,20,zero,Brake Fluid EV and Hybrid Tip,EVs and hybrids still need brake fluid exchanges. Moisture absorption is time-based. Regenerative braking reduces fricti
d78ec03b389b13f2,Service Knowledge,Brake Fluid,Knowledge Notes 2,NEEDS NAME,4,21,zero,Brake Fluid - BTM,BTM - Based on Time and Mileage your brake fluid is due for an exchange.
16fb3ff837ae1c0b,Service Knowledge,Brake Fluid,Knowledge Notes 2,NEEDS NAME,4,22,zero,Brake Fluid Color,"Use visible evidence when useful, but not ONLY color."
d2fb7c0351c1f484,Service Knowledge,Brake Fluid,Knowledge Notes 2,NEEDS NAME,4,23,zero,Brake Fluid Warranty Value,"Don't be afraid to share dollar-comparisons with your customers. ""By taking care of this $200 service today, you may pre"
390c359f689c4660,Service Knowledge,Brake Fluid,Knowledge Notes 2,NEEDS NAME,4,24,zero,Brak Fluid Warranty,"Two tiers of coverage: Less than 100K = $2,000. Less than 50K = $4,000!"
95f001e9be059faf,Service Knowledge,Brake Fluid,Knowledge Notes 2,NEEDS NAME,4,25,zero,Brake Fluid is easy,Brake Fluid services can be complete in your quick lane in less than 15 minutes. Make sure they are on your multi-point 
8546aa335fcd21de,Service Knowledge,Brake Fluid,Knowledge Notes 2,NEEDS NAME,4,26,zero,Brake Fluid BTM,"Remember your brand recommends this based on time intervals. Know your brands interval, and SAY IT! The brand matters."
c120af0721880269,Service Knowledge,Brake Fluid,Knowledge Notes 2,NEEDS NAME,4,27,zero,Brake Fluid Warranty Word Track,Consistent brake fluid exchanges act as inexpensive insurance against expensive repairs. A brake fluid exchange today wi
21fdefd079986a51,Service Knowledge,Brake Fluid,Knowledge Notes 2,NEEDS NAME,4,28,zero,Brake Fluid,"Brake fluid from a third party differs from OE because it comes with a warranty. Not saying it is better, just that it c"
fb67a62d4b18f539,Service Knowledge,Brake Fluid,Knowledge Notes 3,NEEDS NAME,5,29,zero,Dot 5.1 Brake Fluid,MOC Ultra DOT 5.1 has higher boiling point since it is Glycol-based (compatible) compared to DOT 3 and DOT 4. High boili
9499a663c05f7c7e,Service Knowledge,Brake Fluid,Knowledge Notes 3,NEEDS NAME,5,30,zero,Brake Fluid Machines,MOC brake fluid machine allows for 100% replacement of the brake fluid. Gravity bleed allows for only 50-60% replacement
9f4cc3c56cfdc9a5,Service Knowledge,Brake Fluid,Knowledge Notes 3,NEEDS NAME,5,31,zero,Brake Fluid Classes,"We train on everything, not just supplying you with the chemicals. We want to be your one stop shop for your needs. Use "
03761de0c7547aad,Service Knowledge,Brake Fluid,Closing Strategies 1,NEEDS NAME,6,32,low,"Brake fluid is HYGROSCOPIC — it absorbs moisture from the air through hose seals, reservoir vents, and ABS module seals regardless of mileage. This is the single most-important cus",lead with hygroscopic/atmospheric framing
d57123b7b3010c3a,Service Knowledge,Brake Fluid,Closing Strategies 1,NEEDS NAME,6,33,low,"Brake fluid is HYGROSCOPIC — it absorbs moisture from the air through hose seals, reservoir vents, and ABS module seals regardless of mileage. This is the single most-important cus","'Brake fluid absorbs water from the air. Time-based, not mileage-based.'"
0c56e556c37bcf98,Service Knowledge,Brake Fluid,Closing Strategies 1,NEEDS NAME,6,34,low,**THE 8-FOOT / 13-FOOT STOPPING DISTANCE STAT** (Mitch's anchor stat from existing Brakes R9 Strong nugget). Independent stopping-distance testing shows that exchanging brake fluid,cite the 8 ft / 13 ft stat in every brake fluid pitch
3c9475a78b62f814,Service Knowledge,Brake Fluid,Closing Strategies 1,NEEDS NAME,6,35,low,**THE 8-FOOT / 13-FOOT STOPPING DISTANCE STAT** (Mitch's anchor stat from existing Brakes R9 Strong nugget). Independent stopping-distance testing shows that exchanging brake fluid,"'8 feet shorter for cars, 13 feet for trucks. How often do you get within 13 feet of something?'"
b217efec12b989f4,Service Knowledge,Brake Fluid,Closing Strategies 1,NEEDS NAME,6,36,low,Moisture content above 3% reduces brake fluid boiling point significantly — leading to brake fade under heavy use AND corrosion of internal brake components over time. The two fail,cite both failure modes
5947825e8f337962,Service Knowledge,Brake Fluid,Closing Strategies 1,NEEDS NAME,6,37,low,Moisture content above 3% reduces brake fluid boiling point significantly — leading to brake fade under heavy use AND corrosion of internal brake components over time. The two fail,'Bad fluid = brake fade now AND expensive repairs later.'
6f6d970fa010cddc,Service Knowledge,Brake Fluid,Closing Strategies 1,NEEDS NAME,6,38,low,Word track reframe per existing platform language: don't say 'broken brake fluid' or 'bad brake fluid' — say 'old fluid that has done its job.' Mitch's anchor opening (existing Bra,standard opening on every brake fluid pitch
20ec06617a1f2d1b,Service Knowledge,Brake Fluid,Closing Strategies 1,NEEDS NAME,6,39,low,Word track reframe per existing platform language: don't say 'broken brake fluid' or 'bad brake fluid' — say 'old fluid that has done its job.' Mitch's anchor opening (existing Bra,"'Has done its job — say that, never broken or bad.'"
06506fcac7ca7cd8,Service Knowledge,Brake Fluid,Closing Strategies 2,NEEDS NAME,7,40,low,"MOC Products 30,000-mile warranty close on vehicles under 100,000 miles. Per existing platform Elite-tier coaching: 'For any vehicle with fewer than 100,000 miles, a customer that ",surface the 30K warranty as part of the value on under-100K vehicles
f8f6d512022611b6,Service Knowledge,Brake Fluid,Closing Strategies 2,NEEDS NAME,7,41,low,"MOC Products 30,000-mile warranty close on vehicles under 100,000 miles. Per existing platform Elite-tier coaching: 'For any vehicle with fewer than 100,000 miles, a customer that ","'Brake fluid exchange comes with a 30,000-mile warranty.'"
ce1ed49bc7694328,Service Knowledge,Brake Fluid,Closing Strategies 2,NEEDS NAME,7,42,low,"Warranty-coverage REALITY CHECK — brake hydraulic components. Brake calipers, master cylinder, and brake booster are covered ONLY under the BUMPER-TO-BUMPER warranty (3-5 years dep",surface the bumper-to-bumper-expiration on caliper/master cylinder/brake booster
2472afaf0295b6aa,Service Knowledge,Brake Fluid,Closing Strategies 2,NEEDS NAME,7,43,low,"Warranty-coverage REALITY CHECK — brake hydraulic components. Brake calipers, master cylinder, and brake booster are covered ONLY under the BUMPER-TO-BUMPER warranty (3-5 years dep","'Brake hydraulics = bumper-to-bumper only, not powertrain.'"
afac88e1d04e8127,Service Knowledge,Brake Fluid,Closing Strategies 2,NEEDS NAME,7,44,low,"DOT compatibility — DO NOT MIX DOT 5 with DOT 3/4. DOT 3 (most basic, 401°F dry boiling point) and DOT 4 (higher performance, 446°F dry boiling point) are GLYCOL-BASED and freely i",cite the DOT 5 incompatibility warning
9d16a274bc3ce277,Service Knowledge,Brake Fluid,Closing Strategies 2,NEEDS NAME,7,45,low,"DOT compatibility — DO NOT MIX DOT 5 with DOT 3/4. DOT 3 (most basic, 401°F dry boiling point) and DOT 4 (higher performance, 446°F dry boiling point) are GLYCOL-BASED and freely i",'DOT 3 and 4 mix fine. DOT 5 NEVER mixes — wrong chemistry.'
e51d4e894a94a438,Service Knowledge,Brake Fluid,Closing Strategies 2,NEEDS NAME,7,46,low,"EVs and Hybrids — regenerative braking REDUCES friction brake use but does NOT eliminate the need for periodic brake fluid exchange. Ford Mach-E / F-150 Lightning, GM Hummer EV / S",clean honest answer for EV/hybrid customers
f2327fc69b81fbc3,Service Knowledge,Brake Fluid,Closing Strategies 2,NEEDS NAME,7,47,low,"EVs and Hybrids — regenerative braking REDUCES friction brake use but does NOT eliminate the need for periodic brake fluid exchange. Ford Mach-E / F-150 Lightning, GM Hummer EV / S",'EVs and hybrids still need this — moisture absorption is time-based.'
d888e68304bd2aec,Service Knowledge,Brake Fluid,Closing Strategies 3,NEEDS NAME,8,48,low,Strategy 1: The 'Has Done Its Job' Word Track. Don't say 'broken brake fluid' or 'bad brake fluid' — say 'old fluid that has done its job.' Mitch's anchor opening: 'Are you familia,standard opening on every brake fluid pitch
d7aa6ae44fd57e88,Service Knowledge,Brake Fluid,Closing Strategies 3,NEEDS NAME,8,49,low,Strategy 1: The 'Has Done Its Job' Word Track. Don't say 'broken brake fluid' or 'bad brake fluid' — say 'old fluid that has done its job.' Mitch's anchor opening: 'Are you familia,"'Has done its job — say that, never broken or bad.'"
0e59de3fe0d1a7ac,Service Knowledge,Brake Fluid,Closing Strategies 3,NEEDS NAME,8,50,low,Strategy 2: The 8-Foot / 13-Foot Stopping Distance Stat. 'Independent testing shows that exchanging brake fluid produces 8 feet shorter stopping for cars and 13 feet shorter for tr,cite the stat in every brake fluid pitch
dd852242522eee20,Service Knowledge,Brake Fluid,Closing Strategies 3,NEEDS NAME,8,51,low,Strategy 2: The 8-Foot / 13-Foot Stopping Distance Stat. 'Independent testing shows that exchanging brake fluid produces 8 feet shorter stopping for cars and 13 feet shorter for tr,"'8 feet for cars, 13 feet for trucks. How often do you get within 13 feet?'"
bdc867eebd0e9776,Service Knowledge,Brake Fluid,Closing Strategies 3,NEEDS NAME,8,52,low,Strategy 3: The Time-Based Degradation Argument. 'Brake fluid is hygroscopic — it absorbs moisture from the air through hose seals and reservoir vents regardless of mileage. This i,lead with hygroscopic/atmospheric framing
9717c5b75dde310a,Service Knowledge,Brake Fluid,Closing Strategies 3,NEEDS NAME,8,53,low,Strategy 3: The Time-Based Degradation Argument. 'Brake fluid is hygroscopic — it absorbs moisture from the air through hose seals and reservoir vents regardless of mileage. This i,"'Time-based, not mileage-based.'"
8fe42f64b25a75f9,Service Knowledge,Brake Fluid,Closing Strategies 3,NEEDS NAME,8,54,low,Strategy 4: The Visible Evidence Sell — Test Strips. Use a copper-content test strip on the customer's brake fluid. The strip changes color based on copper content (a proxy for flu,'Test strip the fluid. Show the customer the color.'
8595d15dcffd5540,Service Knowledge,Brake Fluid,Closing Strategies 3,NEEDS NAME,8,55,low,"Strategy 5: The MOC 30K Warranty Close (All-Tier on Under-100K Vehicles). Per Mitch's all-tier instruction — every advisor surfaces the MOC 30,000-mile warranty on every brake flui",surface the 30K warranty on every conversation
09c1c8c442bfd9bb,Service Knowledge,Brake Fluid,Closing Strategies 4,NEEDS NAME,9,56,low,"Strategy 5: The MOC 30K Warranty Close (All-Tier on Under-100K Vehicles). Per Mitch's all-tier instruction — every advisor surfaces the MOC 30,000-mile warranty on every brake flui","'30,000-mile warranty — say that.'"
54fde5209406cb0c,Service Knowledge,Brake Fluid,Closing Strategies 4,NEEDS NAME,9,57,low,"Strategy 6: The Repair-Cost Comparison Close. 'Brake fluid exchange is $150-200. Caliper rebuild is $500-2,000. Master cylinder is $300-800. Brake booster is $500-1,500. This is in",cite dollar-comparison explicitly
067c3b60b482ff9f,Service Knowledge,Brake Fluid,Closing Strategies 4,NEEDS NAME,9,58,low,"Strategy 6: The Repair-Cost Comparison Close. 'Brake fluid exchange is $150-200. Caliper rebuild is $500-2,000. Master cylinder is $300-800. Brake booster is $500-1,500. This is in","'$200 now or $500-2,000 later.'"
672dd11dc7e62783,Service Knowledge,Brake Fluid,Closing Strategies 4,NEEDS NAME,9,59,low,Brake fluid exchange has NEAR-UNIVERSAL INDUSTRY AGREEMENT. Unlike engine flushes (controversial — Asian and European OEMs warn against) or decarb services (chemistry-vs-mechanical,cite the universal-agreement framing
83c1eec88c07592a,Service Knowledge,Brake Fluid,Closing Strategies 4,NEEDS NAME,9,60,low,Brake fluid exchange has NEAR-UNIVERSAL INDUSTRY AGREEMENT. Unlike engine flushes (controversial — Asian and European OEMs warn against) or decarb services (chemistry-vs-mechanical,"'Every OEM, every chemistry brand — agreed on this one.'"
5c3db55397eca986,Service Knowledge,Brake Fluid,Closing Strategies 4,NEEDS NAME,9,61,low,"Most OEMs recommend 2-3 YEAR INTERVALS — the time-based nature is widely acknowledged. Ford 3yr/45K, GM 5yr/45K (longer outlier), Toyota 3yr no-mileage, Honda 3yr no-mileage, Mopar","'Most brands = every 2-3 years. Some shorter (Mazda 2/24K), GM longer (5yr).'"
ff22335bacc6c251,Service Knowledge,Brake Fluid,Closing Strategies 4,NEEDS NAME,9,62,low,Moisture content above 3% reduces boiling point significantly — leading to brake fade under heavy use AND corrosion of internal brake components over time. Replacement cost of brak,cite both failure modes and dollar consequences
11b514a5aea15e18,Service Knowledge,Brake Fluid,Closing Strategies 4,NEEDS NAME,9,63,low,Moisture content above 3% reduces boiling point significantly — leading to brake fade under heavy use AND corrosion of internal brake components over time. Replacement cost of brak,'Bad fluid = brake fade now AND expensive repairs later.'
87ae71942762798c,Service Knowledge,Brake Fluid,Closing Strategies 5,NEEDS NAME,10,64,low,Always recommend at the 2-3 YEAR MARK regardless of mileage — every OEM supports this interval. Don't oversell to vehicles within their first 2 years (factory fluid is fresh and cu,master the 2-3 year recommendation rule
1a0a53c94df69d93,Service Knowledge,Brake Fluid,Closing Strategies 5,NEEDS NAME,10,65,low,Always recommend at the 2-3 YEAR MARK regardless of mileage — every OEM supports this interval. Don't oversell to vehicles within their first 2 years (factory fluid is fresh and cu,'2-3 years = the right time. Use the test strip for proof.'
b7a133cbc0c282af,Service Knowledge,Brake Fluid,Closing Strategies 5,NEEDS NAME,10,66,low,Position it as INEXPENSIVE INSURANCE vs the cost of caliper or master cylinder replacement after fluid degradation causes corrosion damage. Brake fluid exchange has the cleanest do,"position as insurance, not maintenance"
976e6bb65d4d935b,Service Knowledge,Brake Fluid,Closing Strategies 5,NEEDS NAME,10,67,low,Position it as INEXPENSIVE INSURANCE vs the cost of caliper or master cylinder replacement after fluid degradation causes corrosion damage. Brake fluid exchange has the cleanest do,'Inexpensive insurance against expensive repairs.'
dd654dbb6d687dcc,Service Knowledge,Brake Fluid,Closing Strategies 5,NEEDS NAME,10,68,low,"Position: Dealership-focused chemical supplier with a comprehensive brake service line. MOC Products manufactures brake fluid (Ultra DOT 5.1 Brake Fluid PN 0602), brake cleaning eq",distinguish MOC Products (warranty chemistry + equipment + training) from Motorcraft (Ford OE)
40502da56a075dea,Service Knowledge,Brake Fluid,Closing Strategies 5,NEEDS NAME,10,69,low,"Position: Dealership-focused chemical supplier with a comprehensive brake service line. MOC Products manufactures brake fluid (Ultra DOT 5.1 Brake Fluid PN 0602), brake cleaning eq",'MOC = chemistry brand from Pacoima. Motorcraft = Ford OE. Different.'
18efef8bdbdd002d,Service Knowledge,Brake Fluid,Closing Strategies 5,NEEDS NAME,10,70,low,**MOC Ultra DOT 5.1 Brake Fluid (PN 0602)** offers a higher boiling point than DOT 3 and DOT 4 — making it suitable for high-performance and heavy-duty applications where thermal s,'MOC Ultra DOT 5.1 — higher boiling point. Glycol-based (compatible).'
65516707341673cf,Service Knowledge,Brake Fluid,Closing Strategies 5,NEEDS NAME,10,71,low,Brake fluid exchange equipment is core to the MOC offering — closed-loop machines that perform 100% brake fluid replacement (versus 50-60% on traditional gravity-bleed methods). Ad,'MOC machine = 100% replacement. Gravity bleed = only 50-60%.'
25eec363d85e7feb,Service Knowledge,Brake Fluid,Closing Strategies 6,NEEDS NAME,11,72,low,"**ACE Advisor Training and MOC University** provide service writers with category-specific training on brake fluid service, including how to identify when service is needed, how to","'MOC trains the advisors, not just supplies the chemistry.'"
a367cc61e3394bc4,Service Knowledge,Brake Fluid,Closing Strategies 6,NEEDS NAME,11,73,low,"**The Engine Advantage and Vehicle Protection Program retention programs.** Let dealerships back their MOC-treated brake systems with the **MOC 30,000-mile warranty** on covered co",surface the 30K warranty as part of the value on under-100K vehicles
834ecdc14f7764b9,Service Knowledge,Brake Fluid,Closing Strategies 6,NEEDS NAME,11,74,low,"**The Engine Advantage and Vehicle Protection Program retention programs.** Let dealerships back their MOC-treated brake systems with the **MOC 30,000-mile warranty** on covered co","'MOC service comes with a 30,000-mile warranty.'"
825efeff3f6ad4a5,Service Knowledge,Coolant,Coolant Exchanges,OK,1,1,zero,Coolant Exchanges,"Coolant isn't just a product to assist with heat dissipation, it's a corrosion-protection for mechanical parts. Coolant "
0d9f0f23f06d76ca,Service Knowledge,Coolant,Coolant Exchanges,OK,1,2,zero,Coolant Exchanges,Always remind your customers about the importance of coolant exchanges. Coolant doesn't just work to cool off the vehicl
6dec098cb243e62a,Service Knowledge,Coolant,Coolant Exchanges,OK,1,3,zero,Coolant Exchanges,"Make sure to ask your customers if they have ""topped off"" their coolant. Mixing the wrong coolants together can cost tho"
1493d298b67d4fe0,Service Knowledge,Coolant,Coolant Exchanges,OK,1,4,zero,Coolant Exchanges,"Protect your customers! If your customer admits to ""topping off"" their coolant, remind them the wrong coolant color can "
ea20590541706989,Service Knowledge,Coolant,Coolant Exchanges,OK,1,5,zero,Coolant Exchanges,Remind your customers that each brand uses a different color/type of coolant. We use what your car requires.
28f5ef0e186a440a,Service Knowledge,Coolant,Coolant Exchanges,OK,1,6,zero,Coolant Exchanges,"Remember this word track. ""Are you familiar with our coolant exchanges?"""
6e9c39d7f3a4d404,Service Knowledge,Coolant,Coolant Exchanges,OK,1,7,zero,Coolant Exchanges,"Trying to pitch a coolant exchange? Use these word tracks ""Are you familiar with our coolant exchange?"", ""We take your o"
fa199469c3e68f0b,Service Knowledge,Coolant,Coolant Exchange Warranty,OK,2,8,zero,Coolant Exchange Warranty,"Don't forget about the coolant warranty! 30,000 miles, up to $4000 of coverage."
c289a8bdd3dce6bc,Service Knowledge,Coolant,Coolant Exchange Warranty,OK,2,9,zero,Coolant Exchange Warranty,"Use the warranty as a way to overcome the objection of money! Money is always a concern, but I would be do my job if I d"
c43e9feaa43885c4,Service Knowledge,Coolant,Coolant Exchange Warranty,OK,2,10,zero,Coolant Exchange Warranty,"Our warranty covers the bumper-to-bumper expiration on water pump, radiator, heater core. Powertrain warranty does not c"
0199ea79a3842b31,Service Knowledge,Coolant,Coolant Exchange Warranty,OK,2,11,zero,Coolant Exchange Warranty,"Coverage includes, water pump, radiator, heater core."
4d1f026f3c805524,Service Knowledge,Coolant,Coolant Exchange Warranty,OK,2,12,zero,Coolant Exchange Warranty,"We have two tiers of coverage. Less than 100K = $2,000. Less than 50K = $4,000 of coverage"
a2c74b926f274fd5,Service Knowledge,Coolant,Coolant Exchange Word Track,OK,3,13,zero,Coolant Exchange Word Track,"Emphasize to your customers that coolant exchanges are protection for their engine. Never say ""this is just maintenance"""
7720f1684d3f7edf,Service Knowledge,Coolant,Coolant Exchange Word Track,OK,3,14,zero,Coolant Exchange Word Track,Paint a picture for your customer. What can happen if coolant exchanges aren't prioritized? The 'What Happens If We Don'
a8ac01ee40f3778e,Service Knowledge,Coolant,Coolant Exchange Word Track,OK,3,15,zero,Coolant Exchange Word Track,"Be real with your customers, but don't scare them into a sale. Skipping coolant exchanges can lead to corrosion, this is"
f63eb31299e38789,Service Knowledge,Coolant,Coolant Exchange Word Track,OK,3,16,zero,Coolant Exchange Word Track,"Your job is to be the translator. We know that old coolant loses inhibitors, your customer doesn't. Say ""it loses its ab"
4de136313ee68b46,Service Knowledge,Coolant,Coolant Exchange Word Track,OK,3,17,zero,Coolant Exchange Word Track,"Always use terms your customers understand. Old coolant ""Loses the ability to protect""."
4c1ca8b57ddac6d8,Service Knowledge,Coolant,Coolant Exchange Word Track,OK,3,18,zero,Coolant Exchange Word Track,"When you're pitching, use seasonally-appropriate urgency framing. Summer is all about protection from overheating. Winte"
2ba5ca791eb8cd3b,Service Knowledge,Coolant,Knowledge Notes 1,NEEDS NAME,4,19,zero,Coolant Exchange Tip,"When you're pitching, use seasonally-appropriate urgency framing. Summer is all about protection from overheating. Winte"
e9185c6c573eefd5,Service Knowledge,Coolant,Knowledge Notes 1,NEEDS NAME,4,20,zero,Coolant Exchange Tip,"Always pitch coolant exchanges with a protection mindset first. ""This protects your motor from thousand-dollar repairs d"
ef73e5d5acb4c091,Service Knowledge,Coolant,Knowledge Notes 1,NEEDS NAME,4,21,zero,EV Coolant Exchange Tip,EVs still require coolant exchanges. Ensure you are using the correct products. EVs DO use cooling fluids — but they are
97b87b515e44c24e,Service Knowledge,Coolant,Knowledge Notes 1,NEEDS NAME,4,22,zero,EV Coolant Exchange Tip,"EVs have coolant too, but for the battery, not an engine. This is a different service, but is just as important."
88cba3680fd7992b,Service Knowledge,Coolant,Knowledge Notes 1,NEEDS NAME,4,23,zero,Coolant Strips,Test the fluid for acidity!
d9079cc41113b86d,Service Knowledge,Coolant,Knowledge Notes 1,NEEDS NAME,4,24,zero,Coolant Piggyback Sales,"Are you bundling your services? Pair coolant with hoses, thermostat, water pump checks to provide a more thorough servic"
c975da5071dec359,Service Knowledge,Coolant,Knowledge Notes 1,NEEDS NAME,4,25,zero,Coolant Proverb,"Small investments now protect your customers from larger repairs in the future. State the numbers. ""$200 now can save yo"
5c2c66e54f3ad664,Service Knowledge,Coolant,Knowledge Notes 1,NEEDS NAME,4,26,zero,Coolant Offering Lineup,"Single bottle of coolant additive, drain and fill products, complete fluid exchanges. If a customer won't close on an ex"
3da658194f5a19eb,Service Knowledge,Coolant,Knowledge Notes 2,NEEDS NAME,5,27,zero,HEV/BEV Coolant Services,"MOC Protect (PART #04441, 10 oz) — designed to fortify coolants in HEV and BEV applications with advanced corrosion inhi"
b6ed0e641018e457,Service Knowledge,Coolant,Knowledge Notes 2,NEEDS NAME,5,28,zero,Coolant Exchange Product Knowledge,"MOC Cooling-System Fast Flush (PART #01091, 8 oz) — non-acid, no neutralizer needed, breaks down rust/scale/sediment. Co"
7e3a4855cadced3e,Service Knowledge,Coolant,Knowledge Notes 2,NEEDS NAME,5,29,zero,Coolant Exchange Product Knowledge,"MOC Cool Off (PART #01421, kit-only) — heavy-duty conditioner improving heat-transfer properties for cooler operation. E"
8bb2a70c7e7eb3b8,Service Knowledge,Coolant,Closing Strategies 1,NEEDS NAME,6,30,low,"Coolant exchange services replace old, depleted coolant with fresh fluid — and properly performed, the modern closed-loop machine service exchanges 100% of the coolant (versus 50-6","explain corrosion-protection mechanic, not just heat dissipation"
0ad81382a3076c84,Service Knowledge,Coolant,Closing Strategies 1,NEEDS NAME,6,31,low,"Coolant exchange services replace old, depleted coolant with fresh fluid — and properly performed, the modern closed-loop machine service exchanges 100% of the coolant (versus 50-6",'Old coolant turns acidic and eats your cooling system.'
7a2d292864c7f17e,Service Knowledge,Coolant,Closing Strategies 1,NEEDS NAME,6,32,low,**CRITICAL CUSTOMER-PROTECTION FACT — DO NOT MIX COOLANT COLORS / TYPES.** Modern coolants are formulated for specific engine materials and chemistries. Mixing incompatible coolant,lead with this fact when customer admits topping off with anything
71809f63a5d622a8,Service Knowledge,Coolant,Closing Strategies 1,NEEDS NAME,6,33,low,**CRITICAL CUSTOMER-PROTECTION FACT — DO NOT MIX COOLANT COLORS / TYPES.** Modern coolants are formulated for specific engine materials and chemistries. Mixing incompatible coolant,'Wrong coolant color = thousand-dollar damage. Match what came in the vehicle.'
f7f3aa203af343f9,Service Knowledge,Coolant,Closing Strategies 1,NEEDS NAME,6,34,low,"OEM-specific coolant by color and chemistry — EACH OEM USES A DIFFERENT FORMULATION. Ford Motorcraft Orange (HOAT, WSS-M97B44-D). GM Dex-Cool (OAT, GM 6277M, orange). Toyota SLLC (",'Each brand uses a different color/type — we use what your car requires.'
05c0c0be106dca44,Service Knowledge,Coolant,Closing Strategies 1,NEEDS NAME,6,35,low,Existing platform word track (Mitch's anchor from Fluid Exchanges R4): 'Are you familiar with our coolant exchanges? What we are doing is getting rid of your old broken-down coolan,standard opening on every coolant exchange pitch
283d2b47fb757f38,Service Knowledge,Coolant,Closing Strategies 1,NEEDS NAME,6,36,low,Existing platform word track (Mitch's anchor from Fluid Exchanges R4): 'Are you familiar with our coolant exchanges? What we are doing is getting rid of your old broken-down coolan,"'Has done its job — say that, never broken or bad.'"
de8dbdf4bc4d0106,Service Knowledge,Coolant,Closing Strategies 1,NEEDS NAME,6,37,low,"MOC Products 30,000-mile warranty close on vehicles under 100,000 miles. Per existing Elite-tier coaching: 'For any vehicle with fewer than 100,000 miles, a customer that purchases",surface the 30K warranty as part of the service value on under-100K vehicles
7f8b440414f5dbe4,Service Knowledge,Coolant,Closing Strategies 2,NEEDS NAME,7,38,low,"MOC Products 30,000-mile warranty close on vehicles under 100,000 miles. Per existing Elite-tier coaching: 'For any vehicle with fewer than 100,000 miles, a customer that purchases","'Coolant exchange comes with a 30,000-mile warranty.'"
0495ad4992c87e65,Service Knowledge,Coolant,Closing Strategies 2,NEEDS NAME,7,39,low,"Warranty-coverage REALITY CHECK by OEM. Most customers assume the powertrain warranty covers cooling system parts. It usually doesn't. Water pump, radiator, and heater core are typ",surface the bumper-to-bumper expiration on water pump/radiator/heater core
cb5915fe9c244c2c,Service Knowledge,Coolant,Closing Strategies 2,NEEDS NAME,7,40,low,"Warranty-coverage REALITY CHECK by OEM. Most customers assume the powertrain warranty covers cooling system parts. It usually doesn't. Water pump, radiator, and heater core are typ","'Cooling system parts are usually only under bumper-to-bumper, not powertrain.'"
35adfbda3436d72d,Service Knowledge,Coolant,Closing Strategies 2,NEEDS NAME,7,41,low,Seasonal positioning — Summer pitch is overheating protection. Winter pitch is freeze protection. Both pitches are real and legitimate. Summer: 'Old coolant doesn't transfer heat a,use seasonally-appropriate urgency framing
6d6b423cfc10f8bb,Service Knowledge,Coolant,Closing Strategies 2,NEEDS NAME,7,42,low,"EVs DO use cooling fluids — but they are NOT the same as gas-engine coolants and have completely different service procedures. Ford Mach-E / F-150 Lightning, GM Hummer EV / Silvera",distinguish gas-engine coolant exchange from EV battery/motor coolant service
cfbb64cb706be8d4,Service Knowledge,Coolant,Closing Strategies 2,NEEDS NAME,7,43,low,"EVs DO use cooling fluids — but they are NOT the same as gas-engine coolants and have completely different service procedures. Ford Mach-E / F-150 Lightning, GM Hummer EV / Silvera","'EVs have coolant — but for the battery, not an engine. Different service.'"
df2a5ce3e2957ab1,Service Knowledge,Coolant,Closing Strategies 2,NEEDS NAME,7,44,low,"Strategy 1: Lead With Protection, Not Maintenance. Don't lead with 'maintenance' — lead with: 'This service helps protect your engine from overheating and costly repairs.' Customer",standard opening on every coolant pitch
0b6c4f4f8339364f,Service Knowledge,Coolant,Closing Strategies 2,NEEDS NAME,7,45,low,"Strategy 1: Lead With Protection, Not Maintenance. Don't lead with 'maintenance' — lead with: 'This service helps protect your engine from overheating and costly repairs.' Customer","'Protection — say that, never just maintenance.'"
15f699251b27dc0b,Service Knowledge,Coolant,Closing Strategies 3,NEEDS NAME,8,46,low,"Strategy 2: The 'What Happens If We Don't' Approach. Paint the picture: 'Old coolant breaks down and can lead to corrosion, overheating, and even engine damage.' Concrete consequen",cite specific consequences
41890077d533453a,Service Knowledge,Coolant,Closing Strategies 3,NEEDS NAME,8,47,low,"Strategy 2: The 'What Happens If We Don't' Approach. Paint the picture: 'Old coolant breaks down and can lead to corrosion, overheating, and even engine damage.' Concrete consequen",'Skip it = corrosion = bigger problem.'
e883cbd17a6ab0b3,Service Knowledge,Coolant,Closing Strategies 3,NEEDS NAME,8,48,low,"Strategy 3: Show vs Tell (Visual Sell). If possible, show coolant color/condition — dirty or rusty coolant sells itself. Pull the coolant on the dipstick or via the reservoir, phot",'Take the photo. Send it. Let the coolant sell itself.'
8f73ca1a983ca2bc,Service Knowledge,Coolant,Closing Strategies 3,NEEDS NAME,8,49,low,"Strategy 4: Translate the Technical. Instead of 'coolant loses inhibitors,' say: 'It loses its ability to protect your engine from heat and corrosion.' Customer-friendly translatio",translate every technical term to consequence-language
eea748c5a8a9e1f6,Service Knowledge,Coolant,Closing Strategies 3,NEEDS NAME,8,50,low,"Strategy 4: Translate the Technical. Instead of 'coolant loses inhibitors,' say: 'It loses its ability to protect your engine from heat and corrosion.' Customer-friendly translatio",'Loses ability to protect — say that.'
5ce059eb280965e1,Service Knowledge,Coolant,Closing Strategies 3,NEEDS NAME,8,51,low,"Strategy 5: Bundle With Cooling System Inspection. Pair with thermostat checks, radiator inspection, hoses (CLH-042), water pump (WTP-040). Makes it feel like a complete system ser","'Pair coolant with hoses, thermostat, water pump.'"
6b0c92fc89eaba56,Service Knowledge,Coolant,Closing Strategies 3,NEEDS NAME,8,52,low,"Strategy 6: Seasonal Positioning. Summer pitch is overheating protection. Winter pitch is freeze protection. Same service, two different urgency framings depending on the season. M",use seasonally-appropriate urgency framing
6725356ae9415646,Service Knowledge,Coolant,Closing Strategies 3,NEEDS NAME,8,53,low,Strategy 7: The Small Investment vs Big Repair Close. 'This is a small investment today compared to a radiator or engine repair later.' Concrete dollar-comparison framing. Replacem,cite dollar-comparison explicitly
af78665209f9a473,Service Knowledge,Coolant,Closing Strategies 4,NEEDS NAME,9,54,low,Strategy 7: The Small Investment vs Big Repair Close. 'This is a small investment today compared to a radiator or engine repair later.' Concrete dollar-comparison framing. Replacem,"'$200 now or $4,000 later.'"
a5cb94f0fc4f1bd7,Service Knowledge,Coolant,Closing Strategies 4,NEEDS NAME,9,55,low,Strategy 8: Better/Best Options Close. Better = drain & fill. Best = full closed-loop machine exchange with cleaner & conditioner. Let the customer choose. Three-tier structure (ba,'Three options. Go ahead and take care of that — say it that way.'
7a96d87c6e6b6454,Service Knowledge,Coolant,Closing Strategies 4,NEEDS NAME,9,56,low,"Position: Comprehensive cooling system service line designed specifically for the dealership service drive. MOC Products offers a five-product cooling system lineup (Protect, Cooli",'MOC — full coolant service ecosystem.'
23f9fb49409334c4,Service Knowledge,Coolant,Closing Strategies 4,NEEDS NAME,9,57,low,"MOC Protect (PART #04441, 10 oz) — designed to fortify coolants in HEV and BEV applications with advanced corrosion inhibitors. Compatible with all ethylene glycol coolants in indi",'Protect — for hybrids and EVs.'
12ca829de1f6c6f8,Service Knowledge,Coolant,Closing Strategies 4,NEEDS NAME,9,58,low,"MOC Cooling-System Multi-Treatment (PART #01431, 12 oz) — concentrated additive providing complete protection in four ways. Versatile (eliminates need for 2-3 different products). ","'Multi-Treatment — one product, four protections.'"
1bac0a71db87f8fc,Service Knowledge,Coolant,Closing Strategies 4,NEEDS NAME,9,59,low,"MOC Cooling-System Fast Flush (PART #01091, 8 oz) — non-acid, no neutralizer needed, breaks down rust/scale/sediment. Compatible with plastic and aluminum components. The flush pro",'Fast Flush — cleans the system before refill.'
a6fa0ece860825e7,Service Knowledge,Coolant,Closing Strategies 4,NEEDS NAME,9,60,low,"MOC Cool Off (PART #01421, kit-only) — heavy-duty conditioner improving heat-transfer properties for cooler operation. Effective for towing, heavy loads, high-temperature operation",'Cool Off = heat transfer. Sealer = emergency leak fix.'
a0f125471627708c,Service Knowledge,Decarb,Decarb Service Word Track,OK,1,1,zero,Decarb Service Word Track,Use language your customer readily understands. Replace 'carbon build-up' with 'stubborn deposits'.
b1eb7d0f370260a1,Service Knowledge,Decarb,Decarb Service Word Track,OK,1,2,zero,Decarb Service Word Track,Replace the word 'clean' with 'performance' / 'acceleration' / 'smoothness' in your pitch.
4292671bc4c9ebf4,Service Knowledge,Decarb,Decarb Service Word Track,OK,1,3,zero,Decarb Service Word Track,"Sell the result, not the cleaner. This product helps with performance, acceleration, and smoothness. Use these in your p"
eabfe78d2d20feee,Service Knowledge,Decarb,Decarb Service Word Track,OK,1,4,zero,Decarb Service Word Track,"Remember, never promise better gas mileage as a benefit. Gas mileage is almost all predicated on how hard you hit the ga"
9ce9aaa201c8317c,Service Knowledge,Decarb,Decarb Product Knowledge,OK,2,5,zero,Decarb Product Knowledge,Ensure you're educating customers on the importance of using Top Tier gas as primary prevention for carbon buildup. Top 
c42db33ef2602831,Service Knowledge,Decarb,Decarb Product Knowledge,OK,2,6,zero,Decarb Product Knowledge,"Educate your customers. The cheapest gas costs you more in repairs later. Using Top Tier brands keep your engine clean, "
b4cb832f61cf07a1,Service Knowledge,Decarb,Decarb Product Knowledge,OK,2,7,zero,Decarb Product Knowledge,"Each chemical in your kit cleans different items. This gives you flexibility to offer a larger bundled service, or small"
e062891eabec0a27,Service Knowledge,Decarb,Knowledge Notes 1,NEEDS NAME,3,8,zero,Decarb Service Product Knowledge,Decarb services address carbon buildup in four distinct vehicle areas: 1. Combustion Chamber. 2. Intake valves. 3. Induc
56a6d0ab85822201,Service Knowledge,Decarb,Knowledge Notes 1,NEEDS NAME,3,9,zero,Decarb Service Product Knowledge,Direct-injection (DI) engines have a fundamental decarb limitation: chemical decarb services CAN'T effectively reach the
1dfeca4aa923b8b4,Service Knowledge,Decarb,Knowledge Notes 1,NEEDS NAME,3,10,zero,Decarb Service Piggyback Sale,"If you pair a decarb service with an injector service, you get a COMPLETE Fuel System Service! Try the bundle!"
2c3a103b815d90f2,Service Knowledge,Decarb,Knowledge Notes 1,NEEDS NAME,3,11,zero,Decarb vs. Walnut Blast,"Let your customers know, if left ignored, an expensive, time consuming fix will be walnut blasting your engine. THAT is "
e84bcd564d6e032f,Service Knowledge,Decarb,Knowledge Notes 1,NEEDS NAME,3,12,zero,Decarb Service Warranty,"Remember to remind your customers: By taking advantage of this service today, you qualify for a 15,000 mile warranty on "
9cee3f57150f2285,Service Knowledge,Decarb,Knowledge Notes 1,NEEDS NAME,3,13,zero,Decarb Service Warranty,"Remember, the warranty is attached to the fuel additive. Make sure your kit has the tank additive included."
d1ed6386dddb8112,Service Knowledge,Decarb,Knowledge Notes 1,NEEDS NAME,3,14,zero,Decarb Word Track,Remember the why. Stubborn deposits make your engine run more sluggish. Nobody likes that!
f2b926a7145531fd,Service Knowledge,Decarb,Knowledge Notes 1,NEEDS NAME,3,15,zero,Decarb Word Track,"After completion of this important service, your certified technician will do a test drive to verify everything is great"
e25779205ba2c6dd,Service Knowledge,Decarb,Knowledge Notes 2,NEEDS NAME,4,16,zero,Decarb Service Options,"Present all the options. ""We have Three options — basic, better, best. Which can I get started for you today?"""
06e0a295771be936,Service Knowledge,Decarb,Closing Strategies 1,NEEDS NAME,5,17,low,"Decarb services address carbon buildup in four distinct vehicle areas: combustion chamber surfaces (piston tops, valve faces, injector tips), intake valves (the back side, where di",distinguish the four decarb areas
eba1d57157489b29,Service Knowledge,Decarb,Closing Strategies 1,NEEDS NAME,5,18,low,"Decarb services address carbon buildup in four distinct vehicle areas: combustion chamber surfaces (piston tops, valve faces, injector tips), intake valves (the back side, where di",'Carbon builds up in four places — we have a different cleaner for each one.'
dbbac653fa606aae,Service Knowledge,Decarb,Closing Strategies 1,NEEDS NAME,5,19,low,Use 'stubborn deposits that cause your engine to run sluggish' instead of 'carbon build-up' when explaining the service to customers. Most customers don't know what carbon build-up,replace 'carbon build-up' with 'stubborn deposits' in every customer-facing conversation
fd603bf8e029d869,Service Knowledge,Decarb,Closing Strategies 1,NEEDS NAME,5,20,low,Use 'stubborn deposits that cause your engine to run sluggish' instead of 'carbon build-up' when explaining the service to customers. Most customers don't know what carbon build-up,"'Stubborn deposits — say that, never carbon buildup.'"
3dd76d1d35c7b3d0,Service Knowledge,Decarb,Closing Strategies 1,NEEDS NAME,5,21,low,"Direct-injection (DI) engines have a fundamental decarb limitation: chemical decarb services CAN'T effectively reach the back side of intake valves on direct-only engines, because ",explain DI carbon limit honestly when symptoms appear
3565a5982df08545,Service Knowledge,Decarb,Closing Strategies 1,NEEDS NAME,5,22,low,"Direct-injection (DI) engines have a fundamental decarb limitation: chemical decarb services CAN'T effectively reach the back side of intake valves on direct-only engines, because ","'Chemistry helps prevent it; once buildup is severe, the dealer fix is walnut blasting.'"
2359cb574d8c7921,Service Knowledge,Decarb,Closing Strategies 1,NEEDS NAME,5,23,low,"Top Tier gasoline is the primary preventive measure for carbon buildup — every major OEM (Ford, GM, Toyota, Honda, Hyundai, Mazda, Subaru, BMW, Mercedes, VW/Audi) recommends it. To",educate customers on Top Tier as primary prevention
e288faa1cccb79e4,Service Knowledge,Decarb,Closing Strategies 1,NEEDS NAME,5,24,low,"Top Tier gasoline is the primary preventive measure for carbon buildup — every major OEM (Ford, GM, Toyota, Honda, Hyundai, Mazda, Subaru, BMW, Mercedes, VW/Audi) recommends it. To",'The cheapest gas costs you more in repairs later — Top Tier brands keep your engine clean.'
48e6eb4675953dcf,Service Knowledge,Decarb,Closing Strategies 2,NEEDS NAME,6,25,low,Dual-injection engines (using both direct AND port injection) largely solve the decarb problem at the engineering level. The port injectors keep the back of the intake valves clean,identify the vehicle's injection architecture before pitching decarb
df98aec56bf4db10,Service Knowledge,Decarb,Closing Strategies 2,NEEDS NAME,6,26,low,Dual-injection engines (using both direct AND port injection) largely solve the decarb problem at the engineering level. The port injectors keep the back of the intake valves clean,"'Some engines have two injection systems and don't need this — yours has one, so it benefits.'"
c042fb9781444dd4,Service Knowledge,Decarb,Closing Strategies 2,NEEDS NAME,6,27,low,"EVs do not have combustion engines and don't need decarb services. Ford Mach-E and F-150 Lightning, GM Hummer EV / Silverado EV / Lyriq / Bolt EV, Toyota bZ4X, Honda Prologue, Hyun",clean honest answer for EV customers
60c1ee73015f7376,Service Knowledge,Decarb,Closing Strategies 2,NEEDS NAME,6,28,low,"EVs do not have combustion engines and don't need decarb services. Ford Mach-E and F-150 Lightning, GM Hummer EV / Silverado EV / Lyriq / Bolt EV, Toyota bZ4X, Honda Prologue, Hyun","'EVs don't have combustion engines — no decarb needed. But your cabin filter, brake fluid, and tires still apply.'"
83983d55480c4e33,Service Knowledge,Decarb,Closing Strategies 2,NEEDS NAME,6,29,low,"Strong-tier advisors selling Decarb Service should add the test-drive callout to their close. After the customer authorizes, remind them that the certified technician will perform ",build the habit by mirroring the language. Same close works on FIC-045 Fuel Injector Clean
474686d45dc79783,Service Knowledge,Decarb,Closing Strategies 2,NEEDS NAME,6,30,low,"Elite-tier advisors have two advanced moves on Decarb Service. First: pair FIC-046 Decarb Service with FIC-047 Tank Additive — the pairing extends warranty coverage to 15,000 miles",foundation first
825e79eaa5285a31,Service Knowledge,Decarb,Closing Strategies 2,NEEDS NAME,6,31,low,Strategy 1: The Stubborn-Deposits Word Track. Replace 'carbon build-up' with 'stubborn deposits that cause your engine to run sluggish' on every decarb pitch. Anchor word track: 'A,standard opening on every decarb pitch
b2194fa609a594aa,Service Knowledge,Decarb,Closing Strategies 2,NEEDS NAME,6,32,low,Strategy 1: The Stubborn-Deposits Word Track. Replace 'carbon build-up' with 'stubborn deposits that cause your engine to run sluggish' on every decarb pitch. Anchor word track: 'A,'Stubborn deposits — say that.'
369a736e670ea05e,Service Knowledge,Decarb,Closing Strategies 3,NEEDS NAME,7,33,low,"Strategy 2: Performance, Not Cleaning. Customers don't buy 'cleaning' — they buy better acceleration, smoother idle, restored fuel efficiency, and fewer drive-ability issues. Lead ",replace 'clean' with 'performance' / 'acceleration' / 'smoothness'
ebf40732757ab973,Service Knowledge,Decarb,Closing Strategies 3,NEEDS NAME,7,34,low,"Strategy 2: Performance, Not Cleaning. Customers don't buy 'cleaning' — they buy better acceleration, smoother idle, restored fuel efficiency, and fewer drive-ability issues. Lead ","'Sell the result, not the cleaner.'"
57e472b90d03c91c,Service Knowledge,Decarb,Closing Strategies 3,NEEDS NAME,7,35,low,"Strategy 3: Tiered Options — Good / Better / Best. Offer customers a range: Basic (fuel system cleaner only — FSC-017), Better (induction + throttle body — TBC-044 + FSC-017), Best","'Three options — basic, better, best.'"
b4faa596e7bc087e,Service Knowledge,Decarb,Closing Strategies 3,NEEDS NAME,7,36,low,"Strategy 4: Plant the Seed for Next Visit. If customer declines decarb today, log the recommendation and surface it at the NEXT visit. 'No problem — let's revisit this around your ",log the conversation in the customer file; surface at the next visit
5b518a6a6bf198db,Service Knowledge,Decarb,Closing Strategies 3,NEEDS NAME,7,37,low,"Strategy 4: Plant the Seed for Next Visit. If customer declines decarb today, log the recommendation and surface it at the NEXT visit. 'No problem — let's revisit this around your ",'No worries — next time.'
e94d68534047939a,Service Knowledge,Decarb,Closing Strategies 3,NEEDS NAME,7,38,low,"Strategy 5: The Test-Drive Callout (Strong tier). After authorization, remind the customer that the certified technician will perform a test drive after the service to verify the v",build the habit. Same close on FIC-045
6687a3c8717b0f1e,Service Knowledge,Decarb,Closing Strategies 3,NEEDS NAME,7,39,low,"Strategy 6: Tank Additive Warranty + Drive-ability Piggyback (Elite tier). Pair FIC-046 Decarb Service with FIC-047 Tank Additive — extends warranty to 15,000 miles on fuel pumps a",foundation first
1cafbd1cd06cf015,Service Knowledge,Decarb,Closing Strategies 3,NEEDS NAME,7,40,low,"Position: Decarb services are valuable preventive maintenance — and MOC Products backs the service with a 15,000-mile warranty when performed at a participating MOC dealer using th",distinguish Motorcraft (Ford OE) from MOC Products (warranty chemistry)
44b5ca4447b9dee1,Service Knowledge,Decarb,Closing Strategies 4,NEEDS NAME,8,41,low,"Position: Decarb services are valuable preventive maintenance — and MOC Products backs the service with a 15,000-mile warranty when performed at a participating MOC dealer using th","'Two different companies — Motorcraft is Ford OE, MOC has the 15K warranty.'"
9302d1ced0b36605,Service Knowledge,Decarb,Closing Strategies 4,NEEDS NAME,8,42,low,"MOC offers a four-product decarb line: Restore (PN #04337) for combustion chamber GDI deposits, Dissolve (PN #04317) for intake valve deposits in GDI engines, Optimizer (PN #16501)","'Four products, four areas — complete service.'"
901b0271228f7c94,Service Knowledge,Decarb,Closing Strategies 4,NEEDS NAME,8,43,low,"MOC Products 15,000-mile warranty close: when fuel-related services (FIC-045 Fuel Injector Clean, FIC-046 Decarb, FIC-047 Tank Additive, TBC-044 Throttle Body Clean) are performed ",surface the 15K warranty as part of the service value
ec49882de384e24d,Service Knowledge,Decarb,Closing Strategies 4,NEEDS NAME,8,44,low,"MOC Products 15,000-mile warranty close: when fuel-related services (FIC-045 Fuel Injector Clean, FIC-046 Decarb, FIC-047 Tank Additive, TBC-044 Throttle Body Clean) are performed ","'MOC service comes with a 15,000-mile warranty.'"
76e9a909cc5c8e8a,Service Knowledge,Decarb,Closing Strategies 4,NEEDS NAME,8,45,low,"MOC Restore is formulated to dissolve heavy fuel deposits on injector tips, pistons, and combustion chamber surfaces in GDI and high-output engines. Compatible with catalytic conve",'Restore — for the deposits inside the cylinder.'
0867bd203e7c3fc1,Service Knowledge,Decarb,Closing Strategies 4,NEEDS NAME,8,46,low,"MOC Dissolve targets intake valve and port deposits in GDI engines prone to excessive carbon buildup. Versatile — applies through multiple intake sources to clean plenum, throttle ","'Four products, complete cleaning.'"
8ef768b712a70615,Service Knowledge,Diff,Differential/Transfer Case Service Warranty,OK,1,1,zero,Differential/Transfer Case Service Warranty,"Remember the warranty! All Differential services come with a 30,000 mile warranty of up to $4000 of coverage."
7cc152c489d4f4bc,Service Knowledge,Diff,Differential/Transfer Case Service Warranty,OK,1,2,zero,Differential/Transfer Case Service Warranty,"""By taking advantage of this Differential service today you qualify for a 30,000-mile warranty with up to $4000 of cover"
414b395da47425e9,Service Knowledge,Diff,Differential/Transfer Case Service Warranty,OK,1,3,zero,Differential/Transfer Case Service Warranty,"Investing now, saves you money in the long run. The average rear end replacement runs nearly $3,000!"
b9e998770b3ca635,Service Knowledge,Diff,Differential/Transfer Case Service Warranty,OK,1,4,zero,Differential/Transfer Case Service Warranty,"Remember the two tiers of coverage. If less than 100K = $2,000. If Less than 50K = $4,000 of coverage."
f5f060154c54b948,Service Knowledge,Diff,Differential/Transfer Case Service Warranty,OK,1,5,zero,Differential/Transfer Case Service Warranty,"Use the warranty on Diff services as a way to overcome objections. Money, Time, Decision Maker? The warranty can help ov"
82d50a0f3b18572d,Service Knowledge,Diff,Gear Oil Product Knowledge,OK,2,6,zero,Gear Oil Product Knowledge,Gear Guard 75W-90 is the standard product. Add Concentrate for limited-slip.
773330b77a724b56,Service Knowledge,Diff,Gear Oil Product Knowledge,OK,2,7,zero,Gear Oil Product Knowledge,Gear Guard 75W-140 is created for HD/towing standard.
f3b8c69e3a8a949d,Service Knowledge,Diff,Gear Oil Product Knowledge,OK,2,8,zero,Gear Oil Product Knowledge,Gear Guard PLUS 75W-85 includes a built-in friction modifier.
46b0df4d98c51829,Service Knowledge,Diff,Gear Oil Product Knowledge,OK,2,9,zero,Gear Oil Product Knowledge,Gear Guard PLUS 75W-90 specialized product that covers Ford / GM / Chrysler / Toyota.
82d5b3703242ba86,Service Knowledge,Diff,Gear Oil Product Knowledge,OK,2,10,zero,Gear Oil Product Knowledge,Gear Guard PLUS 75W-140 created for HD/towing with friction modifier.
74c7bf2d70cfcf45,Service Knowledge,Diff,Gear Oil Product Knowledge,OK,2,11,zero,Gear Oil Product Knowledge,Show rather than tell. Pull the plug. Take a photo of moisture level. Send it. Gear oil can get cloudy or milky.
e8afa3d8aa7dff38,Service Knowledge,Diff,Differential Warranty,OK,3,12,zero,Differential Warranty,"Investing now, saves you money in the long run. Highlight the price difference between preventative maintenance and diff"
1c660cc532df724a,Service Knowledge,Diff,Differential Warranty,OK,3,13,zero,Differential Warranty,"By taking advantage today, you qualify for a 30,000 mile warranty with up to $4,0000 of coverage."
3144bf603151e62d,Service Knowledge,Diff,Differential Warranty,OK,3,14,zero,Differential Warranty,"Remember the warranty! All Differential services come with a 30,000 mile warranty. Two tiers of coverage. Less than 100K"
783f91c622f028ae,Service Knowledge,Diff,Differential Warranty,OK,3,15,zero,Differential Warranty,Remember the warranty! All Differential services cover any internal lubricated part.
2c07b019cef0c99b,Service Knowledge,Diff,Differential Warranty,OK,3,16,zero,Differential Warranty,"You can renew a warranty by doing the service every 30,000 miles, FOR EVER!"
5ec0d6c932ef5bb0,Service Knowledge,Diff,Differential Warranty,OK,3,17,zero,Differential Warranty,"Remember, transition your customers from the factory warranty, to YOUR warranty."
f68b6d6f7d6d17cd,Service Knowledge,Diff,Differential Mindset,OK,4,18,zero,Differential Mindset,"Always use the five-step framework when it comes to Diff. Inspect, show the visual to the customer, rely on dollar compa"
d046f0e7361f804e,Service Knowledge,Diff,Differential Mindset,OK,4,19,zero,Differential Mindset,Trying to improve your Diff selling skills? Utilize these suggestions: Inspect the fluid. Is there moisture present? Wha
455e880ab9cd7f06,Service Knowledge,Diff,Differential Mindset,OK,4,20,zero,Differential Mindset,"Pitch Diff services as an inexpensive insurance. Investing now, can save your customers money in the future."
69a18d2e74b25a9c,Service Knowledge,Diff,Differential Mindset,OK,4,21,zero,Differential Mindset,"Pitch Diff services as an inexpensive insurance. Investing now, can save your customers money in the future. The math do"
6c33fb5934e9828f,Service Knowledge,Diff,Knowledge Notes 1,NEEDS NAME,5,22,zero,Differential/Transfer Case Service Tip,Differential and transfer case service is one of the most genuinely beneficial yet UNDER-RECOMMENDED services in the mai
0c0cb48f287445e5,Service Knowledge,Diff,Knowledge Notes 1,NEEDS NAME,5,23,zero,Differential/Transfer Case Service Tip,"Ensure you are asking EVERY truck/SUV/AWD customer about water exposure. Customers who launch boats with their vehicle, "
d13ddca8c043c2f9,Service Knowledge,Diff,Knowledge Notes 1,NEEDS NAME,5,24,zero,Differential/Transfer Case Word Track,"Trying to pitch a Diff Service? Use these word tracks ""Are you familiar with our Diff Service?"", ""What we want to do is "
f53bf98b62ea5344,Service Knowledge,Diff,Knowledge Notes 1,NEEDS NAME,5,25,zero,Differential/Transfer Case Word Track,"Word tracks for pitches: ""Your current gear oil has done it's job"", ""Based on time and mileage, new gear oil is necessar"
f878fa27b4391a17,Service Knowledge,Diff,Knowledge Notes 1,NEEDS NAME,5,26,zero,Differential/Transfer Case Service Word Track,"All fluids go bad. Thankfully, this fluid exceeded its life expectancy. Based on Time and Mileage, though, your truck is"
7f60736dbf6a60f9,Service Knowledge,Diff,Knowledge Notes 1,NEEDS NAME,5,27,zero,Differential/Transfer Case Service Word Track,"Are you familiar with our diff services? What we are doing is getting rid of your old, broken down fluid, and replacing "
62fe855277c7e160,Service Knowledge,Diff,Knowledge Notes 1,NEEDS NAME,5,28,zero,EV Diff Services,Clean honest answer for EV customers. EVs use specialized e-axle gear oils with extended service intervals — typically n
0792af43d8f417fd,Service Knowledge,Diff,Knowledge Notes 1,NEEDS NAME,5,29,zero,Differential/Transfer Service Product Knowledge,Your gear oil is fully synthetic and built to withstand the rigors of your climate.
4e17319379f29558,Service Knowledge,Diff,Knowledge Notes 2,NEEDS NAME,6,30,zero,Ultra Shift,"Ultra Shift is the standard product for manual / transfer case. Full synthetic gear lubricant for manual transmissions, "
bbd40e58445ec9ce,Service Knowledge,Diff,Knowledge Notes 2,NEEDS NAME,6,31,zero,Ultra Shift LV,"Cite Ultra Shift LV as the inventory champion. Full synthetic API GL-4 gear lubricant for manual transmissions, transaxl"
251b14bfb136af29,Service Knowledge,Diff,Knowledge Notes 2,NEEDS NAME,6,32,zero,Ultra Shift LV,"Ultra Shift LV is a specialized product that covers Honda VTM-4, VW Haldex, GM Auto Trak with 8+ specs."
9d6f4a0e57e66569,Service Knowledge,Diff,Knowledge Notes 2,NEEDS NAME,6,33,zero,Limited Slip Concentrate,Limited-Slip Concentrate PN 0149. Use 1 part to 25 parts gear oil. Designed to quiets gears and fortify standard gear lu
e286a70e0992928e,Service Knowledge,Diff,Knowledge Notes 2,NEEDS NAME,6,34,zero,Extreme Pressure Lube,Use 10% by volume. Designed to improve lubricant film thickness and reduce wear on gear surfaces.
0d26d1a136db4e9d,Service Knowledge,Diff,Closing Strategies 1,NEEDS NAME,7,35,low,Differential and transfer case service is one of the most genuinely beneficial yet UNDER-RECOMMENDED services in the maintenance world. Unlike engine flushes (controversial) or dec,lead with the universal-agreement framing on AWD/4WD/truck customers
5d41fae7b7dfd54a,Service Knowledge,Diff,Closing Strategies 1,NEEDS NAME,7,36,low,Differential and transfer case service is one of the most genuinely beneficial yet UNDER-RECOMMENDED services in the maintenance world. Unlike engine flushes (controversial) or dec,'No controversy here — every brand agrees this matters.'
b2386466a4c343f1,Service Knowledge,Diff,Closing Strategies 1,NEEDS NAME,7,37,low,Word track per existing platform language — Mitch's anchor opening (Fluid Exchanges R7): 'Are you familiar with our Diff Services? What we are doing is getting rid of your old gear,standard opening on every differential/transfer case pitch
dc358fb58ba82709,Service Knowledge,Diff,Closing Strategies 1,NEEDS NAME,7,38,low,Word track per existing platform language — Mitch's anchor opening (Fluid Exchanges R7): 'Are you familiar with our Diff Services? What we are doing is getting rid of your old gear,'Has done its job — say that.'
c55b2fedcb9bbf64,Service Knowledge,Diff,Closing Strategies 1,NEEDS NAME,7,39,low,"**THE BOAT-LAUNCHING / WATER-EXPOSURE FACT** (from existing Fluid Exchanges R7 Strong nugget). Customers who launch boats with their vehicle, drive in water crossings, off-road in ",ask EVERY truck/SUV/AWD customer about water exposure
9b1bcc3189ef8f43,Service Knowledge,Diff,Closing Strategies 1,NEEDS NAME,7,40,low,"**THE BOAT-LAUNCHING / WATER-EXPOSURE FACT** (from existing Fluid Exchanges R7 Strong nugget). Customers who launch boats with their vehicle, drive in water crossings, off-road in ",'Boat launcher? Annual differential service. Mud / water / flood — same thing.'
06506fcac7ca7cd8,Service Knowledge,Diff,Closing Strategies 1,NEEDS NAME,7,41,low,"MOC Products 30,000-mile warranty close on vehicles under 100,000 miles. Per existing platform Elite-tier coaching: 'For any vehicle with fewer than 100,000 miles, a customer that ",surface the 30K warranty as part of the value on under-100K vehicles
62da9878a94095ee,Service Knowledge,Diff,Closing Strategies 1,NEEDS NAME,7,42,low,"MOC Products 30,000-mile warranty close on vehicles under 100,000 miles. Per existing platform Elite-tier coaching: 'For any vehicle with fewer than 100,000 miles, a customer that ","'Differential service comes with a 30,000-mile warranty.'"
60352b12a264e5f8,Service Knowledge,Diff,Closing Strategies 2,NEEDS NAME,8,43,low,"**The $200-vs-$3,000 investment-protection math.** A differential fluid service runs $150-300 per service point. A neglected differential failure costs $1,500-3,000 for parts and l",cite specific dollar comparisons by application
ea9396b128e320a5,Service Knowledge,Diff,Closing Strategies 2,NEEDS NAME,8,44,low,"**The $200-vs-$3,000 investment-protection math.** A differential fluid service runs $150-300 per service point. A neglected differential failure costs $1,500-3,000 for parts and l","'$200 now or $3,000 later.'"
fcfc2dbcc56edd57,Service Knowledge,Diff,Closing Strategies 2,NEEDS NAME,8,45,low,Multiple service points per vehicle on AWD/4WD applications — this is NOT a single-fluid conversation on most modern vehicles. **Front differential + rear differential + transfer c,identify all service points on the customer's vehicle BEFORE pitching
74b4c3ace39b6441,Service Knowledge,Diff,Closing Strategies 2,NEEDS NAME,8,46,low,Multiple service points per vehicle on AWD/4WD applications — this is NOT a single-fluid conversation on most modern vehicles. **Front differential + rear differential + transfer c,'Walk through how many fluids your vehicle has — set expectations.'
93a1b9c58f547251,Service Knowledge,Diff,Closing Strategies 2,NEEDS NAME,8,47,low,"FWD passenger cars without rear differentials — DON'T OVERSELL. Customer-protection fact: most front-wheel-drive sedans, hatchbacks, and small SUVs (Civic, Corolla, Camry FWD, Sent",identify FWD-only vehicles before pitching rear differential service
0ac16e5627e64dae,Service Knowledge,Diff,Closing Strategies 2,NEEDS NAME,8,48,low,"FWD passenger cars without rear differentials — DON'T OVERSELL. Customer-protection fact: most front-wheel-drive sedans, hatchbacks, and small SUVs (Civic, Corolla, Camry FWD, Sent",'FWD only = no rear differential. Don't pitch what's not there.'
ebfac937fa1b8110,Service Knowledge,Diff,Closing Strategies 2,NEEDS NAME,8,49,low,"EVs use specialized e-axle gear oils with extended service intervals — typically near-lifetime fill on the e-motor reduction gears. Ford Mach-E / F-150 Lightning, GM Hummer EV / Si",clean honest answer for EV customers
74c0940d82a74109,Service Knowledge,Diff,Closing Strategies 2,NEEDS NAME,8,50,low,"EVs use specialized e-axle gear oils with extended service intervals — typically near-lifetime fill on the e-motor reduction gears. Ford Mach-E / F-150 Lightning, GM Hummer EV / Si",'EVs = different. Near-lifetime fill on e-axle.'
bba85bdc557bc0b2,Service Knowledge,Diff,Closing Strategies 3,NEEDS NAME,9,51,low,"Position: **MOST COMPREHENSIVE differential and driveline product line in the dealership service market** — nine products covering every common viscosity, limited-slip vs conventio",distinguish MOC Products from Motorcraft
878c886faa378788,Service Knowledge,Diff,Closing Strategies 3,NEEDS NAME,9,52,low,"Position: **MOST COMPREHENSIVE differential and driveline product line in the dealership service market** — nine products covering every common viscosity, limited-slip vs conventio",'MOC = chemistry brand from Pacoima. Motorcraft = Ford OE.'
16e09ac232dffed6,Service Knowledge,Diff,Closing Strategies 3,NEEDS NAME,9,53,low,"**Gear Guard SAE 75W-90 (PN 0414, 1 qt / 16 gal drum).** Synthetic Polyalphaolefin, API GL-5 rated gear oil. Versatile extreme-pressure lubricant for conventional differentials, li",'Gear Guard 75W-90 standard. Add Concentrate for limited-slip.'
de7e110b818679cf,Service Knowledge,Diff,Closing Strategies 3,NEEDS NAME,9,54,low,"**Gear Guard SAE 75W-140 (PN 0148, 1 qt / 16 gal drum).** Multi-grade synthetic polyalphaolefin, API GL-5 rated hypoid gear oil. Premium extreme-pressure lubricant for conventional",'Gear Guard 75W-140 = HD/towing standard.'
b633aa381631143f,Service Knowledge,Diff,Closing Strategies 3,NEEDS NAME,9,55,low,"**Gear Guard PLUS SAE 75W-85 (PN 0147, 1 qt).** Multigrade synthetic polyalphaolefin, API GL-5 rated. Designed for limited-slip performance but also usable in conventional differen",'Gear Guard PLUS 75W-85 = built-in friction modifier.'
faf351c69603ab89,Service Knowledge,Diff,Closing Strategies 3,NEEDS NAME,9,56,low,"**Gear Guard PLUS SAE 75W-90 (PN 0427, 1 qt / 16 gal drum).** Multigrade synthetic polyalphaolefin, API GL-5 rated. Built-in friction modifier eliminates need for supplements such ",'Gear Guard PLUS 75W-90 = covers Ford / GM / Chrysler / Toyota.'
e5f1bee329a0e419,Service Knowledge,Diff,Closing Strategies 3,NEEDS NAME,9,57,low,"**Gear Guard PLUS SAE 75W-140 (PN 0428, 1 qt / 16 gal drum).** Multigrade synthetic polyalphaolefin, API GL-5 rated. Built-in friction modifier. Can replace 85W-140, 140 oils. Reco",'Gear Guard PLUS 75W-140 = HD/towing with friction modifier.'
2e791ecb4d1a76da,Service Knowledge,Diff,Closing Strategies 3,NEEDS NAME,9,58,low,"**Ultra Shift (PN 0415, 1 qt).** Full synthetic gear lubricant for manual transmissions, transaxles, and transfer cases. Combines high-quality base oils with multi-functional addit",'Ultra Shift = manual / transfer case standard.'
0a86c8c5fff96cd6,Service Knowledge,Diff,Closing Strategies 4,NEEDS NAME,10,59,low,"**Ultra Shift LV (PN 0438, 1 qt / 16 gal drum) — THE INVENTORY CHAMPION.** Full synthetic API GL-4 gear lubricant for manual transmissions, transaxles, **HALDEX UNITS**, and transf",cite Ultra Shift LV as the inventory champion
6c1b3792dee11afa,Service Knowledge,Diff,Closing Strategies 4,NEEDS NAME,10,60,low,"**Ultra Shift LV (PN 0438, 1 qt / 16 gal drum) — THE INVENTORY CHAMPION.** Full synthetic API GL-4 gear lubricant for manual transmissions, transaxles, **HALDEX UNITS**, and transf","'Ultra Shift LV = covers Honda VTM-4, VW Haldex, GM Auto Trak — 8+ specs.'"
0af0bb21b281a199,Service Knowledge,Diff,Closing Strategies 4,NEEDS NAME,10,61,low,"**Limited-Slip Concentrate (PN 0149, 4 oz).** Designed to prevent chatter in limited-slip differentials and full-time four-wheel drive transfer cases. Quiets gears, fortifies stand",'Concentrate PN 0149. 1 part to 25 parts gear oil.'
f3264dc5d42c7e0f,Service Knowledge,Diff,Closing Strategies 4,NEEDS NAME,10,62,low,"**Extreme-Pressure Lubricant (PN 0114, 6 oz).** Multiuse concentrate to improve lubricant film thickness and reduce wear on gear surfaces. Designed for manual transmissions, gear b",'Extreme-Pressure PN 0114. 10% by volume.'
88dffa27b029661f,Service Knowledge,Diff,Closing Strategies 4,NEEDS NAME,10,63,low,Strategy 1: The 'Has Done Its Job' Word Track. Don't say 'broken gear oil' or 'bad differential fluid' — say 'old gear oil that has done its job.' Mitch's anchor opening: 'Are you ,standard opening on every differential pitch
1db59145f831ea73,Service Knowledge,Diff,Closing Strategies 4,NEEDS NAME,10,64,low,Strategy 1: The 'Has Done Its Job' Word Track. Don't say 'broken gear oil' or 'bad differential fluid' — say 'old gear oil that has done its job.' Mitch's anchor opening: 'Are you ,'Has done its job — say that.'
190060d64ab45d54,Service Knowledge,Diff,Closing Strategies 4,NEEDS NAME,10,65,low,Strategy 2: The Boat-Launching / Water-Exposure Trigger. Ask EVERY truck/SUV/AWD customer: 'Do you launch boats with this vehicle? Drive in water crossings? Off-road in mud? Live i,ask the water-exposure question on EVERY truck/SUV/AWD customer
5df9a53929e3b628,Service Knowledge,Diff,Closing Strategies 4,NEEDS NAME,10,66,low,Strategy 2: The Boat-Launching / Water-Exposure Trigger. Ask EVERY truck/SUV/AWD customer: 'Do you launch boats with this vehicle? Drive in water crossings? Off-road in mud? Live i,'Boat launcher? Annual diff service. Water = annual.'
415a91f024836369,Service Knowledge,Diff,Closing Strategies 5,NEEDS NAME,11,67,low,"Strategy 3: The $200-vs-$3,000 Investment-Protection Close. 'A differential service runs $150-300. A neglected Honda VTM-4 failure runs $3,000+. A neglected VW/Audi Haldex runs $3,",cite specific dollar comparisons
ec95782a1d329b9f,Service Knowledge,Diff,Closing Strategies 5,NEEDS NAME,11,68,low,"Strategy 3: The $200-vs-$3,000 Investment-Protection Close. 'A differential service runs $150-300. A neglected Honda VTM-4 failure runs $3,000+. A neglected VW/Audi Haldex runs $3,","'$200 now or $3,000 later.'"
f842a332b232119d,Service Knowledge,Diff,Closing Strategies 5,NEEDS NAME,11,69,low,"Strategy 4: The Multi-Point Walk-Through. Pre-walk every AWD/4WD customer through their vehicle's service points BEFORE pitching: 'Your Subaru has a front, center, and rear differe",identify all service points BEFORE pitching
14efe3b2592c6f5d,Service Knowledge,Diff,Closing Strategies 5,NEEDS NAME,11,70,low,"Strategy 4: The Multi-Point Walk-Through. Pre-walk every AWD/4WD customer through their vehicle's service points BEFORE pitching: 'Your Subaru has a front, center, and rear differe",'Walk through how many fluids the vehicle has — set expectations.'
9003c5443783dcab,Service Knowledge,Diff,Closing Strategies 5,NEEDS NAME,11,71,low,Strategy 5: The Visual Sell — Pull the Drain Plug. Pull the differential drain plug or check the fill level during inspection. Degraded gear oil looks DRAMATICALLY different from n,'Pull the plug. Photo. Send it.'
7c6fbad9dd7cdb96,Service Knowledge,Diff,Closing Strategies 5,NEEDS NAME,11,72,low,"Strategy 6: The MOC 30K Warranty Close (All-Tier on Under-100K Vehicles). Per Mitch's all-tier instruction — every advisor surfaces the MOC 30,000-mile warranty on every differenti",surface the 30K warranty on every conversation
bbc8e96b10a70b18,Service Knowledge,Diff,Closing Strategies 5,NEEDS NAME,11,73,low,"Strategy 6: The MOC 30K Warranty Close (All-Tier on Under-100K Vehicles). Per Mitch's all-tier instruction — every advisor surfaces the MOC 30,000-mile warranty on every differenti","'30,000-mile warranty — say that.'"
8c6ab0c2482085b2,Service Knowledge,Diff,Closing Strategies 5,NEEDS NAME,11,74,low,Differential and transfer case service has UNIVERSAL industry agreement. No controversy. No chemistry-vs-mechanical debate. No OEM warning against periodic service. Every OEM and e,cite the universal-agreement framing
84a231906f6a8597,Service Knowledge,Diff,Closing Strategies 6,NEEDS NAME,12,75,low,Differential and transfer case service has UNIVERSAL industry agreement. No controversy. No chemistry-vs-mechanical debate. No OEM warning against periodic service. Every OEM and e,'No controversy here.'
64c3c822508dcd69,Service Knowledge,Diff,Closing Strategies 6,NEEDS NAME,12,76,low,"Most OEMs recommend 30,000-60,000 MILE intervals — with severe service cutting these in half. **Honda VTM-4 is industry-shortest at 30,000 miles** — and it's a $200+ service that p",'Most = 30-60K. Honda 30K. BMW changed. Subaru = 3. H/K warranty doesn't cover service.'
980605e89407529b,Service Knowledge,Diff,Closing Strategies 6,NEEDS NAME,12,77,low,Practical guidance summary. **Inspect at every oil change** — pull the differential plug or check the fill level for moisture/condition. **Use the visual sell** — degraded differen,master the five-step framework
77ce741dfb2af20c,Service Knowledge,Diff,Closing Strategies 6,NEEDS NAME,12,78,low,Practical guidance summary. **Inspect at every oil change** — pull the differential plug or check the fill level for moisture/condition. **Use the visual sell** — degraded differen,'Inspect / show / dollar-prevent / right fluid / don't oversell FWD.'
86babaa1cabc9f90,Service Knowledge,Diff,Closing Strategies 6,NEEDS NAME,12,79,low,Position differential service as INEXPENSIVE INSURANCE vs the cost of AWD/4WD component replacement after fluid neglect. Differential service has the cleanest dollar-prevention mat,"position as insurance, not maintenance"
bed24923b6bde94f,Service Knowledge,Diff,Closing Strategies 6,NEEDS NAME,12,80,low,Position differential service as INEXPENSIVE INSURANCE vs the cost of AWD/4WD component replacement after fluid neglect. Differential service has the cleanest dollar-prevention mat,'Inexpensive insurance.'
a4dd45a143a056b3,Service Knowledge,EV Hybrid,Knowledge Notes 1,NEEDS NAME,1,1,zero,EV Maintenance Mindset,"The customer who buys an EV is told 'no maintenance needed' by the salesperson, and they largely believe it. We owe educ"
c6608ea69923ea4e,Service Knowledge,EV Hybrid,Knowledge Notes 1,NEEDS NAME,1,2,zero,EV Maintenance Mindset,"EVs need fewer services. Education first, sale second with every customer. Help them understand their vehicle."
86bded6e170b8721,Service Knowledge,EV Hybrid,Knowledge Notes 1,NEEDS NAME,1,3,zero,Charge Port Cleaning Tip,"A $30-50 SERVICE MOST CUSTOMERS DON'T KNOW EXISTS. Charge port contacts accumulate dirt, dust, and grime that impedes ch"
a77c7142fc57ad91,Service Knowledge,EV Hybrid,Knowledge Notes 1,NEEDS NAME,1,4,zero,Rodent Deterrent,Offer rodent deterrent on every EV customer.
d7cc7ce9cc6f3936,Service Knowledge,EV Hybrid,Knowledge Notes 1,NEEDS NAME,1,5,zero,Rodent Deterrent,"Pitch rodent deterrent to every EV customer. $25 prevents $3,000-$10,000 in wiring damage."
ec2a04eda5ee82ac,Service Knowledge,EV Hybrid,Knowledge Notes 1,NEEDS NAME,1,6,zero,EV 12V Battery,"Ask every EV customer about their 12V battery. If it fails, the vehicle locks out."
97b9132466724ab5,Service Knowledge,EV Hybrid,Knowledge Notes 1,NEEDS NAME,1,7,zero,EV 12V Battery,"12V batteries exist on every EV. Failure leads to full vehicle lockout. Say: ""Did you know your EV has a 12V battery? We"
f9990bf1d884fa9e,Service Knowledge,EV Hybrid,Knowledge Notes 1,NEEDS NAME,1,8,zero,EV Tire Wear,Every EV RO gets the tire-wear conversation. Tire maintenance is essential for EVs.
6b4f5a4246b2133b,Service Knowledge,EV Hybrid,Knowledge Notes 2,NEEDS NAME,2,9,zero,EV Tire Wear,EV tires wear faster and need rotates more often. Every EV customer deserves the tire-maintenance conversation.
2a3ce98af4719a8e,Service Knowledge,EV Hybrid,Knowledge Notes 2,NEEDS NAME,2,10,zero,EV Brake Fluid,Brake fluid still needs service on every EV — every 2 years.
7a04e2a193f2bdb1,Service Knowledge,EV Hybrid,Knowledge Notes 2,NEEDS NAME,2,11,zero,EV Brake Fluid,EVs still need brake fluid service every 2 years. Use MOC Ultra DOT 5.1.
8f19e1e36ab6a372,Service Knowledge,EV Hybrid,Knowledge Notes 2,NEEDS NAME,2,12,zero,EV A/C POE Oil,"EV A/C uses POE oil, never PAG. Wrong oil shorts the compressor — $1,500+ repair."
bfa196450198853a,Service Knowledge,EV Hybrid,Knowledge Notes 2,NEEDS NAME,2,13,zero,EV A/C POE Oil,"""EV/Hybrid A/C = POE only. We know this. Some shops don't."" Use it to build trust."
4aaa863b87163d4c,Service Knowledge,EV Hybrid,Knowledge Notes 2,NEEDS NAME,2,14,zero,Battery Cooling Fluid,"Battery cooling fluid still needs service on most EVs, even with ""lifetime"" claims. Follow the OEM interval."
4c63c06feaa0dd44,Service Knowledge,EV Hybrid,Knowledge Notes 2,NEEDS NAME,2,15,zero,Battery Cooling Fluid,Battery cooling loops need service. Don't skip this — MOC Protect coverage applies.
3c9ab42f029ffa21,Service Knowledge,EV Hybrid,Knowledge Notes 2,NEEDS NAME,2,16,zero,EV Cabin Filter,Every EV or Hybrid customer should be offered cabin filter service when due.
3acda617225fe69f,Service Knowledge,EV Hybrid,Knowledge Notes 3,NEEDS NAME,3,17,zero,EV Cabin Filter,EV cabins are quiet. Customers notice cabin filter quality more — often HEPA. Pitch it.
000e2fed0451d3e8,Service Knowledge,EV Hybrid,Knowledge Notes 3,NEEDS NAME,3,18,zero,EV Piggyback Reset,"EVs still need brake fluid, cabin filter, tire rotation, alignment, and 12V battery service. Sell them in a bundle!"
5aea27b590c5f973,Service Knowledge,EV Hybrid,Knowledge Notes 3,NEEDS NAME,3,19,zero,EV Piggyback Reset,The EV menu is shorter but not empty. Every EV customer deserves the full needed-service conversation.
f39cdb7a65a47374,Service Knowledge,EV Hybrid,Knowledge Notes 3,NEEDS NAME,3,20,zero,Charge Port Pitch,Offer charge port cleaning to every EV customer. $30-50 service no one else offers.
a1328843d4545322,Service Knowledge,EV Hybrid,Knowledge Notes 3,NEEDS NAME,3,21,zero,Charge Port Pitch,"""Your charge port has been collecting dirt and grime. It slows your charging. We can clear it in minutes."""
a1c507ccd177a777,Service Knowledge,EV Hybrid,Knowledge Notes 3,NEEDS NAME,3,22,zero,Rodent Deterrent Pitch,"$25 prevents $3,000-$10,000 in wiring damage. Pitch on every EV."
4275d50532be0b6b,Service Knowledge,EV Hybrid,Knowledge Notes 3,NEEDS NAME,3,23,zero,Rodent Deterrent Pitch,EVs have no warm engine to deter rodents. Their soy-based wiring attracts them. Pitch every EV.
a32c72a3210240c0,Service Knowledge,EV Hybrid,Knowledge Notes 3,NEEDS NAME,3,24,zero,12V Battery Education,12V batteries exist on every EV. Test annually. Testing is free for our customers.
befb810a109e8d16,Service Knowledge,EV Hybrid,Knowledge Notes 4,NEEDS NAME,4,25,zero,EV Tire Wear Rate,EVs wear tires faster due to instant torque + battery weight. Every EV RO gets the tire conversation.
21a3d49075bd4506,Service Knowledge,EV Hybrid,Knowledge Notes 4,NEEDS NAME,4,26,zero,EV Tire Wear Rate,EV tires wear faster and need rotates more often. Every EV customer should hear the tire-maintenance story.
d9682a46a375909a,Service Knowledge,EV Hybrid,Knowledge Notes 4,NEEDS NAME,4,27,zero,EV Brake Fluid Rule,"EVs still need brake fluid every 2 years. Regen reduces pad wear, not fluid degradation."
b7dcb6b0595f6f74,Service Knowledge,EV Hybrid,Knowledge Notes 4,NEEDS NAME,4,28,zero,EV Brake Fluid Rule,EVs still need brake fluid. Every 2 years. Use Ultra DOT 5.1.
c63b307ba29244a2,Service Knowledge,EV Hybrid,Knowledge Notes 4,NEEDS NAME,4,29,zero,POE-Only Awareness,"EV/Hybrid A/C uses POE oil only. Wrong oil = $1,500+ compressor damage."
184f5005d40b0170,Service Knowledge,EV Hybrid,Knowledge Notes 4,NEEDS NAME,4,30,zero,Premium Cabin Pitch,Every EV or Hybrid customer should be offered a cabin filter when needed.
3be8651f6ca643fd,Service Knowledge,EV Hybrid,Knowledge Notes 4,NEEDS NAME,4,31,zero,Premium Cabin Pitch,"""EV cabin filter is often HEPA. Quiet cabin means the customer notices quality."""
1af23c3736f98175,Service Knowledge,EV Hybrid,Knowledge Notes 4,NEEDS NAME,4,32,zero,EV Service Restructuring,"EVs skip oil, transmission, fuel injection, spark plugs. They still need cabin filter, brake fluid, tires, alignment, an"
45c098d681f8d8f9,Service Knowledge,EV Hybrid,Knowledge Notes 5,NEEDS NAME,5,33,zero,No Maintenance Myth,"""No maintenance needed"" is broadly misleading. Position your dealership as the educated EV source."
86eeea8043c4ad41,Service Knowledge,EV Hybrid,Knowledge Notes 5,NEEDS NAME,5,34,zero,No Maintenance Myth,"EV customers want education. By coming to the dealership, they are talking to experts at the forefront of innovation."
87d952c6f4c2c51f,Service Knowledge,EV Hybrid,Knowledge Notes 5,NEEDS NAME,5,35,zero,EV Playbook,"Lead with education. Pitch Charge Port Cleaner and Rodent Deterrent on every EV. Cover 12V battery, tires, brake fluid, "
90ddffc040065e8b,Service Knowledge,EV Hybrid,Knowledge Notes 5,NEEDS NAME,5,36,zero,EV Playbook,"Prioritize education. Offer MOC charge port cleaner + Banish rodent deterrent. Remember 12V battery test, tire care, bra"
d5d8a46c29461fbb,Service Knowledge,EV Hybrid,Knowledge Notes 5,NEEDS NAME,5,37,zero,EV Trust Building,Every EV customer is a trust-building moment. Educate to retain.
33c123d2daebe590,Service Knowledge,EV Hybrid,Knowledge Notes 5,NEEDS NAME,5,38,zero,EV Trust Building,The key to EV success is education. Education leads to recurring revenue. Take time during your active delivery to learn
7ce39c2705d7928b,Service Knowledge,EV Hybrid,Closing Strategies 1,NEEDS NAME,6,39,low,"**EV MAINTENANCE IS FUNDAMENTALLY RESTRUCTURED — EDUCATION FIRST, SALE SECOND.** The customer who buys an EV is told 'no maintenance needed' by the salesperson, and they largely be",lead with education-first framing on every EV customer
df5d9652ec78ad41,Service Knowledge,EV Hybrid,Closing Strategies 1,NEEDS NAME,6,40,low,"**EV MAINTENANCE IS FUNDAMENTALLY RESTRUCTURED — EDUCATION FIRST, SALE SECOND.** The customer who buys an EV is told 'no maintenance needed' by the salesperson, and they largely be","'EVs need fewer services. Education first, sale second.'"
a12fbeb800c1a017,Service Knowledge,EV Hybrid,Closing Strategies 1,NEEDS NAME,6,41,low,"**CHARGE PORT CLEANING — A $30-50 SERVICE MOST CUSTOMERS DON'T KNOW EXISTS.** Charge port contacts accumulate dirt, dust, and grime that impedes charging efficiency. **MOC's patent",surface charge port cleaning on every EV customer
c6c176c549f12ad6,Service Knowledge,EV Hybrid,Closing Strategies 1,NEEDS NAME,6,42,low,"**CHARGE PORT CLEANING — A $30-50 SERVICE MOST CUSTOMERS DON'T KNOW EXISTS.** Charge port contacts accumulate dirt, dust, and grime that impedes charging efficiency. **MOC's patent",'Charge port cleaning — $30-50 service no one else offers.'
ef57959a94f7f825,Service Knowledge,EV Hybrid,Closing Strategies 1,NEEDS NAME,6,43,low,**RODENT DETERRENT — THE MOST OVERLOOKED EV SERVICE.** EVs are uniquely vulnerable to rodent damage because: (1) **No warm engine to deter rodents** — historically engine heat kept,surface rodent deterrent on every EV customer
5f8f8044f71123a5,Service Knowledge,EV Hybrid,Closing Strategies 1,NEEDS NAME,6,44,low,**RODENT DETERRENT — THE MOST OVERLOOKED EV SERVICE.** EVs are uniquely vulnerable to rodent damage because: (1) **No warm engine to deter rodents** — historically engine heat kept,"'$25 prevents $3,000-$10,000 in wiring damage. Pitch every EV.'"
5e11baef1c9c9430,Service Knowledge,EV Hybrid,Closing Strategies 1,NEEDS NAME,6,45,low,**THE 12V BATTERY STILL EXISTS ON EVERY EV — FAILURE CAUSES TOTAL LOCKOUT.** Most EV owners don't even know their vehicle has a 12V battery. The 12V battery (typically AGM) powers ,ask every EV customer about 12V battery
dab36dcfb989b560,Service Knowledge,EV Hybrid,Closing Strategies 1,NEEDS NAME,6,46,low,**THE 12V BATTERY STILL EXISTS ON EVERY EV — FAILURE CAUSES TOTAL LOCKOUT.** Most EV owners don't even know their vehicle has a 12V battery. The 12V battery (typically AGM) powers ,'Did you know your EV has a 12V battery? Test annually.'
4e94cc1a76af4abb,Service Knowledge,EV Hybrid,Closing Strategies 2,NEEDS NAME,7,47,low,"**EV TIRES WEAR FASTER — INSTANT TORQUE + BATTERY WEIGHT = MORE FREQUENT REPLACEMENTS.** Per existing Product Knowledge — Tires R102, R205, R86: instant electric torque + battery w",every EV RO gets the tire-wear conversation
3baba2d6a1da5715,Service Knowledge,EV Hybrid,Closing Strategies 2,NEEDS NAME,7,48,low,"**EV TIRES WEAR FASTER — INSTANT TORQUE + BATTERY WEIGHT = MORE FREQUENT REPLACEMENTS.** Per existing Product Knowledge — Tires R102, R205, R86: instant electric torque + battery w",'EV tires wear faster. Rotate more often. Bridgestone Turanza EV / Continental Tesla OE.'
673e94e11e8ebfca,Service Knowledge,EV Hybrid,Closing Strategies 2,NEEDS NAME,7,49,low,**BRAKE FLUID STILL REQUIRED ON EVs — REGEN REDUCES PAD WEAR BUT DOESN'T ELIMINATE FLUID DEGRADATION.** Per existing Service Knowledge — Brake Fluid R12 honest disclosure. DOT 3/4 ,surface brake fluid on every EV every 2 years
4e7541eea16daa50,Service Knowledge,EV Hybrid,Closing Strategies 2,NEEDS NAME,7,50,low,**BRAKE FLUID STILL REQUIRED ON EVs — REGEN REDUCES PAD WEAR BUT DOESN'T ELIMINATE FLUID DEGRADATION.** Per existing Service Knowledge — Brake Fluid R12 honest disclosure. DOT 3/4 ,'EVs still need brake fluid. Every 2 years. MOC Ultra DOT 5.1.'
5ad793d6a32964af,Service Knowledge,EV Hybrid,Closing Strategies 2,NEEDS NAME,7,51,low,"**A/C STILL REQUIRES SERVICE — POE OIL ONLY ON ELECTRIC COMPRESSORS, NEVER PAG.** Cross-contamination causes electrical short circuits in electric compressor windings. Toyota Hybri",lead with POE-only on every EV/Hybrid A/C conversation
e530eab2d3d488bb,Service Knowledge,EV Hybrid,Closing Strategies 2,NEEDS NAME,7,52,low,"**A/C STILL REQUIRES SERVICE — POE OIL ONLY ON ELECTRIC COMPRESSORS, NEVER PAG.** Cross-contamination causes electrical short circuits in electric compressor windings. Toyota Hybri",'EV/Hybrid A/C = POE only. NEVER PAG. Cabin filter still applies.'
f734d3894305e864,Service Knowledge,EV Hybrid,Closing Strategies 2,NEEDS NAME,7,53,low,**BATTERY COOLING FLUID DOES NEED SERVICE ON MOST APPLICATIONS — REGARDLESS OF 'LIFETIME' CLAIMS.** EVs use coolant for traction battery thermal management — separate loop from any,cite battery cooling honest disclosure + MOC Protect
8fef9e47b2d745b3,Service Knowledge,EV Hybrid,Closing Strategies 2,NEEDS NAME,7,54,low,**BATTERY COOLING FLUID DOES NEED SERVICE ON MOST APPLICATIONS — REGARDLESS OF 'LIFETIME' CLAIMS.** EVs use coolant for traction battery thermal management — separate loop from any,'EV battery coolant needs service. Lifetime claims = mostly myth. MOC Protect PN 04441.'
63b6bb4f36526b3f,Service Knowledge,EV Hybrid,Closing Strategies 3,NEEDS NAME,8,55,low,Position: **MOC HAS THE FEWEST EV-SPECIFIC PRODUCTS BUT THE MOST INNOVATIVE.** Two specifically EV-relevant products: Charge Port Cleaner (PN 1097) — patent-pending and unique in t,distinguish MOC Products from Motorcraft
9674f648e30c4946,Service Knowledge,EV Hybrid,Closing Strategies 3,NEEDS NAME,8,56,low,Position: **MOC HAS THE FEWEST EV-SPECIFIC PRODUCTS BUT THE MOST INNOVATIVE.** Two specifically EV-relevant products: Charge Port Cleaner (PN 1097) — patent-pending and unique in t,'MOC = 2 EV products + broader catalog. Motorcraft = Ford OE.'
5d2455e306c543b0,Service Knowledge,EV Hybrid,Closing Strategies 3,NEEDS NAME,8,57,low,"**Charge Port Cleaner (PN 1097, 2 oz aerosol with brush adapters PN 71372 and PN 71373) — PATENT PENDING.** Non-flammable cleaner specifically formulated for EV/hybrid charge ports",cite PN 1097 as patent-pending differentiator on every EV customer
365525ca323adc0f,Service Knowledge,EV Hybrid,Closing Strategies 3,NEEDS NAME,8,58,low,"**Charge Port Cleaner (PN 1097, 2 oz aerosol with brush adapters PN 71372 and PN 71373) — PATENT PENDING.** Non-flammable cleaner specifically formulated for EV/hybrid charge ports",'MOC PN 1097 = patent-pending. Charge port cleaning. No competitor has it.'
91960f1abad6c839,Service Knowledge,EV Hybrid,Closing Strategies 3,NEEDS NAME,8,59,low,"**Banish — Rodent Deterrent (PN 0160, 8 oz spray bottle case of 12 / 1 gallon refill case of 4).** Formulated with essential oils that deliver a smell and taste developed to deter ",cite PN 0160 on every EV/Hybrid customer
b7b8460806979a92,Service Knowledge,EV Hybrid,Closing Strategies 3,NEEDS NAME,8,60,low,"**Banish — Rodent Deterrent (PN 0160, 8 oz spray bottle case of 12 / 1 gallon refill case of 4).** Formulated with essential oils that deliver a smell and taste developed to deter ","'MOC PN 0160 Banish = $25 prevents $3,000-$10,000 wiring damage. EVERY EV customer.'"
463fd664b5b7c9f8,Service Knowledge,EV Hybrid,Closing Strategies 3,NEEDS NAME,8,61,low,"**THE BROADER MOC CATALOG APPLIES TO EV SERVICE.** Electric A/C compressor systems still need lubricant service — **A/C Quiet MAX (PN 0136)** is universally compatible with R-12, R","'MOC catalog covers EVs: A/C Quiet MAX, Ultra DOT 5.1, EV-HEV Brake Service, Protect.'"
69168de0ad46c688,Service Knowledge,EV Hybrid,Closing Strategies 3,NEEDS NAME,8,62,low,"**MOC IS ONE OF THE FEW ESTABLISHED CHEMICAL COMPANIES WITH EV-SPECIFIC INNOVATION.** Most established players (BG, Wynn's, Bardahl) are still working out their EV product lines. *",cite MOC EV competitive advantage
b87ab8d1326eacbb,Service Knowledge,EV Hybrid,Closing Strategies 4,NEEDS NAME,9,63,low,"**MOC IS ONE OF THE FEW ESTABLISHED CHEMICAL COMPANIES WITH EV-SPECIFIC INNOVATION.** Most established players (BG, Wynn's, Bardahl) are still working out their EV product lines. *",'MOC = only chemistry brand with EV-specific innovation. Real advantage.'
49b4b9491c5a2a69,Service Knowledge,EV Hybrid,Closing Strategies 4,NEEDS NAME,9,64,low,"Strategy 1: The 'Education First, Sale Second' Opening. Mitch's anchor framing for EV customers: 'You bought an EV and the salesperson probably told you it doesn't need maintenance",master this opening on every EV/Hybrid customer
a680fe50411960ba,Service Knowledge,EV Hybrid,Closing Strategies 4,NEEDS NAME,9,65,low,"Strategy 1: The 'Education First, Sale Second' Opening. Mitch's anchor framing for EV customers: 'You bought an EV and the salesperson probably told you it doesn't need maintenance",'Education first. Then pitch.'
ebc313fc0f7cc2fc,Service Knowledge,EV Hybrid,Closing Strategies 4,NEEDS NAME,9,66,low,Strategy 2: The Patent-Pending Charge Port Cleaner Pitch (CPC-051). 'Did you know your charge port has been collecting dirt and grime since you bought the car? It impedes charging ,surface charge port cleaning on every EV
27a0d83df2e1c034,Service Knowledge,EV Hybrid,Closing Strategies 4,NEEDS NAME,9,67,low,Strategy 2: The Patent-Pending Charge Port Cleaner Pitch (CPC-051). 'Did you know your charge port has been collecting dirt and grime since you bought the car? It impedes charging ,'Charge port cleaner = patent-pending. Only we have it. $30-50.'
09767cd1dd7a043c,Service Knowledge,EV Hybrid,Closing Strategies 4,NEEDS NAME,9,68,low,Strategy 3: The Banish Rodent Deterrent Pitch (RDD-052). 'EVs have a unique problem you might not know about. Your car has no warm engine — historically that kept rodents away. Now,surface Banish on every EV/Hybrid customer
8fd303979e7ec37d,Service Knowledge,EV Hybrid,Closing Strategies 4,NEEDS NAME,9,69,low,Strategy 3: The Banish Rodent Deterrent Pitch (RDD-052). 'EVs have a unique problem you might not know about. Your car has no warm engine — historically that kept rodents away. Now,"'Banish = $25 vs $3,000-$10,000. Every EV customer.'"
826453f89e5b115b,Service Knowledge,EV Hybrid,Closing Strategies 4,NEEDS NAME,9,70,low,Strategy 4: The 12V Battery Education Sale (preserved from existing Product Knowledge — Battery Strategy 3 R233). 'Did you know your EV still has a 12V battery? It's the same one t,ask every EV customer about 12V on every visit
9eb99453d615016d,Service Knowledge,EV Hybrid,Closing Strategies 5,NEEDS NAME,10,71,low,Strategy 4: The 12V Battery Education Sale (preserved from existing Product Knowledge — Battery Strategy 3 R233). 'Did you know your EV still has a 12V battery? It's the same one t,'EV 12V = annual test. Free inspection. High conversion.'
5fd5c1103235ec97,Service Knowledge,EV Hybrid,Closing Strategies 5,NEEDS NAME,10,72,low,Strategy 5: The 'EV Tires Wear Faster' Conversation (preserved from Product Knowledge — Tires R205). 'EVs wear tires significantly faster than gas counterparts due to instant torqu,every EV RO gets the tire-wear conversation
16a3da0015204c7e,Service Knowledge,EV Hybrid,Closing Strategies 5,NEEDS NAME,10,73,low,Strategy 5: The 'EV Tires Wear Faster' Conversation (preserved from Product Knowledge — Tires R205). 'EVs wear tires significantly faster than gas counterparts due to instant torqu,'EV tires wear faster. Rotate more often.'
6303376ecf7684e1,Service Knowledge,EV Hybrid,Closing Strategies 5,NEEDS NAME,10,74,low,"Strategy 6: The Brake Fluid Still Required Conversation (preserved from Service Knowledge — Brake Fluid R12). 'Even with regen reducing pad use, brake fluid still absorbs moisture ",brake fluid every 2 years on every EV
d87dc39ebe1b0989,Service Knowledge,EV Hybrid,Closing Strategies 5,NEEDS NAME,10,75,low,"Strategy 6: The Brake Fluid Still Required Conversation (preserved from Service Knowledge — Brake Fluid R12). 'Even with regen reducing pad use, brake fluid still absorbs moisture ",'EV brake fluid = 2 years. MOC Ultra DOT 5.1.'
396b9f6bb78e0171,Service Knowledge,EV Hybrid,Closing Strategies 5,NEEDS NAME,10,76,low,"Strategy 7: The A/C POE Oil Critical Awareness. 'Your EV has an electric A/C compressor. It uses POE oil — NEVER PAG oil. If a shop uses the wrong oil, it shorts out the compressor",cite POE-only on every EV/Hybrid A/C conversation
6fe2892a3fa16053,Service Knowledge,EV Hybrid,Closing Strategies 5,NEEDS NAME,10,77,low,"Strategy 7: The A/C POE Oil Critical Awareness. 'Your EV has an electric A/C compressor. It uses POE oil — NEVER PAG oil. If a shop uses the wrong oil, it shorts out the compressor",'EV/Hybrid A/C = POE only. We know this. Some shops don't.'
b046499f1b42a267,Service Knowledge,EV Hybrid,Closing Strategies 5,NEEDS NAME,10,78,low,Strategy 8: The Cabin Filter Premium-Customer Pitch (preserved from existing Product Knowledge — CAF tab + Service Knowledge — A/C HVAC). 'You bought a premium EV and you sit in a ,surface cabin filter on every EV/Hybrid
7fbbe7ccb4d62b03,Service Knowledge,EV Hybrid,Closing Strategies 6,NEEDS NAME,11,79,low,Strategy 8: The Cabin Filter Premium-Customer Pitch (preserved from existing Product Knowledge — CAF tab + Service Knowledge — A/C HVAC). 'You bought a premium EV and you sit in a ,'EV cabin filter = often HEPA. Quiet cabin = customer notices.'
ce3319e1374c2adc,Service Knowledge,EV Hybrid,Closing Strategies 6,NEEDS NAME,11,80,low,"EV maintenance has SETTLED industry consensus on the underlying restructuring — most traditional services (oil changes, transmission service, fuel injection, decarb, throttle bodie",master the EV service-restructuring picture
a323de3b4a0183c2,Service Knowledge,EV Hybrid,Closing Strategies 6,NEEDS NAME,11,81,low,"EV maintenance has SETTLED industry consensus on the underlying restructuring — most traditional services (oil changes, transmission service, fuel injection, decarb, throttle bodie",'EV = fewer services. Education first.'
23168f478bb28ee5,Service Knowledge,EV Hybrid,Closing Strategies 6,NEEDS NAME,11,82,low,**THE 'NO MAINTENANCE NEEDED' MARKETING IS BROADLY MISLEADING — BUT EDUCATION IS YOUR CONVERSION TOOL.** Tesla famously says it; Toyota Hybrid customers believe it; H/K EV owners a,position dealership as educated EV-knowledge source
4b6613fc12ccfd43,Service Knowledge,EV Hybrid,Closing Strategies 6,NEEDS NAME,11,83,low,**THE 'NO MAINTENANCE NEEDED' MARKETING IS BROADLY MISLEADING — BUT EDUCATION IS YOUR CONVERSION TOOL.** Tesla famously says it; Toyota Hybrid customers believe it; H/K EV owners a,'EV customer wants education. Dealership advantage.'
c1ff3030ab2a3fde,Service Knowledge,EV Hybrid,Closing Strategies 6,NEEDS NAME,11,84,low,"**MOC HAS THE ONLY GENUINELY-INNOVATIVE EV-SPECIFIC PRODUCT IN THE CHEMICAL COMPANY SPACE.** BG, Wynn's, Bardahl — all behind on EV-specific products. **MOC Charge Port Cleaner (PN",cite MOC EV product advantage
f7863c04f60abc3f,Service Knowledge,EV Hybrid,Closing Strategies 6,NEEDS NAME,11,85,low,"**MOC HAS THE ONLY GENUINELY-INNOVATIVE EV-SPECIFIC PRODUCT IN THE CHEMICAL COMPANY SPACE.** BG, Wynn's, Bardahl — all behind on EV-specific products. **MOC Charge Port Cleaner (PN",'MOC = only chemistry brand with EV innovation. Real advantage.'
609007c073f49e59,Service Knowledge,EV Hybrid,Closing Strategies 6,NEEDS NAME,11,86,low,"Practical guidance summary. **(1) Lead with education-first framing.** **(2) Pitch Charge Port Cleaner (CPC-051) on every EV** — patent-pending, unique. **(3) Pitch Banish rodent d",master the nine-step framework
f60fe777df166817,Service Knowledge,EV Hybrid,Closing Strategies 7,NEEDS NAME,12,87,low,"Practical guidance summary. **(1) Lead with education-first framing.** **(2) Pitch Charge Port Cleaner (CPC-051) on every EV** — patent-pending, unique. **(3) Pitch Banish rodent d",'Education / charge port / Banish / 12V / tires / brake fluid / POE / cooling / cabin filter.'
f7acdf0dca91d4c0,Service Knowledge,EV Hybrid,Closing Strategies 7,NEEDS NAME,12,88,low,Position EV service as **EDUCATION-DRIVEN OPPORTUNITY CAPTURE.** Every EV customer is a knowledgeable-customer-trust-building moment. The dealership that educates retains. The deal,position as education + opportunity
2aa37ee2495bc046,Service Knowledge,EV Hybrid,Closing Strategies 7,NEEDS NAME,12,89,low,Position EV service as **EDUCATION-DRIVEN OPPORTUNITY CAPTURE.** Every EV customer is a knowledgeable-customer-trust-building moment. The dealership that educates retains. The deal,'EV = education + recurring revenue. Match or beat ICE per customer.'
aece30b29affbf13,Service Knowledge,Eng Flush,Knowledge Notes 1,NEEDS NAME,1,1,zero,Engine Flush Purpose,Focus your conversations on the function: this service cleans the engine and help improve performance and help avoid cos
227570aaef8cbc06,Service Knowledge,Eng Flush,Knowledge Notes 1,NEEDS NAME,1,2,zero,Engine Flush Purpose,This service cleans every part of the engine oil touches. That's what customers need to know.
634db4f6c28d5f5c,Service Knowledge,Eng Flush,Knowledge Notes 1,NEEDS NAME,1,3,zero,OEM Position Split,Identify which OEM camp the customer's vehicle is in BEFORE pitching engine flush.
019961c675afddc1,Service Knowledge,Eng Flush,Knowledge Notes 1,NEEDS NAME,1,4,zero,Two-Step Process,"Share the process. Two steps: first softens deposits, second rinses them out."
3fd88a1c8335fc7c,Service Knowledge,Eng Flush,Knowledge Notes 1,NEEDS NAME,1,5,zero,Engine Health Reframe,We aren't selling an engine flush. We are selling engine health restoration.
59eb4291e71eeeb6,Service Knowledge,Eng Flush,Knowledge Notes 1,NEEDS NAME,1,6,zero,Engine Health Reframe,"""Flush"" is the service name. ""Engine health restoration"" is what we sell. Language matters. Most folks think of a toilet"
c9f3eecb12141c14,Service Knowledge,Eng Flush,Knowledge Notes 1,NEEDS NAME,1,7,zero,"Before Oil, Not After",Always pitch the flush BEFORE the oil change conversation. Pre-Selling is the best direction for engine cleaning service
e287ccce414fa7d2,Service Knowledge,Eng Flush,Knowledge Notes 1,NEEDS NAME,1,8,zero,"Before Oil, Not After","Pitch BEFORE. Perform BEFORE. Drain WITH the old oil. ""Before we discuss your oil change, I want to talk about the healt"
8eab344cd9dddc4f,Service Knowledge,Eng Flush,Knowledge Notes 2,NEEDS NAME,2,9,zero,Mileage Triggers,"Remember your mile markers: 30K, 60K, 90K, and any vehicle over 75K or with a dark gummy dipstick."
268a5300b9dc71e2,Service Knowledge,Eng Flush,Knowledge Notes 2,NEEDS NAME,2,10,zero,"""I Change Oil Regularly"" Objection","Most common objection: ""I change my oil regularly."" Answer: the flush removes sludge already there. Oil changes prevent "
c55605365c42a199,Service Knowledge,Eng Flush,Knowledge Notes 2,NEEDS NAME,2,11,zero,"""I Change Oil Regularly"" Objection","""Oil change prevents new sludge. This service removes what's already there."""
7f1f1ab1c3195508,Service Knowledge,Eng Flush,Knowledge Notes 2,NEEDS NAME,2,12,zero,Don't Sell A Flush,"Prioritize your language. ""Flush"" is for toilets and poker hands. We're selling engine health restoration."
c45e4a83e283849b,Service Knowledge,Eng Flush,Knowledge Notes 2,NEEDS NAME,2,13,zero,Cholesterol Metaphor,Engine sludge is like cholesterol. Cholesterol blocks veins. Engine sludge slows the engine.
cb0ab57aa4801c43,Service Knowledge,Eng Flush,Knowledge Notes 2,NEEDS NAME,2,14,zero,Mileage Discipline,"Active triggers, not passive waiting. 30K, 60K, 90K intervals warrant the conversation. Over 75K = proactive pitch."
8a6fe4f82fb01671,Service Knowledge,Eng Flush,Knowledge Notes 2,NEEDS NAME,2,15,zero,Before It Becomes Expensive,Sludge → oil starvation → engine failure. Dirty rings → oil consumption → repair. This service prevents both.
d3a3a74afcaf5218,Service Knowledge,Eng Flush,Knowledge Notes 2,NEEDS NAME,2,16,zero,Oil Change Objection,Prevent + remove. That's the answer. Two different jobs.
0f08a87feab28ac6,Service Knowledge,Eng Flush,Knowledge Notes 3,NEEDS NAME,3,17,zero,Two-Step Story,"""Two steps: softens, then rinses out."" Customers buy processes, not chemicals."
a378167835f013e1,Service Knowledge,Eng Flush,Knowledge Notes 3,NEEDS NAME,3,18,zero,Tiered Options,"Explain the process. Two steps: first softens, second rinses. Different from old single-step services."
09f1fd3f8b2f9955,Service Knowledge,Eng Flush,Knowledge Notes 3,NEEDS NAME,3,19,zero,Soft-Confident Close,"Ending your pitch with a question invites a no. Assume the sale, present with confidence. ""All I need is your authorizat"
a1e0d535d327566e,Service Knowledge,Eng Flush,Knowledge Notes 3,NEEDS NAME,3,20,zero,Locker-Room Line,Clean engines don't fail — neglected engines do. State the truth. Be firm.
ed912bd68a748d08,Service Knowledge,Eng Flush,Knowledge Notes 3,NEEDS NAME,3,21,zero,Engine Cleaning Tip,"Engine cleaning is a necessary preventive maintenance, not optional. Your customer deserves the chance to prolong the li"
475ae066489082d6,Service Knowledge,Eng Flush,Knowledge Notes 3,NEEDS NAME,3,22,zero,2-Step Active Cleaning,"The 2-Step Active Engine Cleaning Service uses two steps: DISPERSE softens deposits, RECOVER rinses them out. Answers To"
8976a519ddb689c5,Service Knowledge,Eng Flush,Knowledge Notes 3,NEEDS NAME,3,23,zero,Multi-Clean MAX for GDI,Multi-Clean MAX is designed for problematic GDI engines. Match the tool to the problem.
693dad23426ef4e7,Service Knowledge,Eng Flush,Closing Strategies 1,NEEDS NAME,4,24,low,"Engine flush services remove accumulated sludge, varnish, and oil deposits from the engine's lubrication system — the crankcase, oil galleys, valve covers, oil pump pickup, and rin",explain the function before the controversy
bb2238c37357bb33,Service Knowledge,Eng Flush,Closing Strategies 1,NEEDS NAME,4,25,low,"Engine flush services remove accumulated sludge, varnish, and oil deposits from the engine's lubrication system — the crankcase, oil galleys, valve covers, oil pump pickup, and rin",'Cleans the inside of the engine — the parts oil touches.'
f699c29cbcee9fd6,Service Knowledge,Eng Flush,Closing Strategies 1,NEEDS NAME,4,26,low,"Major OEM position split — the most divided fluid-service topic in modern automotive maintenance. **American OEMs (Ford, GM, Stellantis) endorse engine flush services** through the",'American brand = generally endorsed. Toyota/Honda = conservative. BMW/Mercedes/VW = warn against routine use.'
3b0cf23e69737b6b,Service Knowledge,Eng Flush,Closing Strategies 1,NEEDS NAME,4,27,low,The two-step process is the answer to the conservative OEM concern. Toyota and BMW's primary objection to routine engine flush services is that aggressive single-step flush chemica,"'Two steps — first softens, second rinses out. Different from old-school flush.'"
5769c49a0c8769e9,Service Knowledge,Eng Flush,Closing Strategies 1,NEEDS NAME,4,28,low,"Word track reframe per the existing platform language: don't sell a 'flush' — sell engine health restoration. Anchor opening: 'Before we do your oil change today, I want to talk to",standard opening on every engine flush pitch
743d30bdf84513b4,Service Knowledge,Eng Flush,Closing Strategies 1,NEEDS NAME,4,29,low,"Word track reframe per the existing platform language: don't sell a 'flush' — sell engine health restoration. Anchor opening: 'Before we do your oil change today, I want to talk to",'Engine health restoration — say that.'
9a2c67bd89ec7f4c,Service Knowledge,Eng Flush,Closing Strategies 1,NEEDS NAME,4,30,low,"The 'before the oil change, not after' rule. Engine flush services are PRESENTED before the oil change conversation, PERFORMED before the oil change, and the cleaner is DRAINED OUT",present flush BEFORE oil change conversation
53aa53faddd4a223,Service Knowledge,Eng Flush,Closing Strategies 1,NEEDS NAME,4,31,low,"The 'before the oil change, not after' rule. Engine flush services are PRESENTED before the oil change conversation, PERFORMED before the oil change, and the cleaner is DRAINED OUT","'Bring up flush first, then oil change — same visit, right order.'"
323b862e634e80ef,Service Knowledge,Eng Flush,Closing Strategies 2,NEEDS NAME,5,32,low,"Mileage triggers — the automatic recommendation rule. Vehicles at 30,000 / 60,000 / 90,000 mile service intervals warrant active flush conversation. Vehicles over 75,000 miles warr","'30K, 60K, 90K. Over 75K. Dark gummy dipstick. Active triggers.'"
e437554456d0261c,Service Knowledge,Eng Flush,Closing Strategies 2,NEEDS NAME,5,33,low,The 'I change my oil regularly' objection-handling beat. Customer says: 'I change my oil regularly — why do I need this?' Honest response: 'That's great — but oil changes don't rem,master this objection response
042353b962687517,Service Knowledge,Eng Flush,Closing Strategies 2,NEEDS NAME,5,34,low,The 'I change my oil regularly' objection-handling beat. Customer says: 'I change my oil regularly — why do I need this?' Honest response: 'That's great — but oil changes don't rem,'Oil change prevents new sludge; flush removes what's already there.'
e7443382a161a351,Service Knowledge,Eng Flush,Closing Strategies 2,NEEDS NAME,5,35,low,"EVs do not use engine flushes — they don't have combustion engines. Ford Mach-E and F-150 Lightning, GM Hummer EV / Silverado EV / Lyriq / Bolt EV, Toyota bZ4X, Honda Prologue, Hyu",clean honest answer for EV customers
b8320d9944ec476d,Service Knowledge,Eng Flush,Closing Strategies 2,NEEDS NAME,5,36,low,"EVs do not use engine flushes — they don't have combustion engines. Ford Mach-E and F-150 Lightning, GM Hummer EV / Silverado EV / Lyriq / Bolt EV, Toyota bZ4X, Honda Prologue, Hyu","'EVs don't have engines — but cabin filter, brake fluid, tires still apply.'"
fa5dd2454daf6867,Service Knowledge,Eng Flush,Closing Strategies 2,NEEDS NAME,5,37,low,Strategy 1: Don't Sell A 'Flush' — Sell Engine Health Restoration. The word 'flush' triggers price resistance. 'Engine health restoration' converts the conversation. Anchor languag,never lead with 'flush' — lead with engine health restoration
2c19d5a1177b4e3f,Service Knowledge,Eng Flush,Closing Strategies 2,NEEDS NAME,5,38,low,Strategy 1: Don't Sell A 'Flush' — Sell Engine Health Restoration. The word 'flush' triggers price resistance. 'Engine health restoration' converts the conversation. Anchor languag,'Engine health restoration — say that.'
888c6c7abc1bf3ce,Service Knowledge,Eng Flush,Closing Strategies 2,NEEDS NAME,5,39,low,"Strategy 2: The Cholesterol Metaphor. 'Think of it like cholesterol in your engine. Buildup happens slowly, quietly, with no symptoms until it causes a problem. Engine flush is wha",standard metaphor in customer-facing conversations
f4ea6ab27a790178,Service Knowledge,Eng Flush,Closing Strategies 3,NEEDS NAME,6,40,low,"Strategy 2: The Cholesterol Metaphor. 'Think of it like cholesterol in your engine. Buildup happens slowly, quietly, with no symptoms until it causes a problem. Engine flush is wha",'Cholesterol in your engine — that's what we're cleaning out.'
e88a6b3f40d7c127,Service Knowledge,Eng Flush,Closing Strategies 3,NEEDS NAME,6,41,low,"Strategy 3: Mileage Trigger Discipline. Active triggers (not passive waiting): 30,000 / 60,000 / 90,000 mile interval services warrant active flush conversation. Vehicles over 75,0","'30K, 60K, 90K. Over 75K. Dark gummy dipstick.'"
0910f9ca762656fe,Service Knowledge,Eng Flush,Closing Strategies 3,NEEDS NAME,6,42,low,"Strategy 4: The 'Before It Becomes Expensive' Approach. Position as prevention, not repair: 'Sludge → oil starvation → engine failure. Dirty rings → oil consumption → repair. This ",cite the dollar comparison explicitly
f62fbcc93df4ffd8,Service Knowledge,Eng Flush,Closing Strategies 3,NEEDS NAME,6,43,low,"Strategy 4: The 'Before It Becomes Expensive' Approach. Position as prevention, not repair: 'Sludge → oil starvation → engine failure. Dirty rings → oil consumption → repair. This ","'$XX now or $4,000 later.'"
2122634847d910ee,Service Knowledge,Eng Flush,Closing Strategies 3,NEEDS NAME,6,44,low,Strategy 5: The 'I Change My Oil Regularly' Objection. Customer says 'I change my oil regularly — why do I need this?' Honest response: 'That's great — but oil changes don't remove,master this response
26aa11695f71ce2d,Service Knowledge,Eng Flush,Closing Strategies 3,NEEDS NAME,6,45,low,Strategy 5: The 'I Change My Oil Regularly' Objection. Customer says 'I change my oil regularly — why do I need this?' Honest response: 'That's great — but oil changes don't remove,'Oil change prevents new; flush removes existing.'
d07e3ed84fd59cdc,Service Knowledge,Eng Flush,Closing Strategies 3,NEEDS NAME,6,46,low,"Strategy 6: The 2-Step Process Story. Customers buy processes, not chemicals. 'Step 1 = breaks down sludge (DISPERSE). Step 2 = rinses contaminants out (RECOVER).' Makes it feel co","'Two steps — softens, rinses out.'"
bef0f142d43feaeb,Service Knowledge,Eng Flush,Closing Strategies 3,NEEDS NAME,6,47,low,"Strategy 7: Tiered Options — Good / Better / Best. Basic flush (Engine Flush Solution), 2-Step Premium Clean (KIT #05921), 2-Step + Premium Engine Treatment add-on (Best). Tiered o","'Three options — basic, premium 2-step, premium plus protection.'"
471891e3f225bcb7,Service Knowledge,Eng Flush,Closing Strategies 4,NEEDS NAME,7,48,low,Strategy 8: The Soft-Confident Close. Avoid 'Do you want it?' Say: 'We recommend doing this today while we're servicing the vehicle — go ahead and take care of that for you?' Soft ,master the soft-confident close
57c2bd0334d57803,Service Knowledge,Eng Flush,Closing Strategies 4,NEEDS NAME,7,49,low,Strategy 8: The Soft-Confident Close. Avoid 'Do you want it?' Say: 'We recommend doing this today while we're servicing the vehicle — go ahead and take care of that for you?' Soft ,'Go ahead and take care of that — say it that way.'
2b94710c445797d5,Service Knowledge,Eng Flush,Closing Strategies 4,NEEDS NAME,7,50,low,"Strategy 9 (Locker-Room Line): 'Clean engines don't fail — neglected ones do.' Memorable phrase that lives in the team's vocabulary. Manager opens the morning meeting with it, advi",use as the closing line on customer conversations
3b63ee9e3ca7cfe6,Service Knowledge,Eng Flush,Closing Strategies 4,NEEDS NAME,7,51,low,Position: Active advocate for engine flush services as preventive maintenance. MOC Products offers a comprehensive five-product engine flush line covering different needs from prob,distinguish MOC Products (warranty chemistry) from Motorcraft (Ford OE)
ecad994ea9798942,Service Knowledge,Eng Flush,Closing Strategies 4,NEEDS NAME,7,52,low,Position: Active advocate for engine flush services as preventive maintenance. MOC Products offers a comprehensive five-product engine flush line covering different needs from prob,'MOC = the warranty chemistry brand from Pacoima.'
51db07f3fc2950c8,Service Knowledge,Eng Flush,Closing Strategies 4,NEEDS NAME,7,53,low,"MOC offers a five-product engine flush line: 2-Step Active Engine Cleaning Service (KIT #05921, includes 6 qts each Step 1 & 2), Multi-Clean MAX (PN #01241, 11 oz) for problematic ","'Five products, five uses — match it to the engine condition.'"
1d27b371b9588f25,Service Knowledge,Eng Flush,Closing Strategies 4,NEEDS NAME,7,54,low,"The 2-Step Active Engine Cleaning Service uses a process-based approach (DISPERSE softens deposits, RECOVER rinses contaminants) that addresses Toyota's and BMW's primary flush con","'Two steps — softens, then rinses out. Different from old single-step flush.'"
f7ce11a25cd8e945,Service Knowledge,Eng Flush,Closing Strategies 4,NEEDS NAME,7,55,low,"MOC Multi-Clean MAX is the GDI-engine specialist — a powerful dispersant-based cleaner designed to remove harmful fuel deposits that clog piston rings, improve compression, and red","'Multi-Clean MAX — for GDI engines. Cleans rings, reduces oil dilution.'"
c1cb6aeb20292a3c,Service Knowledge,Eng Flush,Closing Strategies 5,NEEDS NAME,8,56,low,"MOC Premium Engine Treatment significantly reduces friction and wear (based on ASTM D2253 Falex test results), reduces sludge and varnish, and protects vital engine parts during st",'Premium Engine Treatment — for break-in and wear protection.'
983c970e78d41373,Service Knowledge,Fuel Inj,Knowledge Notes 1,NEEDS NAME,1,1,zero,Fuel Injection Purpose,This service cleans the fuel system so the engine burns cleaner and runs stronger.
eac9a791fcdbc737,Service Knowledge,Fuel Inj,Knowledge Notes 1,NEEDS NAME,1,2,zero,30K Interval,"Base rule: every 30K miles. Faster for GDI, turbo, short-trip driving, and idle-heavy usage."
f70abde32c58ab71,Service Knowledge,Fuel Inj,Knowledge Notes 1,NEEDS NAME,1,3,zero,Fuel Efficiency and Power,"Customers feel this service the next tank. Better fuel efficiency, smoother acceleration. Run better and last longer."
58b40a4073c4134a,Service Knowledge,Fuel Inj,Knowledge Notes 1,NEEDS NAME,1,4,zero,Complete Fuel System Service,Bundle everything: injectors + intake + combustion chamber. Fuel Treatment is one service for three problems.
4c43f35d35a81768,Service Knowledge,Fuel Inj,Knowledge Notes 1,NEEDS NAME,1,5,zero,Decarb + Injection Combo,Decarb + injection = complete fuel system service. Bundle it.
9418630782ab145a,Service Knowledge,Fuel Inj,Knowledge Notes 1,NEEDS NAME,1,6,zero,Fuel Injection Warranty,"Fuel Services like these often come with a 15,000 mile warranty on fuel pumps and fuel injectors."
676a70d5236d9d9d,Service Knowledge,Fuel Inj,Knowledge Notes 1,NEEDS NAME,1,7,zero,Fuel Injection Warranty,"Remember to remind your customers: By taking advantage of this service today, you qualify for a 15,000 mile warranty on "
76295bc11c9de431,Service Knowledge,Fuel Inj,Knowledge Notes 1,NEEDS NAME,1,8,zero,Language Shift,Customers don't picture carbon. They picture stubborn deposits. Change the mindset or use everyday objects that they und
4fd719ed7f20113c,Service Knowledge,Fuel Inj,Knowledge Notes 2,NEEDS NAME,2,9,zero,GDI Direct Injection,GDI = direct injection. Fuel bypasses the intake valves. Carbon builds. Only a service can clean it.
9f5b0bf0ae5b9f26,Service Knowledge,Fuel Inj,Knowledge Notes 2,NEEDS NAME,2,10,zero,HEMI + Pentastar Focus,HEMI and Pentastar are prone to carbon accumulation. Every one of them is a candidate.
91b6112be01b4ec8,Service Knowledge,Fuel Inj,Knowledge Notes 2,NEEDS NAME,2,11,zero,Complete Fuel System Service Sore Throat Tip,Metaphor: your Throttle Body is like your throat. You ever have a sore throat and you take some medicine. Makes you brea
956b81dc8f5efbea,Service Knowledge,Fuel Inj,Knowledge Notes 2,NEEDS NAME,2,12,zero,Customer-Facing Story,"Customer feels the difference in the next tank. Smoother engine, more pep. Sell the feel."
0f4724cc9957a43e,Service Knowledge,Fuel Inj,Knowledge Notes 2,NEEDS NAME,2,13,zero,Turbo Warning,Turbo + carbon = damage. Pitch fuel injection every 15K on turbo vehicles.
48b1ee0e59848708,Service Knowledge,Fuel Inj,Knowledge Notes 2,NEEDS NAME,2,14,zero,Short-Trip Driver,Short trips build carbon fast. Pitch fuel injection more often to these customers.
b1bb9238cab30704,Service Knowledge,Fuel Inj,Knowledge Notes 2,NEEDS NAME,2,15,zero,Time + Mileage Frame,"""Based on TIME and Mileage, we're right at the interval for a Fuel Injection Service."" BTM."
be5d66faa1da7ee6,Service Knowledge,Fuel Inj,Knowledge Notes 2,NEEDS NAME,2,16,zero,"""Are You Familiar"" Close","""Are you familiar with OUR Fuel Injection Service?"" OUR does the work."
7812384ece5f4c17,Service Knowledge,Fuel Inj,Knowledge Notes 3,NEEDS NAME,3,17,zero,Preventive Framing,$150 now vs $800 later. Insurance framing. Present it as protection. Ounce of prevention beats a pound of cure.
01f18885803ba8b4,Service Knowledge,Fuel Inj,Knowledge Notes 3,NEEDS NAME,3,18,zero,Hector Word Track,"Hector line. Verbatim: ""My certified technician Hector recommends this service based on TIME and Mileage and condition o"
c03e553daf6aaff6,Service Knowledge,Fuel Inj,Knowledge Notes 3,NEEDS NAME,3,19,zero,Fuel Injection vs Induction,Injection = injector cleaning. Induction = intake valves. Complete Fuel System Service = both plus combustion chamber.
eeeaea7cfd543a0c,Service Knowledge,Fuel Inj,Knowledge Notes 3,NEEDS NAME,3,20,zero,Locker-Room Line,Fuel systems don't heal on their own. Only a service resets the deposits.
9d62522711cf159a,Service Knowledge,Fuel Inj,Closing Strategies 1,NEEDS NAME,4,21,low,"Fuel injection service has TWO DISTINCT DIMENSIONS that are often conflated. Dimension 1: cleaning the INJECTORS themselves — addressing deposits on injector tips, fuel rails, and ",distinguish injector cleaning from intake valve carbon
43a537b38996473b,Service Knowledge,Fuel Inj,Closing Strategies 1,NEEDS NAME,4,22,low,"Fuel injection service has TWO DISTINCT DIMENSIONS that are often conflated. Dimension 1: cleaning the INJECTORS themselves — addressing deposits on injector tips, fuel rails, and ",'Two parts: injectors and intake valves. Different services.'
14eff90f696de735,Service Knowledge,Fuel Inj,Closing Strategies 1,NEEDS NAME,4,23,low,Use 'stubborn deposits that affect engine performance' instead of 'carbon build-up' when explaining the service to customers. Most customers don't know what carbon build-up means —,replace 'carbon build-up' with 'stubborn deposits' in every customer-facing conversation
36819f52def2fe7a,Service Knowledge,Fuel Inj,Closing Strategies 1,NEEDS NAME,4,24,low,Use 'stubborn deposits that affect engine performance' instead of 'carbon build-up' when explaining the service to customers. Most customers don't know what carbon build-up means —,"'Stubborn deposits — say that, never carbon buildup.'"
d9073f0daf602932,Service Knowledge,Fuel Inj,Closing Strategies 1,NEEDS NAME,4,25,low,Direct-injection (DI) engines have a fundamental fuel injection service limitation: chemical services CAN clean injector tips effectively but CAN'T effectively reach the back side ,explain DI carbon limit honestly when symptoms appear
7aed5f92fe01b943,Service Knowledge,Fuel Inj,Closing Strategies 1,NEEDS NAME,4,26,low,Direct-injection (DI) engines have a fundamental fuel injection service limitation: chemical services CAN clean injector tips effectively but CAN'T effectively reach the back side ,"'Chemistry helps prevent it; once buildup is severe, the dealer fix is walnut blasting.'"
b2a3e6b721568e78,Service Knowledge,Fuel Inj,Closing Strategies 1,NEEDS NAME,4,27,low,Dual-injection engines (which use both direct AND port injection) largely solve the carbon problem at the engineering level. Engines with dual injection — Ford 2.7L and 3.5L EcoBoo,identify the vehicle's injection architecture before pitching
f0bb23b833d85d3e,Service Knowledge,Fuel Inj,Closing Strategies 1,NEEDS NAME,4,28,low,Dual-injection engines (which use both direct AND port injection) largely solve the carbon problem at the engineering level. Engines with dual injection — Ford 2.7L and 3.5L EcoBoo,"'Some engines have two injection systems and don't need this — yours has one, so it benefits.'"
a62b2ac72fdb4cbe,Service Knowledge,Fuel Inj,Closing Strategies 2,NEEDS NAME,5,29,low,"Top Tier gasoline is the primary preventive measure for fuel injection system health — every major OEM (Ford, GM, Toyota, Honda, Hyundai, Mazda, Subaru, BMW, Mercedes, VW/Audi) rec",educate customers on Top Tier as primary prevention
bff6567eb1a7ae5a,Service Knowledge,Fuel Inj,Closing Strategies 2,NEEDS NAME,5,30,low,"Top Tier gasoline is the primary preventive measure for fuel injection system health — every major OEM (Ford, GM, Toyota, Honda, Hyundai, Mazda, Subaru, BMW, Mercedes, VW/Audi) rec",'The cheapest gas costs you more in repairs later — Top Tier brands keep your engine clean.'
ed10dcde2c4a1b46,Service Knowledge,Fuel Inj,Closing Strategies 2,NEEDS NAME,5,31,low,"MOC Products 15,000-mile warranty close — the all-tier close. When fuel-related services (FIC-045 Fuel Injector Clean, FIC-046 Decarb, FIC-047 Tank Additive, TBC-044 Throttle Body ",surface the 15K warranty as part of the service value
c9354a08cfb07467,Service Knowledge,Fuel Inj,Closing Strategies 2,NEEDS NAME,5,32,low,"MOC Products 15,000-mile warranty close — the all-tier close. When fuel-related services (FIC-045 Fuel Injector Clean, FIC-046 Decarb, FIC-047 Tank Additive, TBC-044 Throttle Body ","'MOC service comes with a 15,000-mile warranty.'"
0d35e4df2005c7a2,Service Knowledge,Fuel Inj,Closing Strategies 2,NEEDS NAME,5,33,low,Warranty-coverage REALITY CHECK by OEM. Most customers assume the powertrain warranty fully covers fuel system components. The reality is more nuanced. Fuel injectors and high-pres,surface the powertrain-vs-bumper-to-bumper distinction on fuel pumps
8baed75ef9b4b175,Service Knowledge,Fuel Inj,Closing Strategies 2,NEEDS NAME,5,34,low,Warranty-coverage REALITY CHECK by OEM. Most customers assume the powertrain warranty fully covers fuel system components. The reality is more nuanced. Fuel injectors and high-pres,'Injectors are powertrain coverage
fda480057b5627fc,Service Knowledge,Fuel Inj,Closing Strategies 2,NEEDS NAME,5,35,low,Warranty-coverage REALITY CHECK by OEM. Most customers assume the powertrain warranty fully covers fuel system components. The reality is more nuanced. Fuel injectors and high-pres,pressure pumps are usually only bumper-to-bumper.'
239b90f0c7b4f451,Service Knowledge,Fuel Inj,Closing Strategies 2,NEEDS NAME,5,36,low,"EVs do not have fuel injection — electric motors don't combust fuel, so injection systems don't apply. Ford Mach-E and F-150 Lightning, GM Hummer EV / Silverado EV / Lyriq / Bolt E",clean honest answer for EV customers
55286c62fdfc4101,Service Knowledge,Fuel Inj,Closing Strategies 3,NEEDS NAME,6,37,low,"EVs do not have fuel injection — electric motors don't combust fuel, so injection systems don't apply. Ford Mach-E and F-150 Lightning, GM Hummer EV / Silverado EV / Lyriq / Bolt E","'EVs don't combust fuel — no fuel injection service. But cabin filter, brake fluid, tires still apply.'"
567b78d401eb0208,Service Knowledge,Fuel Inj,Closing Strategies 3,NEEDS NAME,6,38,low,Strategy 1: The 'Stubborn Deposits' Word Track. Replace 'carbon build-up' with 'stubborn deposits that affect engine performance' on every fuel injection pitch. Anchor word track: ,standard opening on every fuel injection pitch
8a555691498dc3b6,Service Knowledge,Fuel Inj,Closing Strategies 3,NEEDS NAME,6,39,low,Strategy 1: The 'Stubborn Deposits' Word Track. Replace 'carbon build-up' with 'stubborn deposits that affect engine performance' on every fuel injection pitch. Anchor word track: ,'Stubborn deposits — say that.'
dd5cccb4b2b6bdf2,Service Knowledge,Fuel Inj,Closing Strategies 3,NEEDS NAME,6,40,low,"Strategy 2: The Sore-Throat Metaphor. 'Your fuel system is like your throat. Over time, deposits build up — like a sore throat. The fuel injection service is like cough drops and w",standard metaphor in customer-facing conversations
bf8864e626b9cf50,Service Knowledge,Fuel Inj,Closing Strategies 3,NEEDS NAME,6,41,low,"Strategy 2: The Sore-Throat Metaphor. 'Your fuel system is like your throat. Over time, deposits build up — like a sore throat. The fuel injection service is like cough drops and w",'Sore throat for your engine.'
a596599510614099,Service Knowledge,Fuel Inj,Closing Strategies 3,NEEDS NAME,6,42,low,Strategy 3: The Four-Step Close. (1) Identify the customer's specific symptom or maintenance milestone. (2) Connect the symptom to the fuel injection service ('your sluggish accele,master the four-step structure
5e1e40f1560b0b87,Service Knowledge,Fuel Inj,Closing Strategies 3,NEEDS NAME,6,43,low,Strategy 3: The Four-Step Close. (1) Identify the customer's specific symptom or maintenance milestone. (2) Connect the symptom to the fuel injection service ('your sluggish accele,"'Symptom, service, warranty, close.'"
53fe0ede3d4dbf99,Service Knowledge,Fuel Inj,Closing Strategies 3,NEEDS NAME,6,44,low,"Strategy 4: The MOC 15K Warranty Close (All-Tier). Per Mitch's all-tier instruction — every advisor surfaces the MOC 15,000-mile warranty on every fuel injection conversation. The ",surface the 15K warranty on every conversation
153f4201ffde78b8,Service Knowledge,Fuel Inj,Closing Strategies 4,NEEDS NAME,7,45,low,"Strategy 4: The MOC 15K Warranty Close (All-Tier). Per Mitch's all-tier instruction — every advisor surfaces the MOC 15,000-mile warranty on every fuel injection conversation. The ","'15,000-mile warranty — say that.'"
570359bde78e6cc2,Service Knowledge,Fuel Inj,Closing Strategies 4,NEEDS NAME,7,46,low,"Strategy 5: The Five-Category Fuel Sales Contest (Manager). Run a one-week contest ranking advisors in five categories: Fuel Injector Clean (FIC-045), Decarb Service (FIC-046), Thr",track which categories you win and adjust focus
56e5771e2d713df0,Service Knowledge,Fuel Inj,Closing Strategies 4,NEEDS NAME,7,47,low,Where OEMs and chemical service companies AGREE: All agree TOP TIER FUEL is the primary preventive measure for fuel injection system health. Customer education on Top Tier as prima,cite the industry-wide Top Tier consensus
2869c9e3685f73ea,Service Knowledge,Fuel Inj,Closing Strategies 4,NEEDS NAME,7,48,low,Where OEMs and chemical service companies AGREE: All agree TOP TIER FUEL is the primary preventive measure for fuel injection system health. Customer education on Top Tier as prima,"'Every OEM, every chemistry brand — Top Tier first.'"
0ab6906ab74dadb9,Service Knowledge,Fuel Inj,Closing Strategies 4,NEEDS NAME,7,49,low,"All agree PERIODIC INJECTOR CLEANING has value, particularly with non-Top-Tier fuel use. The chemistry-based fuel system service for the INJECTOR DIMENSION is genuinely effective a",cite the universal-value framing for injector cleaning
7e26bb71d715657b,Service Knowledge,Fuel Inj,Closing Strategies 4,NEEDS NAME,7,50,low,"All agree PERIODIC INJECTOR CLEANING has value, particularly with non-Top-Tier fuel use. The chemistry-based fuel system service for the INJECTOR DIMENSION is genuinely effective a",'Everyone agrees injector cleaning works.'
4415dfab6db21469,Service Knowledge,Fuel Inj,Closing Strategies 4,NEEDS NAME,7,51,low,All agree DIRECT-INJECTION INTAKE VALVE CARBON is a separate problem that chemical services can't fully solve. This is the honest framing every advisor needs. Customer with an EA88,cite the universal carbon-honesty framing
cbfb8da22a63c6b4,Service Knowledge,Fuel Inj,Closing Strategies 4,NEEDS NAME,7,52,low,All agree DIRECT-INJECTION INTAKE VALVE CARBON is a separate problem that chemical services can't fully solve. This is the honest framing every advisor needs. Customer with an EA88,"'Everyone agrees: chemistry prevents, walnut blasting removes.'"
15ab71d183594ce9,Service Knowledge,Fuel Inj,Closing Strategies 5,NEEDS NAME,8,53,low,OEMs are CONSERVATIVE about endorsing aftermarket chemical services; chemical service companies are AGGRESSIVE about marketing them. This is the structural tension in the industry.,'OEMs cautious; chemistry brands aggressive. Both have valid reasons.'
0a1ed60e4af6f9c7,Service Knowledge,Fuel Inj,Closing Strategies 5,NEEDS NAME,8,54,low,Practical guidance summary. **Port-injected engines:** chemical decarb services genuinely work and are appropriate maintenance. **Direct-injected engines without symptoms:** Top Ti,master the three-bucket framework
0c391c87d77eb24f,Service Knowledge,Fuel Inj,Closing Strategies 5,NEEDS NAME,8,55,low,Practical guidance summary. **Port-injected engines:** chemical decarb services genuinely work and are appropriate maintenance. **Direct-injected engines without symptoms:** Top Ti,'Port engine = chemistry works. DI no symptoms = Top Tier focus. DI with symptoms = walnut blasting.'
837b40df2dd71de2,Service Knowledge,Fuel Inj,Closing Strategies 5,NEEDS NAME,8,56,low,"Position: Dealership-focused chemical supplier with a comprehensive fuel injection service line. MOC Products manufactures fuel system chemicals, equipment, and service procedures ",distinguish MOC Products (warranty chemistry + equipment + training) from Motorcraft (Ford OE)
78c31329905fb998,Service Knowledge,Fuel Inj,Closing Strategies 5,NEEDS NAME,8,57,low,"Position: Dealership-focused chemical supplier with a comprehensive fuel injection service line. MOC Products manufactures fuel system chemicals, equipment, and service procedures ","'MOC = chemistry, equipment, training, warranty. Full ecosystem.'"
b76d1d777b96e734,Service Knowledge,Fuel Inj,Closing Strategies 5,NEEDS NAME,8,58,low,Fuel system service equipment is core to the MOC offering. MOC provides dealerships with closed-loop fluid exchange machines that deliver concentrated cleaner directly through the ,"'MOC machine — direct to the injectors, not through the tank.'"
4b60dbfe02a62461,Service Knowledge,Fuel Inj,Closing Strategies 5,NEEDS NAME,8,59,low,"**ACE Advisor Training and MOC University.** MOC provides service writers with category-specific training on fuel injection service, including how to identify when service is neede","'MOC trains the advisors, not just supplies the chemistry.'"
f64f80acf0fba3cd,Service Knowledge,Fuel Inj,Closing Strategies 5,NEEDS NAME,8,60,low,"**The Engine Advantage and Vehicle Protection Program retention programs.** These let dealerships back their MOC-treated fuel systems with the 15,000-mile warranty — providing both",surface the 15K warranty as part of the value
5c795ce739fe14ef,Service Knowledge,Fuel Inj,Closing Strategies 6,NEEDS NAME,9,61,low,"**The Engine Advantage and Vehicle Protection Program retention programs.** These let dealerships back their MOC-treated fuel systems with the 15,000-mile warranty — providing both","'MOC service comes with a 15,000-mile warranty.'"
3e5a4a242ab2ef38,Service Knowledge,Fuel Inj,Closing Strategies 6,NEEDS NAME,9,62,low,"MOC's preventive maintenance philosophy: positions fuel injection service alongside engine, cooling, transmission, and other fluid services as a comprehensive maintenance menu rath","'MOC philosophy = preventive maintenance, not reactive repair.'"
fffc3f67f980dafb,Service Knowledge,PSF,Power Steering Warranty,OK,1,1,zero,Power Steering Warranty,"By taking advantage today, you qualify for a 30,000 mile warranty with up to $4,000 of coverage."
cd183ce02e477424,Service Knowledge,PSF,Power Steering Warranty,OK,1,2,zero,Power Steering Warranty,"Don't forget about the power steering warranty! 30,000 miles, up to $4000 of coverage."
99a655fff65f0d65,Service Knowledge,PSF,Power Steering Warranty,OK,1,3,zero,Power Steering Warranty,"Use the warranty as a way to overcome the objection of money! Money is always a concern, but I would be do my job if I d"
91f04570927859b3,Service Knowledge,PSF,Power Steering Warranty,OK,1,4,zero,Power Steering Warranty,"Our warranty covers the bumper-to-bumper expiration on power steering pump, and power steering rack. Powertrain warranty"
28dcb49c3f427179,Service Knowledge,PSF,Power Steering Warranty,OK,1,5,zero,Power Steering Warranty,"Coverage includes, power steering pump and rack!"
ffcec15e0f45e868,Service Knowledge,PSF,Power Steering Warranty,OK,1,6,zero,Power Steering Warranty,"We have two tiers of coverage. Less than 100K = $2,000. Less than 50K = $4,000 of coverage"
ab7d6b338b6b6d5e,Service Knowledge,PSF,Knowledge Notes 1,NEEDS NAME,2,7,zero,PSF Purpose,"Old PSF turns black and abrasive. Damages the pump. Service the fluid, save the pump."
1f2765db25f90d89,Service Knowledge,PSF,Knowledge Notes 1,NEEDS NAME,2,8,zero,Interval,"30K, 50K, or based on inspection. Dark or gritty fluid = service now."
0994610c63140575,Service Knowledge,PSF,Knowledge Notes 1,NEEDS NAME,2,9,zero,Visual Inspection,Show the customer the fluid. Dark and gritty vs clean and pink. Visual sells.
0c6a4cccac0e50a8,Service Knowledge,PSF,Knowledge Notes 1,NEEDS NAME,2,10,zero,Pump Damage Story,"$100-150 service protects a $500-1,500 pump. That's the math customers understand."
235f5e3676ffb779,Service Knowledge,PSF,Knowledge Notes 1,NEEDS NAME,2,11,zero,Electric Power Steering,"Newer vehicles use electric power steering. Some have fluid, some don't. Check and see if a service is available."
23febc4b3944a9d9,Service Knowledge,PSF,Knowledge Notes 1,NEEDS NAME,2,12,zero,Contamination Signs,Whining or hard steering means damage is happening. Pitch service before symptoms.
82a1c5d17a127d37,Service Knowledge,PSF,Knowledge Notes 1,NEEDS NAME,2,13,zero,MOC vs. OE,"Both fluids are good, one comes with a warranty."
962cb46c27de4a6d,Service Knowledge,PSF,Knowledge Notes 1,NEEDS NAME,2,14,zero,"Language: ""Old Fluid""","""Your PSF has done its job. Time for fresh fluid."" Anchor phrase."
6d8f238a9ae14739,Service Knowledge,PSF,Knowledge Notes 2,NEEDS NAME,3,15,zero,BTM,"""Based on TIME and Mileage and condition of your vehicle, your power steering fluid is due for service."" BTM."
031e206b0038ef0f,Service Knowledge,PSF,Knowledge Notes 2,NEEDS NAME,3,16,zero,30K Trigger,Every 30K interval is a PSF conversation. Automatic trigger.
b96999a784baef1d,Service Knowledge,PSF,Knowledge Notes 2,NEEDS NAME,3,17,zero,Fleet + Commercial,Fleet vehicles wear PSF faster. Recommend more frequent service.
5054dbc09e6368c0,Service Knowledge,PSF,Knowledge Notes 2,NEEDS NAME,3,18,zero,Truck Focus,"Bigger vehicles, bigger PSF benefit. Trucks and SUVs are prime candidates."
45ee5c9059829db4,Service Knowledge,PSF,Knowledge Notes 2,NEEDS NAME,3,19,zero,Customer Objection,"""Never done before"" = perfect reason to do it now. Own it."
8a37151474632a79,Service Knowledge,PSF,Knowledge Notes 2,NEEDS NAME,3,20,zero,MPI Trigger,Add PSF check to your MPI. Every RO gets a fluid inspection. Easiest way is to install a time and mileage sheet for your
a7ba891b58d273d3,Service Knowledge,PSF,Knowledge Notes 2,NEEDS NAME,3,21,zero,Locker-Room Line,"Pumps don't warn. They fail. Service the fluid, save the pump."
155e697fc8f44142,Service Knowledge,PSF,Knowledge Notes 2,NEEDS NAME,3,22,zero,Piggyback with Alignment,"PSF + alignment = complete steering system service. Bundle the pitch. Good rule of thumb is every other alignment, offer"
0c317325ef0c9285,Service Knowledge,PSF,Knowledge Notes 3,NEEDS NAME,4,23,zero,Fluid Color Chart,Color scale: pink = new. Brown = due. Black = past due.
e352ec37879e0355,Service Knowledge,PSF,Knowledge Notes 3,NEEDS NAME,4,24,zero,Warranty Bridge,OE warranty ends. Chemical warranty begins. Transition every customer from their factory warranty to YOUR Warranty.
5fea159f9f814dff,Service Knowledge,PSF,Knowledge Notes 3,NEEDS NAME,4,25,zero,Preventive Framing,"Cheap now vs expensive later. That's the math. Sell protection, not maintenance. Ounce of prevention beats a pound of cu"
b0c7e763380d9582,Service Knowledge,PSF,Knowledge Notes 3,NEEDS NAME,4,26,zero,Certified Technician,"My CERTIFIED technician, Hector, recommends a PSFE. Are you familiar with our fluid exchanges?"
c91b33ae7a83c2d1,Service Knowledge,PSF,Closing Strategies 1,NEEDS NAME,5,27,low,**THE MOST UNDERDIAGNOSED AND UNDERSOLD SERVICE IN THE SHOP.** Power steering fluid service is genuinely beneficial yet rarely happens because most OEMs don't publish a service int,lead with the inspection-driven framing
53a3669e2b13a557,Service Knowledge,PSF,Closing Strategies 1,NEEDS NAME,5,28,low,**THE MOST UNDERDIAGNOSED AND UNDERSOLD SERVICE IN THE SHOP.** Power steering fluid service is genuinely beneficial yet rarely happens because most OEMs don't publish a service int,"'$100 service vs $300-$2,500 repair. Inspection-driven sale.'"
1ddb3c69809891c5,Service Knowledge,PSF,Closing Strategies 1,NEEDS NAME,5,29,low,"**ELECTRIC POWER STEERING (EPS) VERIFICATION — CRITICAL FIRST STEP.** Many modern vehicles have moved to EPS — NO fluid, NO service, NO pitch. Pitching power steering service on an",ALWAYS verify system type BEFORE pitching
626d436eba876eeb,Service Knowledge,PSF,Closing Strategies 1,NEEDS NAME,5,30,low,"**ELECTRIC POWER STEERING (EPS) VERIFICATION — CRITICAL FIRST STEP.** Many modern vehicles have moved to EPS — NO fluid, NO service, NO pitch. Pitching power steering service on an",'No reservoir = EPS = no service. Verify first.'
5dc582304362a43a,Service Knowledge,PSF,Closing Strategies 1,NEEDS NAME,5,31,low,Word track per existing platform language — Mitch's anchor opening (Fluid Exchanges R6): 'Are you familiar with our power steering fluid exchanges? What we are doing is getting rid,standard opening on every PSF-013 pitch
2f2b55c4e5af24df,Service Knowledge,PSF,Closing Strategies 1,NEEDS NAME,5,32,low,Word track per existing platform language — Mitch's anchor opening (Fluid Exchanges R6): 'Are you familiar with our power steering fluid exchanges? What we are doing is getting rid,'Has done its job. Smooth steer = safe steer.'
a1fe7c896fb65e20,Service Knowledge,PSF,Closing Strategies 1,NEEDS NAME,5,33,low,"**THREE FLUID FAMILIES — NOT INTERCHANGEABLE.** (1) **Red/Amber PSF** — Honda/Acura PSF (Honda-specific, never substitute), Ford Motorcraft Premium PSF / Mercon V, GM ACDelco PSF /",identify the fluid family BEFORE pitching service
308e3e7c679a077f,Service Knowledge,PSF,Closing Strategies 1,NEEDS NAME,5,34,low,"**THREE FLUID FAMILIES — NOT INTERCHANGEABLE.** (1) **Red/Amber PSF** — Honda/Acura PSF (Honda-specific, never substitute), Ford Motorcraft Premium PSF / Mercon V, GM ACDelco PSF /",'Three different fluid families. Wrong fluid = damage. Match what came in the vehicle.'
06506fcac7ca7cd8,Service Knowledge,PSF,Closing Strategies 2,NEEDS NAME,6,35,low,"MOC Products 30,000-mile warranty close on vehicles under 100,000 miles. Per existing platform Elite-tier coaching: 'For any vehicle with fewer than 100,000 miles, a customer that ",surface the 30K warranty as part of the value on under-100K vehicles
212640944fa5571f,Service Knowledge,PSF,Closing Strategies 2,NEEDS NAME,6,36,low,"MOC Products 30,000-mile warranty close on vehicles under 100,000 miles. Per existing platform Elite-tier coaching: 'For any vehicle with fewer than 100,000 miles, a customer that ","'PS service comes with a 30,000-mile warranty.'"
66d320f1dd655047,Service Knowledge,PSF,Closing Strategies 2,NEEDS NAME,6,37,low,"**WARRANTY-COVERAGE REALITY CHECK.** Power steering components (pump, rack, hoses, reservoir) are covered ONLY under the BUMPER-TO-BUMPER warranty (3-5 years depending on brand). *",surface the bumper-to-bumper-only fact
061363814230e9e8,Service Knowledge,PSF,Closing Strategies 2,NEEDS NAME,6,38,low,"**WARRANTY-COVERAGE REALITY CHECK.** Power steering components (pump, rack, hoses, reservoir) are covered ONLY under the BUMPER-TO-BUMPER warranty (3-5 years depending on brand). *","'PS components = bumper-to-bumper only, not powertrain.'"
3c6193d894f8781b,Service Knowledge,PSF,Closing Strategies 2,NEEDS NAME,6,39,low,"**VISUAL INSPECTION IS YOUR BEST TOOL.** Fresh PS fluid is clear (red, amber, or green depending on application); degraded fluid is dark, brown, or black, often with a burnt smell.",standard MPI photo on every accessible PS reservoir
075299d5d897b290,Service Knowledge,PSF,Closing Strategies 2,NEEDS NAME,6,40,low,"**VISUAL INSPECTION IS YOUR BEST TOOL.** Fresh PS fluid is clear (red, amber, or green depending on application); degraded fluid is dark, brown, or black, often with a burnt smell.",'Pull the cap. Photo. Send it.'
cfc002ffb08bd36f,Service Knowledge,PSF,Closing Strategies 2,NEEDS NAME,6,41,low,"EVs do NOT have power steering fluid systems — they all use EPS (Electric Power Steering). Ford Mach-E / F-150 Lightning, GM Hummer EV / Silverado EV / Lyriq / Bolt EV (and Honda P",clean honest answer for EV customers
36433d1b30591b61,Service Knowledge,PSF,Closing Strategies 2,NEEDS NAME,6,42,low,"EVs do NOT have power steering fluid systems — they all use EPS (Electric Power Steering). Ford Mach-E / F-150 Lightning, GM Hummer EV / Silverado EV / Lyriq / Bolt EV (and Honda P",'EVs = EPS only. No fluid. No service.'
a3854f2a20208015,Service Knowledge,PSF,Closing Strategies 3,NEEDS NAME,7,43,low,"Position: **COMPREHENSIVE 6-PRODUCT POWER STEERING LINEUP COVERING EVERY MODERN PS SYSTEM THAT STILL USES FLUID.** Universal red, universal amber, electro-hydraulic, European green",distinguish MOC Products from Motorcraft
1a64db89e072fdc1,Service Knowledge,PSF,Closing Strategies 3,NEEDS NAME,7,44,low,"Position: **COMPREHENSIVE 6-PRODUCT POWER STEERING LINEUP COVERING EVERY MODERN PS SYSTEM THAT STILL USES FLUID.** Universal red, universal amber, electro-hydraulic, European green",'MOC = chemistry brand from Pacoima. Motorcraft = Ford OE.'
ff05f43447d32353,Service Knowledge,PSF,Closing Strategies 3,NEEDS NAME,7,45,low,"**Tech Grade Power Steering Fluid (PN 0618, 64 oz, Amber).** Fortified PS fluid blend with high-quality base fluid for increased oxidation stability and outstanding low-temperature",cite PN 0618 as the Honda-compatible MOC PSF
06bab5b0c387a441,Service Knowledge,PSF,Closing Strategies 3,NEEDS NAME,7,46,low,"**Tech Grade Power Steering Fluid (PN 0618, 64 oz, Amber).** Fortified PS fluid blend with high-quality base fluid for increased oxidation stability and outstanding low-temperature",'MOC PN 0618 = covers Honda. Use with MOC equipment.'
856848c0578d2ba2,Service Knowledge,PSF,Closing Strategies 3,NEEDS NAME,7,47,low,"**Electric Power Steering Fluid (PN 0617, 32 oz, Amber).** Specialized synthetic PS fluid for **ELECTRO-HYDRAULIC POWER STEERING SYSTEMS** that use an electric motor instead of bel",cite PN 0617 as electro-hydraulic standard
70dc48b3fa2ea6ab,Service Knowledge,PSF,Closing Strategies 3,NEEDS NAME,7,48,low,"**Electric Power Steering Fluid (PN 0617, 32 oz, Amber).** Specialized synthetic PS fluid for **ELECTRO-HYDRAULIC POWER STEERING SYSTEMS** that use an electric motor instead of bel",'MOC PN 0617 = electro-hydraulic. NEVER substitute regular PSF.'
08d625b4d88fd720,Service Knowledge,PSF,Closing Strategies 3,NEEDS NAME,7,49,low,"**Ultima Synthetic Power Steering Fluid (PN 0612, 64 oz, Green) — THE EUROPEAN INVENTORY CHAMPION.** Fully synthetic PAO-based formulation. **REPLACES PENTOSIN CHF 11S DIRECTLY.** ",cite PN 0612 as the Pentosin CHF 11S replacement
57178c06bcc3139d,Service Knowledge,PSF,Closing Strategies 3,NEEDS NAME,7,50,low,"**Ultima Synthetic Power Steering Fluid (PN 0612, 64 oz, Green) — THE EUROPEAN INVENTORY CHAMPION.** Fully synthetic PAO-based formulation. **REPLACES PENTOSIN CHF 11S DIRECTLY.** ",'MOC PN 0612 = European green / Pentosin. Covers VW / BMW / Mercedes / Audi / Volvo / Porsche / Mopar.'
6953f3eb109f0a41,Service Knowledge,PSF,Closing Strategies 4,NEEDS NAME,8,51,low,"**Power Steering Service Solution Red (PN 0156, 64 oz, Dark Red).** Fortified PS fluid blend used with MOC Power-Steering Fluid Exchanger. **MEETS OEM PERFORMANCE REQUIREMENTS FOR ","'MOC PN 0156 = red dye, Ford/GM/Chrysler/Nissan.'"
cd9311f06a30ef79,Service Knowledge,PSF,Closing Strategies 4,NEEDS NAME,8,52,low,"**Power Steering Service Solution (PN 0123, 64 oz, Light Amber).** Fortified PS fluid blend used with MOC Power-Steering Fluid Exchanger. Special additive package for shear stabili",cite PN 0123 Honda exclusion; PN 0618 as Honda-compatible alternative
dec3f801812c337a,Service Knowledge,PSF,Closing Strategies 4,NEEDS NAME,8,53,low,"**Power Steering Service Solution (PN 0123, 64 oz, Light Amber).** Fortified PS fluid blend used with MOC Power-Steering Fluid Exchanger. Special additive package for shear stabili",'MOC PN 0123 = Ford/GM/Chrysler. NOT Honda. Use PN 0618 for Honda.'
551a3b7a076a9ddc,Service Knowledge,PSF,Closing Strategies 4,NEEDS NAME,8,54,low,"**Power Steering Fluid Conditioner (PN 0115, 6 oz, Amber).** Blend of synthetic base oils, friction modifiers, anti-foam agents, seal conditioners. **HELPS PREVENT SQUEALS AND CHAT",cite PN 0115 as the symptom-treatment standalone tool
5f53d5caba93d9cb,Service Knowledge,PSF,Closing Strategies 4,NEEDS NAME,8,55,low,"**Power Steering Fluid Conditioner (PN 0115, 6 oz, Amber).** Blend of synthetic base oils, friction modifiers, anti-foam agents, seal conditioners. **HELPS PREVENT SQUEALS AND CHAT","'MOC PN 0115 = squeals, leaks, foaming. Smooth steer = safe steer.'"
95350448c8c2a52d,Service Knowledge,PSF,Closing Strategies 4,NEEDS NAME,8,56,low,**MOC Power-Steering Fluid Exchanger (equipment) — REQUIRED FOR PROPER SERVICE.** Replaces 100% of contaminated fluid through the cooler lines vs the 30-50% replacement rate of suc,cite the equipment-and-ecosystem framing
5e2bce0e5c3681ac,Service Knowledge,PSF,Closing Strategies 4,NEEDS NAME,8,57,low,**MOC Power-Steering Fluid Exchanger (equipment) — REQUIRED FOR PROPER SERVICE.** Replaces 100% of contaminated fluid through the cooler lines vs the 30-50% replacement rate of suc,'MOC = full ecosystem. Equipment + chemistry + training + warranty.'
75685591c87800f1,Service Knowledge,PSF,Closing Strategies 4,NEEDS NAME,8,58,low,Strategy 1: The 'Has Done Its Job' Word Track. Mitch's anchor opening (Fluid Exchanges R6): 'Are you familiar with our power steering fluid exchanges? What we are doing is getting ,standard opening on every PSF-013 pitch
dd6e79162ddec392,Service Knowledge,PSF,Closing Strategies 5,NEEDS NAME,9,59,low,Strategy 1: The 'Has Done Its Job' Word Track. Mitch's anchor opening (Fluid Exchanges R6): 'Are you familiar with our power steering fluid exchanges? What we are doing is getting ,'Has done its job. Smooth steer = safe steer.'
f8adda2cfce384bd,Service Knowledge,PSF,Closing Strategies 5,NEEDS NAME,9,60,low,Strategy 2: The EPS-vs-Hydraulic Verification Step. Before pitching ANY PS service: pop the hood and look for a power steering reservoir. **No reservoir = EPS = no service. Pitchin,ALWAYS verify before pitching
58db13135808049d,Service Knowledge,PSF,Closing Strategies 5,NEEDS NAME,9,61,low,Strategy 2: The EPS-vs-Hydraulic Verification Step. Before pitching ANY PS service: pop the hood and look for a power steering reservoir. **No reservoir = EPS = no service. Pitchin,'Open the hood. Look for reservoir. No reservoir = no service.'
6112295aa6aebecc,Service Knowledge,PSF,Closing Strategies 5,NEEDS NAME,9,62,low,"Strategy 3: The Visual Sell — Reservoir Inspection. Pop the hood, pull the reservoir cap, photograph the fluid color. **Fresh PS fluid = clear (red, amber, or green); degraded = da",'Pop the cap. Photo. Send it.'
d77405145dd584fc,Service Knowledge,PSF,Closing Strategies 5,NEEDS NAME,9,63,low,"Strategy 4: The Symptom-Recognition Conversation. **Pre-failure symptoms: groaning when turning at low speed, foaming reservoir, dark/burnt fluid, visible leaks at the rack or pump",ask the symptom question
4cdabf61471c3bea,Service Knowledge,PSF,Closing Strategies 5,NEEDS NAME,9,64,low,"Strategy 4: The Symptom-Recognition Conversation. **Pre-failure symptoms: groaning when turning at low speed, foaming reservoir, dark/burnt fluid, visible leaks at the rack or pump",'Ask about noise when turning slow. That's the trigger.'
f472bd4d9b151635,Service Knowledge,PSF,Closing Strategies 5,NEEDS NAME,9,65,low,"Strategy 5: The Dollar-Prevention Close. 'Pump replacement runs $300-$800. Rack replacement runs $1,000-$2,500+. PS fluid exchange runs $100-$150. This is the highest-ROI insurance",cite dollar comparison explicitly
892eea421313a26d,Service Knowledge,PSF,Closing Strategies 5,NEEDS NAME,9,66,low,"Strategy 5: The Dollar-Prevention Close. 'Pump replacement runs $300-$800. Rack replacement runs $1,000-$2,500+. PS fluid exchange runs $100-$150. This is the highest-ROI insurance","'$100 now or $300-$2,500 later.'"
7c6fbad9dd7cdb96,Service Knowledge,PSF,Closing Strategies 6,NEEDS NAME,10,67,low,"Strategy 6: The MOC 30K Warranty Close (All-Tier on Under-100K Vehicles). Per Mitch's all-tier instruction — every advisor surfaces the MOC 30,000-mile warranty on every PSF-013 pi",surface the 30K warranty on every conversation
bbc8e96b10a70b18,Service Knowledge,PSF,Closing Strategies 6,NEEDS NAME,10,68,low,"Strategy 6: The MOC 30K Warranty Close (All-Tier on Under-100K Vehicles). Per Mitch's all-tier instruction — every advisor surfaces the MOC 30,000-mile warranty on every PSF-013 pi","'30,000-mile warranty — say that.'"
1dbd1cdf86ef270c,Service Knowledge,PSF,Closing Strategies 6,NEEDS NAME,10,69,low,"Power steering service has BROAD industry agreement on the underlying chemistry — **PS systems run at 1,000-2,000 PSI and 200°F+; fluid degrades regardless of OEM marketing languag",cite industry-wide chemistry agreement + interval-publication map
4f56e47293ca9f4e,Service Knowledge,PSF,Closing Strategies 6,NEEDS NAME,10,70,low,"Power steering service has BROAD industry agreement on the underlying chemistry — **PS systems run at 1,000-2,000 PSI and 200°F+; fluid degrades regardless of OEM marketing languag",'Universal chemistry agreement. Most OEMs don't publish; European OEMs do.'
db100589bd88f5ef,Service Knowledge,PSF,Closing Strategies 6,NEEDS NAME,10,71,low,**THE EPS TRANSITION IS REAL AND ACCELERATING.** Most modern vehicles have moved to Electric Power Steering (EPS) with no fluid — service writers MUST verify system type before rec,ALWAYS verify system type
50ddb4033fa8a7f6,Service Knowledge,PSF,Closing Strategies 6,NEEDS NAME,10,72,low,**THE EPS TRANSITION IS REAL AND ACCELERATING.** Most modern vehicles have moved to Electric Power Steering (EPS) with no fluid — service writers MUST verify system type before rec,'EPS is winning. Verify before pitching.'
1ed4dfec73fce49a,Service Knowledge,PSF,Closing Strategies 6,NEEDS NAME,10,73,low,"**THE THREE-FLUID-FAMILY REALITY.** (1) Red/Amber PSF (Honda/Ford/GM/Chrysler — Honda-specific, NEVER substitute). (2) Green Pentosin CHF 11S (European hydraulic standard — BMW, Me",master the three-family knowledge
619692f6e9d66f23,Service Knowledge,PSF,Closing Strategies 6,NEEDS NAME,10,74,low,"**THE THREE-FLUID-FAMILY REALITY.** (1) Red/Amber PSF (Honda/Ford/GM/Chrysler — Honda-specific, NEVER substitute). (2) Green Pentosin CHF 11S (European hydraulic standard — BMW, Me",'Three fluid families. Wrong fluid = damage.'
46df25f8f30191f1,Service Knowledge,PSF,Closing Strategies 7,NEEDS NAME,11,75,low,"Practical guidance summary. **(1) Always verify EPS-vs-hydraulic** — pop the hood. **(2) Visual inspection is your best tool** — pull the cap, photo the fluid. **(3) Match the righ",master the six-step framework
3622ddf90c6a3671,Service Knowledge,PSF,Closing Strategies 7,NEEDS NAME,11,76,low,"Practical guidance summary. **(1) Always verify EPS-vs-hydraulic** — pop the hood. **(2) Visual inspection is your best tool** — pull the cap, photo the fluid. **(3) Match the righ",'Verify / inspect / right fluid / conditioner / safety+dollar / visual sell.'
988228661e8df8d6,Service Knowledge,PSF,Closing Strategies 7,NEEDS NAME,11,77,low,Position PS service as INEXPENSIVE INSURANCE vs the cost of pump or rack replacement after fluid neglect. The cost ratio (service vs failure-repair) is 3-to-25-to-1 in favor of pre,position as insurance
7268c6de24304f10,Service Knowledge,PSF,Closing Strategies 7,NEEDS NAME,11,78,low,Position PS service as INEXPENSIVE INSURANCE vs the cost of pump or rack replacement after fluid neglect. The cost ratio (service vs failure-repair) is 3-to-25-to-1 in favor of pre,'Inexpensive insurance.'
80e3d18ea0934024,Service Knowledge,Tank Add,Knowledge Notes 1,NEEDS NAME,1,1,zero,Tank Additive Purpose,"Between our major fuel system services, tank additives keep the fuel system clean."
e51fda436ef057f3,Service Knowledge,Tank Add,Knowledge Notes 1,NEEDS NAME,1,2,zero,$15-25 Ticket,"For a small investment, customer gets a product that cleans 90% of deposits on injectors in a single tank of gas."
5d60e4df236394d2,Service Knowledge,Tank Add,Knowledge Notes 1,NEEDS NAME,1,3,zero,Every LOF Attach,Tank additive attaches to every LOF. That's the target. 90%+ attach rate. Great to have on a 15K or on a middle tier 5K 
f4df35d8ebdd94b7,Service Knowledge,Tank Add,Knowledge Notes 1,NEEDS NAME,1,4,zero,Bridge to Service,Tank additive bridges between fuel injection services. Keeps the system clean.
8c2e2e6cb58c3b54,Service Knowledge,Tank Add,Knowledge Notes 1,NEEDS NAME,1,5,zero,Fuel Efficiency Tip,Tank additives help fuel efficiency. Real benefit customers can feel.
428469cafb33b46a,Service Knowledge,Tank Add,Knowledge Notes 1,NEEDS NAME,1,6,zero,GDI Focus,GDI engines benefit strongly from tank additive. Carbon buildup problem gets treated for hundreds of miles.
af2af1530c4d145e,Service Knowledge,Tank Add,Knowledge Notes 1,NEEDS NAME,1,7,zero,Turbo Focus,Turbo engines benefit strongly. Heat + deposits = damage. Tank additive keeps it clean.
0ab97f5fccb61cf0,Service Knowledge,Tank Add,Knowledge Notes 1,NEEDS NAME,1,8,zero,Simple Pitch,Our tank additive is an important part of this service. We have bundled this for your savings. All I need is your author
f0b398d93e389210,Service Knowledge,Tank Add,Knowledge Notes 2,NEEDS NAME,2,9,zero,Warranty Extension,"Tank additive helps extend fuel injection warranty coverage. Bonus for the customer. 15,000 miles of coverage on your fu"
27b006fde093101a,Service Knowledge,Tank Add,Knowledge Notes 2,NEEDS NAME,2,10,zero,Piggyback with LOF,Attach to every oil change. Automatic pitch. Bundled for your safety and savings.
4ecbfa47b1014262,Service Knowledge,Tank Add,Knowledge Notes 2,NEEDS NAME,2,11,zero,Fleet Focus,High-mile customers benefit most. Pitch tank additive every visit.
ef01da24ed53f202,Service Knowledge,Tank Add,Knowledge Notes 2,NEEDS NAME,2,12,zero,Menu Tip,"Pitch every visit. Small price, big cumulative benefit. If you have multiple products with a warranty, add the coverage "
396be1088ecb4ef3,Service Knowledge,Tank Add,Knowledge Notes 2,NEEDS NAME,2,13,zero,Driving Habits,"Short-trip, stop-and-go, idle-heavy, turbocharged = pitch more often. Different customers, different intervals."
bb5df9e4d4c45090,Service Knowledge,Tank Add,Knowledge Notes 2,NEEDS NAME,2,14,zero,BTM Frame,"BTM. State time AND mileage, this tank additive is the best $25 you can spend."
090b5383efdc79bd,Service Knowledge,Tank Add,Knowledge Notes 2,NEEDS NAME,2,15,zero,"Objection: ""I Use Premium""",Premium isn't enough. Tank additive is designed for the deposits premium doesn't touch. Educate your customers. The chea
bea5ac6645f717dd,Service Knowledge,Tank Add,Closing Strategies 1,NEEDS NAME,3,16,low,"Tank additives clean and maintain the entire fuel system — injectors, fuel rails, combustion chambers, and intake valves on port-injected applications. They work through normal com",explain the function before the price
4a0c1f116f43b0c4,Service Knowledge,Tank Add,Closing Strategies 1,NEEDS NAME,3,17,low,"Tank additives clean and maintain the entire fuel system — injectors, fuel rails, combustion chambers, and intake valves on port-injected applications. They work through normal com","'Cleans injectors, fuel rails, and combustion chambers as the fuel burns.'"
d8700794c9d1593b,Service Knowledge,Tank Add,Closing Strategies 1,NEEDS NAME,3,18,low,"PEA (Polyether Amine) chemistry is the gold standard for fuel system cleaning — used in MOC's premium tank additive products and in BG, Wynn's, and Bardahl premium products. PEA ef",'Premium chemistry — different from the cheap stuff at the parts store.'
599dbca10775a558,Service Knowledge,Tank Add,Closing Strategies 1,NEEDS NAME,3,19,low,"MOC Products tank additives are backed by a 15,000-mile warranty on fuel pumps and fuel injectors when used per the recommended program. This is the all-tier close — every advisor ",surface the 15K warranty as part of the value
eb2efc8738f7fed3,Service Knowledge,Tank Add,Closing Strategies 1,NEEDS NAME,3,20,low,"MOC Products tank additives are backed by a 15,000-mile warranty on fuel pumps and fuel injectors when used per the recommended program. This is the all-tier close — every advisor ","'Tank additive comes with a 15,000-mile warranty on fuel pumps and injectors.'"
07a20deaacda27d2,Service Knowledge,Tank Add,Closing Strategies 1,NEEDS NAME,3,21,low,Word track reframe: 'Are you familiar with our Tank Additives and what they do? Most fuel you buy is low on cleaner. They do that so the cost of gas doesn't go even higher. This cl,standard opening on every tank additive pitch
2e04d7a7febcb998,Service Knowledge,Tank Add,Closing Strategies 1,NEEDS NAME,3,22,low,Word track reframe: 'Are you familiar with our Tank Additives and what they do? Most fuel you buy is low on cleaner. They do that so the cost of gas doesn't go even higher. This cl,"'Restore performance — say that, never just clean.'"
d67df31b25d7980a,Service Knowledge,Tank Add,Closing Strategies 1,NEEDS NAME,3,23,low,"Recommended cadence: every 5,000-7,500 miles, or at every oil change. This is the most frequent service-cadence recommendation in the master, which means tank additives are the mos",pair tank additive with every oil change visit
7cae5e07e3be00d5,Service Knowledge,Tank Add,Closing Strategies 2,NEEDS NAME,4,24,low,"Recommended cadence: every 5,000-7,500 miles, or at every oil change. This is the most frequent service-cadence recommendation in the master, which means tank additives are the mos",'Every oil change — that's when this gets done.'
f06a971859514967,Service Knowledge,Tank Add,Closing Strategies 2,NEEDS NAME,4,25,low,"Hybrid and PHEV vehicles particularly benefit from tank additives because the gas engine cycles less often, allowing fuel to age in the tank. Toyota Hybrids (Prius, Camry Hybrid, R",identify hybrid/PHEV vehicles and frame the fuel-aging issue
9d33e63e2a535e89,Service Knowledge,Tank Add,Closing Strategies 2,NEEDS NAME,4,26,low,"Hybrid and PHEV vehicles particularly benefit from tank additives because the gas engine cycles less often, allowing fuel to age in the tank. Toyota Hybrids (Prius, Camry Hybrid, R","'Hybrids — your fuel sits longer, so you need this MORE, not less.'"
c6438ea9c6800993,Service Knowledge,Tank Add,Closing Strategies 2,NEEDS NAME,4,27,low,Tank additives are NOT a replacement for full decarb service (FIC-046). Tank additives MAINTAIN cleanliness; decarb services REMOVE existing carbon buildup. Customer with documente,distinguish prevention (tank additive) from remediation (decarb / walnut blasting)
4385f3033c605547,Service Knowledge,Tank Add,Closing Strategies 2,NEEDS NAME,4,28,low,Tank additives are NOT a replacement for full decarb service (FIC-046). Tank additives MAINTAIN cleanliness; decarb services REMOVE existing carbon buildup. Customer with documente,'Tank additive prevents — decarb removes existing buildup.'
0f9bcfeee987ab53,Service Knowledge,Tank Add,Closing Strategies 2,NEEDS NAME,4,29,low,"EVs do not use tank additives. Ford Mach-E and F-150 Lightning, GM Hummer EV / Silverado EV / Lyriq / Bolt EV, Toyota bZ4X, Honda Prologue, Hyundai Ioniq 5/6 / Kia EV6/EV9, Stellan",clean honest answer for EV customers
6df25bdd172ad8a6,Service Knowledge,Tank Add,Closing Strategies 2,NEEDS NAME,4,30,low,"EVs do not use tank additives. Ford Mach-E and F-150 Lightning, GM Hummer EV / Silverado EV / Lyriq / Bolt EV, Toyota bZ4X, Honda Prologue, Hyundai Ioniq 5/6 / Kia EV6/EV9, Stellan",'EVs don't have a fuel tank — but your other services still apply.'
6afda6a7143003f2,Service Knowledge,Tank Add,Closing Strategies 2,NEEDS NAME,4,31,low,Strategy 1: The 'Restore Performance' Word Track (anchor opening). 'Are you familiar with our Tank Additives and what they do? Most fuel you buy is low on cleaner. They do that so ,standard opening on every tank additive pitch
9e51218af918e25a,Service Knowledge,Tank Add,Closing Strategies 3,NEEDS NAME,5,32,low,Strategy 1: The 'Restore Performance' Word Track (anchor opening). 'Are you familiar with our Tank Additives and what they do? Most fuel you buy is low on cleaner. They do that so ,'Restore performance — say that.'
1b2fcbe42c5cd536,Service Knowledge,Tank Add,Closing Strategies 3,NEEDS NAME,5,33,low,"Strategy 2: Pair-Sell with Every Oil Change. Every customer authorizing an oil change is a tank additive candidate. The 5K-7.5K cadence matches oil change intervals exactly, making",pair tank additive with every oil change visit by default
0c890d7d7ab9dab2,Service Knowledge,Tank Add,Closing Strategies 3,NEEDS NAME,5,34,low,"Strategy 2: Pair-Sell with Every Oil Change. Every customer authorizing an oil change is a tank additive candidate. The 5K-7.5K cadence matches oil change intervals exactly, making",'Same interval as your oil — let's do both.'
61af5cf4f8a261ba,Service Knowledge,Tank Add,Closing Strategies 3,NEEDS NAME,5,35,low,"Strategy 3: The 90% Deposit Removal Stat. 'This will remove 90% of deposits on your injectors in a single tank of gas.' Concrete, memorable, customer-facing fact that converts the ",'Removes most deposits in one tank.'
0b844df4b8291d24,Service Knowledge,Tank Add,Closing Strategies 3,NEEDS NAME,5,36,low,"Strategy 4: Hybrid Customer Education. 'Hybrids cycle the gas engine less — your fuel ages in the tank. So you need this MORE, not less.' Counterintuitive fact that converts a cust",identify hybrid/PHEV vehicles and frame the counterintuitive fact
15b295c9aaab1536,Service Knowledge,Tank Add,Closing Strategies 3,NEEDS NAME,5,37,low,"Strategy 4: Hybrid Customer Education. 'Hybrids cycle the gas engine less — your fuel ages in the tank. So you need this MORE, not less.' Counterintuitive fact that converts a cust",'Hybrid = fuel ages = need this more.'
122ff6fb0ec6ff82,Service Knowledge,Tank Add,Closing Strategies 3,NEEDS NAME,5,38,low,"Strategy 5: Entry-Level Service Builds Trust. Tank additive is low-cost, easy 'yes,' and builds customer trust on the first authorization. New advisor working a tough customer can ",use tank additive as relationship-opener with skeptical customers
a219e49bfb08306e,Service Knowledge,Tank Add,Closing Strategies 3,NEEDS NAME,5,39,low,"Strategy 5: Entry-Level Service Builds Trust. Tank additive is low-cost, easy 'yes,' and builds customer trust on the first authorization. New advisor working a tough customer can ",don't dismiss small services as not worth the time
fc09689f205ea853,Service Knowledge,Tank Add,Closing Strategies 4,NEEDS NAME,6,40,low,"Strategy 6: NOT a Decarb Replacement. Tank additives MAINTAIN cleanliness; full decarb (FIC-046) REMOVES existing carbon. Customer with documented symptoms (rough idle, misfires, p",distinguish prevention (tank additive) from remediation (decarb / walnut blasting)
877d787181694665,Service Knowledge,Tank Add,Closing Strategies 4,NEEDS NAME,6,41,low,"Strategy 6: NOT a Decarb Replacement. Tank additives MAINTAIN cleanliness; full decarb (FIC-046) REMOVES existing carbon. Customer with documented symptoms (rough idle, misfires, p",'Prevents — does not remove existing buildup.'
b5822df22b3433fe,Service Knowledge,Tank Add,Closing Strategies 4,NEEDS NAME,6,42,low,"Strategy 7: Driving Habits Modifier. Recommend more frequent tank additive use for short trips, stop-and-go driving, extended idle, and turbocharged engines. Customer with a 5-mile",'Short trips / stop-and-go / turbo = more frequent.'
eb8404848b057737,Service Knowledge,Tank Add,Closing Strategies 4,NEEDS NAME,6,43,low,"Strategy 8: The Five-Category Fuel Sales Contest (Manager). Run a one-week contest ranking advisors in five categories: Fuel Injector Clean (FIC-045), Decarb Service (FIC-046), Thr",use tank additive as the first-yes building block
1912225d4cf4526d,Service Knowledge,Tank Add,Closing Strategies 4,NEEDS NAME,6,44,low,"Position: Tank additives are core preventive maintenance — MOC offers a four-product line backed by a 15,000-mile warranty on fuel pumps and fuel injectors when used per program. M",distinguish MOC Products (warranty chemistry) from Motorcraft (Ford OE)
01e8aa53b9c10711,Service Knowledge,Tank Add,Closing Strategies 4,NEEDS NAME,6,45,low,"Position: Tank additives are core preventive maintenance — MOC offers a four-product line backed by a 15,000-mile warranty on fuel pumps and fuel injectors when used per program. M",'MOC = the warranty chemistry brand from Pacoima.'
c8b4d575104533f9,Service Knowledge,Tank Add,Closing Strategies 4,NEEDS NAME,6,46,low,"MOC offers a four-product tank additive line: BOOST (PN #04421, 10 oz) for hybrid fuel stabilization, Enhance (PN #04321, 16 oz) super-concentrated for severe deposits and modern G","'Four products, four uses — match it to your driving.'"
03ec2382d5e7f2d6,Service Knowledge,Tank Add,Closing Strategies 4,NEEDS NAME,6,47,low,"MOC Products 15,000-mile warranty close: when MOC tank additives are used per the recommended program at a participating MOC dealer, the work is backed by a 15,000-mile warranty on",surface the 15K warranty as part of the value
da73a96963372c31,Service Knowledge,Tank Add,Closing Strategies 5,NEEDS NAME,7,48,low,"MOC Products 15,000-mile warranty close: when MOC tank additives are used per the recommended program at a participating MOC dealer, the work is backed by a 15,000-mile warranty on","'Tank additive comes with a 15,000-mile warranty.'"
c7955edc89161516,Service Knowledge,Tank Add,Closing Strategies 5,NEEDS NAME,7,49,low,"MOC BOOST is engineered specifically for HEV/PHEV applications — keeps fuel fresh during extended electric-only operation, prevents corrosion and moisture damage, restores power an",'BOOST — for your hybrid.'
bd338a6a9bb146bc,Service Knowledge,Tank Add,Closing Strategies 5,NEEDS NAME,7,50,low,MOC Enhance is super-concentrated with the most advanced detergent technology — designed for modern GDI high-output engines and severe deposits. Single tankful can restore engine p,"'Enhance — strongest of the four, for performance restoration.'"
8b71abc5fbac0c64,Service Knowledge,Throttle,Knowledge Notes 1,NEEDS NAME,1,1,zero,Throttle Body Purpose,"Carbon at the throttle plate = rough idle, hesitation. Service cleans it out."
82f7eb61ab2b5645,Service Knowledge,Throttle,Knowledge Notes 1,NEEDS NAME,1,2,zero,Symptoms,"If the customer mentions rough idle or hesitation, pitch throttle body cleaning."
c665e5510d05ac61,Service Knowledge,Throttle,Knowledge Notes 1,NEEDS NAME,1,3,zero,60K Interval,"60K rule. Faster for GDI, turbo, and short-trip customers."
c0b092ed4ee79eca,Service Knowledge,Throttle,Knowledge Notes 1,NEEDS NAME,1,4,zero,Throttle Body Tip,"Low labor, high margin. Fast and profitable service. Couple it with a fuel tank additive and the customer gets a warrant"
1bf3f681b46336a2,Service Knowledge,Throttle,Knowledge Notes 1,NEEDS NAME,1,5,zero,GDI + Turbo,GDI and turbo = accelerated interval. Pitch by 30K.
18ab7d0d77b310b6,Service Knowledge,Throttle,Knowledge Notes 1,NEEDS NAME,1,6,zero,Warranty,"Chemical companies often back a TB service with a 15,000 mile warranty when coupled with a tank additive. Make sure you "
193749d138ce5b79,Service Knowledge,Throttle,Knowledge Notes 1,NEEDS NAME,1,7,zero,Piggyback with Engine Air Filter,Throttle body add with an Engine Air Filter is a perfect piggyback!
e9a952ef08d368f2,Service Knowledge,Throttle,Knowledge Notes 1,NEEDS NAME,1,8,zero,Time + Mileage Frame,"""Based on TIME and Mileage and condition of your vehicle, you're due for throttle body service."" BTM."
812e3243025aa9de,Service Knowledge,Throttle,Knowledge Notes 2,NEEDS NAME,2,9,zero,Rough Idle Story,"""When the throttle plate gets sticky, your engine hesitates. Cleaning it restores smoothness."""
09e01afb8aa3c6f8,Service Knowledge,Throttle,Knowledge Notes 2,NEEDS NAME,2,10,zero,Preventive Framing,$150 today prevents a big fuel injector breakdown later. Sell protection. Ounce of prevention beats a pound of cure.
a388beabd19e10a7,Service Knowledge,Throttle,Knowledge Notes 2,NEEDS NAME,2,11,zero,Throat Analogy,Are you familiar with OUR throttle body service? You ever have a sore throat and you take some medicine. Makes you breat
d0c4b901f0c8dfa3,Service Knowledge,Throttle,Closing Strategies 1,NEEDS NAME,3,12,low,Throttle body cleaning is one of the most controversial services in modern service drives. Most automakers explicitly recommend AGAINST routine cleaning unless a specific driveabil,lead with the honest framing
03f82a1295279d8d,Service Knowledge,Throttle,Closing Strategies 1,NEEDS NAME,3,13,low,Throttle body cleaning is one of the most controversial services in modern service drives. Most automakers explicitly recommend AGAINST routine cleaning unless a specific driveabil,"'Modern throttle bodies — we inspect first, only clean if needed.'"
6859c58c261acf95,Service Knowledge,Throttle,Closing Strategies 1,NEEDS NAME,3,14,low,"Throttle body service is justified — and often necessary — when one of five customer symptoms is present: rough idle or stalling, hesitation on acceleration, check engine light wit",ask the diagnostic questions before recommending the service
3d6e85752ff11de6,Service Knowledge,Throttle,Closing Strategies 1,NEEDS NAME,3,15,low,"Throttle body service is justified — and often necessary — when one of five customer symptoms is present: rough idle or stalling, hesitation on acceleration, check engine light wit","'We check the throttle body — if it's working fine, we leave it alone. If you've got symptoms, we service it.'"
211f54412719827a,Service Knowledge,Throttle,Closing Strategies 1,NEEDS NAME,3,16,low,"Modern electronic throttle bodies (drive-by-wire, standard since the early 2000s) have anti-corrosion bore coatings, PTFE-like surfaces, and sealed motor assemblies. Aggressive aer",cite OEM-approved product requirement
09c3d19e2d9b5d63,Service Knowledge,Throttle,Closing Strategies 1,NEEDS NAME,3,17,low,"Modern electronic throttle bodies (drive-by-wire, standard since the early 2000s) have anti-corrosion bore coatings, PTFE-like surfaces, and sealed motor assemblies. Aggressive aer",'OEM-approved cleaner only — wrong product damages the coating.'
7dd9fd771a869359,Service Knowledge,Throttle,Closing Strategies 1,NEEDS NAME,3,18,low,Post-service idle relearn / adaptation is REQUIRED on virtually every modern vehicle — and skipping it causes the cleaning to look like a failure. Different brands use different pr,every TBC-044 RO includes the relearn
9482764b7a8f80ae,Service Knowledge,Throttle,Closing Strategies 1,NEEDS NAME,3,19,low,Post-service idle relearn / adaptation is REQUIRED on virtually every modern vehicle — and skipping it causes the cleaning to look like a failure. Different brands use different pr,"'Cleaning plus the relearn — both required, every brand.'"
134676fb6029532f,Service Knowledge,Throttle,Closing Strategies 2,NEEDS NAME,4,20,low,"EVs do not have throttle bodies — electric motors don't combust fuel, so airflow regulation isn't part of the powertrain. Hybrids still have throttle bodies on the gas engine. This",clean honest answer for EV customers
4564c3dd7c59109a,Service Knowledge,Throttle,Closing Strategies 2,NEEDS NAME,4,21,low,"EVs do not have throttle bodies — electric motors don't combust fuel, so airflow regulation isn't part of the powertrain. Hybrids still have throttle bodies on the gas engine. This",'EVs don't have throttle bodies — different powertrain.'
e86565f2effbbd32,Service Knowledge,Throttle,Closing Strategies 2,NEEDS NAME,4,22,low,SYMPTOM 1: Rough Idle or Stalling at Idle,ask 'how does it idle when warm?'
b980083e375a4ab6,Service Knowledge,Throttle,Closing Strategies 2,NEEDS NAME,4,23,low,SYMPTOM 1: Rough Idle or Stalling at Idle,'Rough idle — let's check the throttle body.'
f9cee860e2832234,Service Knowledge,Throttle,Closing Strategies 2,NEEDS NAME,4,24,low,SYMPTOM 2: Hesitation or Stumble on Acceleration,ask 'any hesitation when you press the gas?'
20fed69cec9e5957,Service Knowledge,Throttle,Closing Strategies 2,NEEDS NAME,4,25,low,SYMPTOM 2: Hesitation or Stumble on Acceleration,'Hesitation — throttle body is the first thing to check.'
69c576588696a708,Service Knowledge,Throttle,Closing Strategies 2,NEEDS NAME,4,26,low,"SYMPTOM 3: Check Engine Light with Throttle Position Codes (P0121, P0122, P0123)",'Check engine code — throttle body is a likely cause.'
dc9aeb6f9d441b09,Service Knowledge,Throttle,Closing Strategies 2,NEEDS NAME,4,27,low,SYMPTOM 4: Increased Fuel Consumption,ask 'has your fuel economy dropped recently?'
23a0f098ac68c0d6,Service Knowledge,Throttle,Closing Strategies 3,NEEDS NAME,5,28,low,SYMPTOM 4: Increased Fuel Consumption,'Fuel economy dropped — throttle body could be the cause.'
2b1c12ac0cca2936,Service Knowledge,Throttle,Closing Strategies 3,NEEDS NAME,5,29,low,SYMPTOM 5: Surging or Sputtering at Idle or Low Speed,ask about idle and
3af099033f7d4ac3,Service Knowledge,Throttle,Closing Strategies 3,NEEDS NAME,5,30,low,SYMPTOM 5: Surging or Sputtering at Idle or Low Speed,speed quality
d29cdc69c1c04a51,Service Knowledge,Throttle,Closing Strategies 3,NEEDS NAME,5,31,low,SYMPTOM 5: Surging or Sputtering at Idle or Low Speed,'Surging or sputtering — throttle body is on the list.'
e2907b766c610818,Service Knowledge,Throttle,Closing Strategies 3,NEEDS NAME,5,32,low,STRATEGY 1: The Inspect-First Trust Play — Sometimes the Right Sale Is No Sale,"lead with inspection on every TBC-044 conversation. When throttle body is clean, recommend deferring service and documen"
2983200ed1cd7860,Service Knowledge,Throttle,Closing Strategies 3,NEEDS NAME,5,33,low,STRATEGY 1: The Inspect-First Trust Play — Sometimes the Right Sale Is No Sale,"'Modern throttle bodies — we inspect first, only clean if needed. Yours looks fine — let's check it next visit.' Trigger"
2a5d1edce9a5c4d2,Service Knowledge,Throttle,Closing Strategies 3,NEEDS NAME,5,34,low,"STRATEGY 2: The Symptom-Driven Service Authorization — When Service IS Justified, Lead With Confidence","when symptoms are present, recommend service confidently with specific engine context"
4e608f111383ff14,Service Knowledge,Throttle,Closing Strategies 3,NEEDS NAME,5,35,low,"STRATEGY 2: The Symptom-Driven Service Authorization — When Service IS Justified, Lead With Confidence",'Your engine is one of the ones where this service is often needed — let's do it right.' Trigger: any customer presentin
811f40d2b3c0b1ce,Service Knowledge,Throttle,Closing Strategies 4,NEEDS NAME,6,36,low,STRATEGY 3: The Relearn-Required Education — Why the Service Includes the Adaptation,"every TBC-044 RO includes the relearn — non-negotiable, priced as one service"
48ca2f8517bd0f9f,Service Knowledge,Throttle,Closing Strategies 4,NEEDS NAME,6,37,low,STRATEGY 3: The Relearn-Required Education — Why the Service Includes the Adaptation,"'Cleaning plus the relearn — both required, both included.' Trigger: every TBC-044 conversation"
98a1c15a087598ee,Service Knowledge,Trans,Chemical Warranty,OK,1,1,zero,Chemical Warranty,"Don't forget about the transmission warranty! 30,000 miles, up to $4000 of coverage."
1d5dadfc59937d52,Service Knowledge,Trans,Chemical Warranty,OK,1,2,zero,Chemical Warranty,"Use the warranty as a way to overcome the objection of money! Money is always a concern, but I would be do my job if I d"
8294c37ee9a9a9b9,Service Knowledge,Trans,Chemical Warranty,OK,1,3,zero,Chemical Warranty,"Our warranty covers the bumper-to-bumper expiration on any internal, lubricated, part."
63c2093b4e94c253,Service Knowledge,Trans,Chemical Warranty,OK,1,4,zero,Chemical Warranty,Chemical warranty will help to the assistance of replacing the transmission with a new or used one. That is between you 
8d4800af25559182,Service Knowledge,Trans,Chemical Warranty,OK,1,5,zero,Chemical Warranty,"Consistent service = eligible for extended coverage. Sell the program, not just the visit. Remember, you can keep warran"
a81aafea5c8180b9,Service Knowledge,Trans,Knowledge Notes 1,NEEDS NAME,2,6,zero,Transmission Fluid Echange Tip,Old trans fluid loses friction properties. Shifts get harsh. Damage builds. Service prevents both.
d01ed807574adfb6,Service Knowledge,Trans,Knowledge Notes 1,NEEDS NAME,2,7,zero,Transmission Fluid Echange Tip,Never done before = perfect reason to do it now. Reframe.
d4ed14d3d0352645,Service Knowledge,Trans,Knowledge Notes 1,NEEDS NAME,2,8,zero,Interval,Check your manual. Check the factory warranty. Check your chemical warranty.
d891b26da01de0d7,Service Knowledge,Trans,Knowledge Notes 1,NEEDS NAME,2,9,zero,"""Lifetime Fluid"" Myth","""Lifetime fluid"" means ""lifetime of the transmission."" That's not forever. Every fluid degrades. All Fluids go Bad!"
4161f415587aa65d,Service Knowledge,Trans,Knowledge Notes 1,NEEDS NAME,2,10,zero,Sealed Trans Reality,No dipstick doesn't mean no service. Sealed trans still need fluid exchange.
4902eb3192b329f0,Service Knowledge,Trans,Knowledge Notes 1,NEEDS NAME,2,11,zero,Flush vs Exchange,"Fluid exchange, not flush. Old machines flushed. New machines exchange."
e8d56edc4c462aa4,Service Knowledge,Trans,Knowledge Notes 1,NEEDS NAME,2,12,zero,Truck + Tow Focus,"Tow + heat = degradation. Every 30K on trucks that tow. If you use your truck, like a truck, the service will help keep "
898693ec1117ee78,Service Knowledge,Trans,Knowledge Notes 1,NEEDS NAME,2,13,zero,Fluid Color Check,Color scale: pink = new. Brown = service. Black + burnt = past due.
e4c19312c97c7832,Service Knowledge,Trans,Knowledge Notes 2,NEEDS NAME,3,14,zero,Time + Mileage,"""Based on TIME and Mileage and condition of your truck, your transmission fluid is due for service."" BTM."
9c511c787098cf54,Service Knowledge,Trans,Knowledge Notes 2,NEEDS NAME,3,15,zero,Piggyback with Diff,"Bundle trans and diff. Complete driveline service. Two major components, one visit."
ec914b79b88d3a0f,Service Knowledge,Trans,Knowledge Notes 2,NEEDS NAME,3,16,zero,Piggyback with Transfer Case,AWD or 4WD? Pitch trans + transfer case as a bundle.
14ed989168979c63,Service Knowledge,Trans,Knowledge Notes 2,NEEDS NAME,3,17,zero,Hard Shift Signal,"Hard shifts, slipping, delayed engagement = service today. Don't wait."
43f69810df618d53,Service Knowledge,Trans,Knowledge Notes 2,NEEDS NAME,3,18,zero,Fleet + Commercial,Fleet = fast wear. Pitch trans service more often.
778c683cd02b48f2,Service Knowledge,Trans,Knowledge Notes 2,NEEDS NAME,3,19,zero,"Objection: ""Too Expensive""","Compare $250 to $8,000 transmission. That reframes ""expensive"" fast. Remember, ounce of prevention beats a pound of cure"
6a1763a22dc538d1,Service Knowledge,Trans,Knowledge Notes 2,NEEDS NAME,3,20,zero,Warranty Bridge,OE ends. Chemical warranty begins. Bridge every customer. Transition them from the factory warranty to YOUR warranty.
8acdcd5fc6f33f50,Service Knowledge,Trans,Knowledge Notes 2,NEEDS NAME,3,21,zero,"Language: ""Done Its Job""","Old fluid ""has done its job."" Reusable anchor for every fluid service."
4315c53a2f2c0036,Service Knowledge,Trans,Knowledge Notes 3,NEEDS NAME,4,22,zero,Show the Machine,"Point out the exchange machine. ""This is why we can do it right — new fluid in, old fluid out, easy and precise!"""
e8a53ff375895b62,Service Knowledge,Trans,Knowledge Notes 3,NEEDS NAME,4,23,zero,Certified Technician Word Track,"""My certified technician Hector recommends trans service based on TIME and Mileage and condition of your vehicle."""
393b30b949c490c6,Service Knowledge,Trans,Knowledge Notes 3,NEEDS NAME,4,24,zero,Are You Familiar,"""Are you familiar with OUR MOC transmission service?"" OUR does the work."
b4aace334c3c7772,Service Knowledge,Trans,Knowledge Notes 3,NEEDS NAME,4,25,zero,Locker-Room Line,Transmissions don't heal. Fluid protects them. Service is prevention.
da8722f440c1fb39,Service Knowledge,Trans,Knowledge Notes 3,NEEDS NAME,4,26,zero,Rebuild Statistics,Neglected fluid = failed transmission. Breakdown can be preventable.
1351edcc1e06a004,Service Knowledge,Trans,Closing Strategies 1,NEEDS NAME,5,27,low,"**THE HIGHEST-STAKES MAINTENANCE CATEGORY IN THE MASTER.** Transmission failure costs $3,000-$8,000 in repair or replacement; proper transmission fluid maintenance costs $200-$400 ",cite the specific failure-cost range vs service cost
38da17521d150711,Service Knowledge,Trans,Closing Strategies 1,NEEDS NAME,5,28,low,"**THE HIGHEST-STAKES MAINTENANCE CATEGORY IN THE MASTER.** Transmission failure costs $3,000-$8,000 in repair or replacement; proper transmission fluid maintenance costs $200-$400 ","'$300 now or $3,000-$8,000 later.'"
80a91e9c30b3f7e9,Service Knowledge,Trans,Closing Strategies 1,NEEDS NAME,5,29,low,Word track per existing platform language — Mitch's anchor opening (Fluid Exchanges R5): 'Are you familiar with our transmission exchanges? What we are doing is getting rid of your,standard opening on every transmission pitch
efea43a0f8c92d8b,Service Knowledge,Trans,Closing Strategies 1,NEEDS NAME,5,30,low,Word track per existing platform language — Mitch's anchor opening (Fluid Exchanges R5): 'Are you familiar with our transmission exchanges? What we are doing is getting rid of your,'Has done its job — say that.'
b85a77bcbe5f73cf,Service Knowledge,Trans,Closing Strategies 1,NEEDS NAME,5,31,low,**THE OXIDATION FACT** (preserved from existing Fluid Exchanges R5 Strong nugget). 'Transmission Fluid Exchanges help battle oxidation. An oxidizing transmission is a major problem,cite oxidation as the underlying mechanic
70dcd6e66ca86452,Service Knowledge,Trans,Closing Strategies 1,NEEDS NAME,5,32,low,**THE OXIDATION FACT** (preserved from existing Fluid Exchanges R5 Strong nugget). 'Transmission Fluid Exchanges help battle oxidation. An oxidizing transmission is a major problem,'Oxidation = problem waiting to happen.'
1535cd6506b8fcbb,Service Knowledge,Trans,Closing Strategies 1,NEEDS NAME,5,33,low,"**THE 'LIFETIME FLUID' MYTH — CRITICAL CUSTOMER-PROTECTION FACT.** BMW (ZF 8HP), Honda (5/6-speed automatics), and Toyota (6-speed automatics on Camry/RAV4/Highlander) all made 'li",lead with the lifetime-fluid myth on every BMW / Honda / Toyota customer
5cc42cb8c3b8a68d,Service Knowledge,Trans,Closing Strategies 1,NEEDS NAME,5,34,low,"**THE 'LIFETIME FLUID' MYTH — CRITICAL CUSTOMER-PROTECTION FACT.** BMW (ZF 8HP), Honda (5/6-speed automatics), and Toyota (6-speed automatics on Camry/RAV4/Highlander) all made 'li","'Lifetime = warranty period, not forever. Real fluid degrades.'"
8cfcb50148e22984,Service Knowledge,Trans,Closing Strategies 2,NEEDS NAME,6,35,low,"**FLUID-TYPE COMPATIBILITY — DO NOT SUBSTITUTE.** Modern transmissions use four broadly different fluid families that are NOT interchangeable: (1) Conventional ATF (Mercon LV, Dexr",identify the fluid family before pitching
09e5f250e49c9715,Service Knowledge,Trans,Closing Strategies 2,NEEDS NAME,6,36,low,"**FLUID-TYPE COMPATIBILITY — DO NOT SUBSTITUTE.** Modern transmissions use four broadly different fluid families that are NOT interchangeable: (1) Conventional ATF (Mercon LV, Dexr",'Four different fluid families. Wrong = damage. Match what came in the vehicle.'
06506fcac7ca7cd8,Service Knowledge,Trans,Closing Strategies 2,NEEDS NAME,6,37,low,"MOC Products 30,000-mile warranty close on vehicles under 100,000 miles. Per existing platform Elite-tier coaching: 'For any vehicle with fewer than 100,000 miles, a customer that ",surface the 30K warranty as part of the value on under-100K vehicles
7bf4cc3ddf1ba92c,Service Knowledge,Trans,Closing Strategies 2,NEEDS NAME,6,38,low,"MOC Products 30,000-mile warranty close on vehicles under 100,000 miles. Per existing platform Elite-tier coaching: 'For any vehicle with fewer than 100,000 miles, a customer that ","'Transmission service comes with a 30,000-mile warranty.'"
edb332c6d277046e,Service Knowledge,Trans,Closing Strategies 2,NEEDS NAME,6,39,low,"**CVT APPLICATIONS NEED MORE FREQUENT SERVICE, NOT LESS** — and this is settled territory in the industry. **Nissan's class-action settlement covering 2003-2010 CVT applications an",identify CVT customers before pitching
32a2d842271f0d1d,Service Knowledge,Trans,Closing Strategies 2,NEEDS NAME,6,40,low,"**CVT APPLICATIONS NEED MORE FREQUENT SERVICE, NOT LESS** — and this is settled territory in the industry. **Nissan's class-action settlement covering 2003-2010 CVT applications an","'CVT = MORE often, not less. The industry knows this.'"
fd766c46fd487f27,Service Knowledge,Trans,Closing Strategies 2,NEEDS NAME,6,41,low,EVs do NOT have traditional transmissions — single-speed reduction gearboxes use specialized e-axle fluid with much longer service intervals (typically near-lifetime fill). Ford Ma,clean honest answer for EV customers
68708309788b2bbc,Service Knowledge,Trans,Closing Strategies 2,NEEDS NAME,6,42,low,EVs do NOT have traditional transmissions — single-speed reduction gearboxes use specialized e-axle fluid with much longer service intervals (typically near-lifetime fill). Ford Ma,'EVs don't have traditional transmissions. Different service.'
d66f62fa14c204f9,Service Knowledge,Trans,Closing Strategies 3,NEEDS NAME,7,43,low,Position: **MOST COMPREHENSIVE TRANSMISSION FLUID LINEUP IN THE DEALERSHIP SERVICE MARKET — 11 PRODUCTS** covering every modern transmission type. From conventional ATF to low-visc,distinguish MOC Products from Motorcraft
015d495dec3cdd34,Service Knowledge,Trans,Closing Strategies 3,NEEDS NAME,7,44,low,Position: **MOST COMPREHENSIVE TRANSMISSION FLUID LINEUP IN THE DEALERSHIP SERVICE MARKET — 11 PRODUCTS** covering every modern transmission type. From conventional ATF to low-visc,'MOC = chemistry brand from Pacoima. Motorcraft = Ford OE.'
c49e429a939a890e,Service Knowledge,Trans,Closing Strategies 3,NEEDS NAME,7,45,low,"**Multi-Vehicle Synthetic ATF (PN 0411, 1 gal / 3 gal / 55 gal drum).** Special blend of fully synthetic base oils with multi-functional additive system for virtually all passenger",'Multi-Vehicle ATF PN 0411 = standard automatic.'
421d0cfa6e97ea63,Service Knowledge,Trans,Closing Strategies 3,NEEDS NAME,7,46,low,"**Premium Synthetic ATF-LV (PN 0413, 1 gal / 3 gal).** Special blend for newer 'low viscosity' ATF applications. Highly resistant to shearing, oxidation and thermal breakdown. Cond",viscosity application
e59f48c38a3ac7e8,Service Knowledge,Trans,Closing Strategies 3,NEEDS NAME,7,47,low,"**Premium Synthetic ATF-LV (PN 0413, 1 gal / 3 gal).** Special blend for newer 'low viscosity' ATF applications. Highly resistant to shearing, oxidation and thermal breakdown. Cond",'ATF-LV PN 0413 = newer LV applications.'
6e0112ba4dd51a47,Service Knowledge,Trans,Closing Strategies 3,NEEDS NAME,7,48,low,"**Multi-Vehicle Synthetic ATF-Blue (PN 0420, 1 gal / 3 gal).** Special blend of fully-synthetic base oils for newer 'low-viscosity' fluid applications. **COMPATIBLE WITH MAZDA FZ T",cite PN 0420 as Mazda FZ alternative
9fe32692a531887a,Service Knowledge,Trans,Closing Strategies 3,NEEDS NAME,7,49,low,"**Multi-Vehicle Synthetic ATF-Blue (PN 0420, 1 gal / 3 gal).** Special blend of fully-synthetic base oils for newer 'low-viscosity' fluid applications. **COMPATIBLE WITH MAZDA FZ T",'ATF-Blue PN 0420 = Mazda FZ alternative.'
d034481e9c9f4ad3,Service Knowledge,Trans,Closing Strategies 3,NEEDS NAME,7,50,low,"**Synthetic ATF HP (Red, PN 0421, 1 qt / 1 gal) + Synthetic ATF HP Clear (PN 0447, 1 gal).** Advanced lubricant for high-performance or 8/9/10-speed transmissions. Maximum high & l",cite ATF HP for 8/9/10-speed applications
0ecb668ea31eaf30,Service Knowledge,Trans,Closing Strategies 4,NEEDS NAME,8,51,low,"**Synthetic ATF HP (Red, PN 0421, 1 qt / 1 gal) + Synthetic ATF HP Clear (PN 0447, 1 gal).** Advanced lubricant for high-performance or 8/9/10-speed transmissions. Maximum high & l","'ATF HP PN 0421/0447 = covers GM HP/ULV, Honda 2.0, Mopar 8/9-speed, Mercon ULV.'"
969d3c562f34e606,Service Knowledge,Trans,Closing Strategies 4,NEEDS NAME,8,52,low,"**Synthetic DCT Fluid (PN 0426, 1 qt).** Advanced lubricant for wet dual-clutch transmissions (DCT) and direct-shift gearboxes (DSG). Maximum shear stability, oxidation resistance,","cite DCT Fluid for VW DSG, BMW DCT, Mercedes DCT, Hyundai DCT applications"
e0bdc5b4ee37f0d0,Service Knowledge,Trans,Closing Strategies 4,NEEDS NAME,8,53,low,"**Synthetic DCT Fluid (PN 0426, 1 qt).** Advanced lubricant for wet dual-clutch transmissions (DCT) and direct-shift gearboxes (DSG). Maximum shear stability, oxidation resistance,",'DCT Fluid PN 0426 = covers Audi/BMW/Mercedes/VW/Hyundai DCT-DSG.'
9c1fd167429f4d0c,Service Knowledge,Trans,Closing Strategies 4,NEEDS NAME,8,54,low,"**Multi-Vehicle Synthetic CVT Fluid (PN 0417, 1 qt / 1 gal / 5 qt) — THE CVT INVENTORY CHAMPION.** Premium blend for chain and belt-type CVT systems. Optimal metal-to-metal frictio",cite CVT Fluid as the inventory champion
55b6a7e122d2c024,Service Knowledge,Trans,Closing Strategies 4,NEEDS NAME,8,55,low,"**Multi-Vehicle Synthetic CVT Fluid (PN 0417, 1 qt / 1 gal / 5 qt) — THE CVT INVENTORY CHAMPION.** Premium blend for chain and belt-type CVT systems. Optimal metal-to-metal frictio",'CVT Fluid PN 0417 = covers virtually every CVT in the market.'
7816e1e7c75b07ab,Service Knowledge,Trans,Closing Strategies 4,NEEDS NAME,8,56,low,"**MTF Manual Transmission Fluid (PN 0429, 32 oz).** Full synthetic SAE 75W-90 GL-4 gear oil for manual transmissions and transaxles. Excellent low-temperature fluidity, extreme-pre","'MTF PN 0429 = manual transmissions, GL-4.'"
9332be4a8e1c2682,Service Knowledge,Trans,Closing Strategies 4,NEEDS NAME,8,57,low,"**Premium Synthetic ATF (Red, PN 0611, 1 gal / 3 gal).** Multi-vehicle ATF with stringent anti-shudder capability. **SUITABLE FOR: Ford, General Motors, Chrysler ATF+4, Allison C4,","'Premium Synthetic ATF PN 0611 = anti-shudder, broad OEM coverage.'"
024ff5e5bf52e5ed,Service Knowledge,Trans,Closing Strategies 4,NEEDS NAME,8,58,low,"**SHYFT Premium ATF Treatment (PN 0446, 11 oz).** Concentrated conditioner to fortify and extend ATF service life. Improves fluid oxidation stability, conditions seals to prevent l","'SHYFT PN 0446 = post-service treatment, shudder protection.'"
9e39f7274b7c1753,Service Knowledge,Trans,Closing Strategies 5,NEEDS NAME,9,59,low,"**ATF Conditioner (PN 0103, 8 oz).** Special detergent package to fortify ATF against oxidation, acid formation, and thermal breakdown. Synthetic base oils, shear-resistant viscosi",'ATF Conditioner PN 0103 = between services.'
71f32533e6186ee5,Service Knowledge,Trans,Closing Strategies 5,NEEDS NAME,9,60,low,**MOC ATF Fluid Exchanger (#94500) + ATF Cleaner/Supplement Kit (#01941).** The closed-loop machine and procedural ecosystem that performs 100% transmission fluid replacement (vs 5,cite the equipment-and-ecosystem framing
254143fe0cc4fe57,Service Knowledge,Trans,Closing Strategies 5,NEEDS NAME,9,61,low,**MOC ATF Fluid Exchanger (#94500) + ATF Cleaner/Supplement Kit (#01941).** The closed-loop machine and procedural ecosystem that performs 100% transmission fluid replacement (vs 5,'MOC = full ecosystem. Equipment + chemistry + training + warranty.'
1c2b25db65e6c1af,Service Knowledge,Trans,Closing Strategies 5,NEEDS NAME,9,62,low,Strategy 1: The 'Has Done Its Job' Word Track. Don't say 'broken transmission fluid' or 'bad fluid' — say 'old fluid that has done its job.' Mitch's anchor opening: 'Are you famili,standard opening on every transmission pitch
18c83f824901dbf3,Service Knowledge,Trans,Closing Strategies 5,NEEDS NAME,9,63,low,Strategy 1: The 'Has Done Its Job' Word Track. Don't say 'broken transmission fluid' or 'bad fluid' — say 'old fluid that has done its job.' Mitch's anchor opening: 'Are you famili,'Has done its job — say that.'
c8a066be32e8a3b7,Service Knowledge,Trans,Closing Strategies 5,NEEDS NAME,9,64,low,"Strategy 2: The Lifetime Fluid Myth Breaker. When customer says 'I was told this is lifetime fluid,' respond honestly: 'That term means the fluid will last as long as the manufactu",master the lifetime-fluid response
ccffb97a980c5d00,Service Knowledge,Trans,Closing Strategies 5,NEEDS NAME,9,65,low,"Strategy 2: The Lifetime Fluid Myth Breaker. When customer says 'I was told this is lifetime fluid,' respond honestly: 'That term means the fluid will last as long as the manufactu","'Lifetime = warranty period, not forever. Real fluid degrades.'"
495e526845c2a4ca,Service Knowledge,Trans,Closing Strategies 5,NEEDS NAME,9,66,low,"Strategy 3: The CVT-Specific Conversation. For Nissan, Subaru, Honda, Toyota, Hyundai/Kia, Mitsubishi customers with CVT applications: lead with 'CVT transmissions need MORE freque",identify CVT customers; lead with class-action history
095a8ad04c4ac66a,Service Knowledge,Trans,Closing Strategies 6,NEEDS NAME,10,67,low,"Strategy 3: The CVT-Specific Conversation. For Nissan, Subaru, Honda, Toyota, Hyundai/Kia, Mitsubishi customers with CVT applications: lead with 'CVT transmissions need MORE freque","'CVT = MORE often, not less. Industry acknowledged this.'"
bc538a4729e5269f,Service Knowledge,Trans,Closing Strategies 6,NEEDS NAME,10,68,low,"Strategy 4: The Dollar-Prevention Close. 'Transmission fluid service runs $200-400. Transmission failure runs $3,000-8,000 — sometimes more on CVT and DCT applications. This is the",cite dollar comparison explicitly
67ff8cd6503b7b90,Service Knowledge,Trans,Closing Strategies 6,NEEDS NAME,10,69,low,"Strategy 4: The Dollar-Prevention Close. 'Transmission fluid service runs $200-400. Transmission failure runs $3,000-8,000 — sometimes more on CVT and DCT applications. This is the","'$300 now or $5,000+ later.'"
fded9e9a178c365b,Service Knowledge,Trans,Closing Strategies 6,NEEDS NAME,10,70,low,"Strategy 5: The Visual Sell — Pull the Dipstick. On applications where a transmission dipstick is accessible, pull it during inspection. Degraded ATF looks DRAMATICALLY different f",'Pull the stick. Photo. Send it.'
7c6fbad9dd7cdb96,Service Knowledge,Trans,Closing Strategies 6,NEEDS NAME,10,71,low,"Strategy 6: The MOC 30K Warranty Close (All-Tier on Under-100K Vehicles). Per Mitch's all-tier instruction — every advisor surfaces the MOC 30,000-mile warranty on every transmissi",surface the 30K warranty on every conversation
bbc8e96b10a70b18,Service Knowledge,Trans,Closing Strategies 6,NEEDS NAME,10,72,low,"Strategy 6: The MOC 30K Warranty Close (All-Tier on Under-100K Vehicles). Per Mitch's all-tier instruction — every advisor surfaces the MOC 30,000-mile warranty on every transmissi","'30,000-mile warranty — say that.'"
8e957e316b39a477,Service Knowledge,Trans,Closing Strategies 6,NEEDS NAME,10,73,low,Transmission service has UNIVERSAL industry agreement on the core principles — but the OEM and chemical company positions diverge sharply on cadence and the 'lifetime fluid' questi,cite the universal-agreement-with-cadence-divergence framing
5fb67e8d6baafbe3,Service Knowledge,Trans,Closing Strategies 6,NEEDS NAME,10,74,low,Transmission service has UNIVERSAL industry agreement on the core principles — but the OEM and chemical company positions diverge sharply on cadence and the 'lifetime fluid' questi,'Universal agreement on need. Disagreement on cadence.'
7e4320c795fc844f,Service Knowledge,Trans,Closing Strategies 7,NEEDS NAME,11,75,low,"**THE 'LIFETIME FLUID' MYTH HAS BEEN WALKED BACK.** BMW, Honda, and Toyota all made claims on certain transmissions that have proven problematic — periodic fluid exchange extends t",master the lifetime-fluid framing
e02bcd2005e59b91,Service Knowledge,Trans,Closing Strategies 7,NEEDS NAME,11,76,low,"**THE 'LIFETIME FLUID' MYTH HAS BEEN WALKED BACK.** BMW, Honda, and Toyota all made claims on certain transmissions that have proven problematic — periodic fluid exchange extends t","'Lifetime = warranty period, not forever.'"
c1b1981caa34c016,Service Knowledge,Trans,Closing Strategies 7,NEEDS NAME,11,77,low,"**CVT, DCT, AND DSG APPLICATIONS NEED MORE FREQUENT SERVICE, NOT LESS.** Nissan's class-action settlement and Subaru's CVT extended warranty both acknowledge this reality. Honda HC",distinguish CVT/DCT/DSG from conventional automatic
cf7d1c2dda506a62,Service Knowledge,Trans,Closing Strategies 7,NEEDS NAME,11,78,low,"**CVT, DCT, AND DSG APPLICATIONS NEED MORE FREQUENT SERVICE, NOT LESS.** Nissan's class-action settlement and Subaru's CVT extended warranty both acknowledge this reality. Honda HC",'CVT/DCT/DSG = more often. Not the same as automatic.'
499ea9eaf97c951c,Service Knowledge,Trans,Closing Strategies 7,NEEDS NAME,11,79,low,Practical guidance summary. **Inspect fluid condition at every oil change** — pull the dipstick (when accessible) or check service ports; fluid condition changes are visible. **Use,master the six-step framework
66bb1d8b39e9f0fc,Service Knowledge,Trans,Closing Strategies 7,NEEDS NAME,11,80,low,Practical guidance summary. **Inspect fluid condition at every oil change** — pull the dipstick (when accessible) or check service ports; fluid condition changes are visible. **Use,'Inspect / show / dollar-prevent / right fluid / lifetime-myth / CVT-DCT-DSG more often.'
2c80d97454ef264d,Service Knowledge,Trans,Closing Strategies 7,NEEDS NAME,11,81,low,Position transmission service as INEXPENSIVE INSURANCE vs the cost of transmission replacement after fluid neglect. **Transmission service has the most dramatic dollar-prevention m,"position as insurance, not maintenance"
5945418579931f60,Service Knowledge,Trans,Closing Strategies 7,NEEDS NAME,11,82,low,Position transmission service as INEXPENSIVE INSURANCE vs the cost of transmission replacement after fluid neglect. **Transmission service has the most dramatic dollar-prevention m,'Most dramatic insurance close in your service drive.'
