ef53e68977118e5a	Foundations	Active Delivery	Knowledge Notes 1	needs_name	1	1
2778eaa201d0424f	Foundations	Active Delivery	Knowledge Notes 1	needs_name	1	2
ca2d8937eef4d47e	Foundations	Active Delivery	Knowledge Notes 1	needs_name	1	3
7dfad4710a853d78	Foundations	Active Delivery	Knowledge Notes 1	needs_name	1	4
36e5ab82af6a2e1e	Foundations	Active Delivery	Knowledge Notes 1	needs_name	1	5
e23441cf9bab60fe	Foundations	Active Delivery	Knowledge Notes 1	needs_name	1	6
950dc92939577cf8	Foundations	Active Delivery	Knowledge Notes 1	needs_name	1	7
f5bea8f8b6e024b3	Foundations	Active Delivery	Knowledge Notes 1	needs_name	1	8
0dd522117a3bb5e7	Foundations	Active Delivery	Knowledge Notes 2	needs_name	2	9
38ed145703e03378	Foundations	Active Delivery	Knowledge Notes 2	needs_name	2	10
cee0cdc1bef185f9	Foundations	Active Delivery	Knowledge Notes 2	needs_name	2	11
7708333d22aaeb30	Foundations	Active Delivery	Knowledge Notes 2	needs_name	2	12
5ba977d5efd28e56	Foundations	Active Delivery	Knowledge Notes 2	needs_name	2	13
1ff684e85b0b5ccc	Foundations	Active Delivery	Knowledge Notes 2	needs_name	2	14
313e40329cec5fbb	Foundations	Active Delivery	Knowledge Notes 2	needs_name	2	15
70956d69464b3461	Foundations	Active Delivery	Knowledge Notes 2	needs_name	2	16
8694d40087765086	Foundations	Active Delivery	Knowledge Notes 3	needs_name	3	17
d271d15242a35633	Foundations	Active Delivery	Knowledge Notes 3	needs_name	3	18
15ccf0ccae1950cb	Foundations	Active Delivery	Knowledge Notes 3	needs_name	3	19
4ddc862a75266167	Foundations	Active Delivery	Knowledge Notes 3	needs_name	3	20
ae42ad1e8b712033	Foundations	Active Delivery	Knowledge Notes 3	needs_name	3	21
e88c79f3b69f1ad2	Foundations	Active Delivery	Knowledge Notes 3	needs_name	3	22
795976d43488ba8c	Foundations	Active Delivery	Knowledge Notes 3	needs_name	3	23
0175a688ba48e81f	Foundations	Active Delivery	Knowledge Notes 3	needs_name	3	24
3cc91396c83616d7	Foundations	Active Delivery	Knowledge Notes 4	needs_name	4	25
ddcead462b74c7bf	Foundations	Active Delivery	Knowledge Notes 4	needs_name	4	26
3f4bac18dc1ebb13	Foundations	Active Delivery	Knowledge Notes 4	needs_name	4	27
f1ec77e6a3155228	Foundations	Active Delivery	Knowledge Notes 4	needs_name	4	28
0da934529a9bdb9c	Foundations	Everyday Touchpoints	Knowledge Notes 1	needs_name	1	1
6825d8db2cef892c	Foundations	Everyday Touchpoints	Knowledge Notes 1	needs_name	1	2
a56052a8adc2952b	Foundations	Everyday Touchpoints	Knowledge Notes 1	needs_name	1	3
e161c066a8443d0f	Foundations	Everyday Touchpoints	Knowledge Notes 1	needs_name	1	4
3469795e98c855c1	Foundations	Everyday Touchpoints	Knowledge Notes 1	needs_name	1	5
4e5accffd07dc5c4	Foundations	Everyday Touchpoints	Knowledge Notes 1	needs_name	1	6
92b4713d33fc963a	Foundations	Everyday Touchpoints	Knowledge Notes 1	needs_name	1	7
c88b63dcea9890a0	Foundations	Everyday Touchpoints	Knowledge Notes 1	needs_name	1	8
52f76fd5718ca2f2	Foundations	Everyday Touchpoints	Knowledge Notes 2	needs_name	2	9
2ef3979c8202167e	Foundations	Everyday Touchpoints	Knowledge Notes 2	needs_name	2	10
c5bcae88f40baa01	Foundations	Goals & Goal Setting	Knowledge Notes 1	needs_name	1	1
9fcbedda08b19b26	Foundations	Goals & Goal Setting	Knowledge Notes 1	needs_name	1	2
51bfc70a83cb4553	Foundations	Goals & Goal Setting	Knowledge Notes 1	needs_name	1	3
6cd5471ffc360ed6	Foundations	Goals & Goal Setting	Knowledge Notes 1	needs_name	1	4
d4bedc923d033912	Foundations	Goals & Goal Setting	Knowledge Notes 1	needs_name	1	5
c41e19afdb7a22b2	Foundations	Goals & Goal Setting	Knowledge Notes 1	needs_name	1	6
3901dc96ea905dab	Foundations	Goals & Goal Setting	Knowledge Notes 1	needs_name	1	7
cd6977cdbad76b45	Foundations	Goals & Goal Setting	Knowledge Notes 1	needs_name	1	8
7af2174bdb88d5fd	Foundations	Goals & Goal Setting	Knowledge Notes 2	needs_name	2	9
2b4095270a21da43	Foundations	Goals & Goal Setting	Knowledge Notes 2	needs_name	2	10
f35ca14eb7582086	Foundations	Goals & Goal Setting	Knowledge Notes 2	needs_name	2	11
bae56240489076d4	Foundations	Goals & Goal Setting	Knowledge Notes 2	needs_name	2	12
a04e6fb3ce2664b2	Foundations	Goals & Goal Setting	Knowledge Notes 2	needs_name	2	13
2e479abd41a0a31e	Foundations	Goals & Goal Setting	Knowledge Notes 2	needs_name	2	14
952bebfee0a4b965	Foundations	Goals & Goal Setting	Knowledge Notes 2	needs_name	2	15
956d115e7fb5de6a	Foundations	Goals & Goal Setting	Knowledge Notes 2	needs_name	2	16
dc211c995809c338	Foundations	Goals & Goal Setting	Knowledge Notes 3	needs_name	3	17
0b1d1beb4e718e4b	Foundations	Goals & Goal Setting	Knowledge Notes 3	needs_name	3	18
3cc2d7e1437794a3	Foundations	Goals & Goal Setting	Knowledge Notes 3	needs_name	3	19
dd7b5171bea7276b	Foundations	Goals & Goal Setting	Knowledge Notes 3	needs_name	3	20
9fef4cd152a8fe1c	Foundations	Goals & Goal Setting	Knowledge Notes 3	needs_name	3	21
869606136b803d24	Foundations	Goals & Goal Setting	Knowledge Notes 3	needs_name	3	22
b7f56a364c3b3b10	Foundations	Goals & Goal Setting	Knowledge Notes 3	needs_name	3	23
01383ac2c6e14232	Foundations	Goals & Goal Setting	Closing Strategies	needs_name	4	24
d3f1b0054cab748d	Foundations	Goals & Goal Setting	Closing Strategies	needs_name	4	25
351d1b7565587aeb	Foundations	Language That Sells	Knowledge Notes 1	needs_name	1	1
295c404a3ba1cf66	Foundations	Language That Sells	Knowledge Notes 1	needs_name	1	2
47bec41bc6e2436b	Foundations	Language That Sells	Knowledge Notes 1	needs_name	1	3
908af1c243d267ab	Foundations	Language That Sells	Knowledge Notes 1	needs_name	1	4
42391d73e2526794	Foundations	Language That Sells	Knowledge Notes 1	needs_name	1	5
a30a88d193513686	Foundations	Language That Sells	Knowledge Notes 1	needs_name	1	6
9d346ac70ff210bd	Foundations	Language That Sells	Knowledge Notes 1	needs_name	1	7
e72a897be7288d47	Foundations	Language That Sells	Knowledge Notes 1	needs_name	1	8
b774ebeb2533991d	Foundations	Language That Sells	Knowledge Notes 2	needs_name	2	9
19a53de6a3aa431a	Foundations	Language That Sells	Knowledge Notes 2	needs_name	2	10
42434f271b3e4d11	Foundations	Language That Sells	Knowledge Notes 2	needs_name	2	11
1c03da8b1869d49a	Foundations	Language That Sells	Knowledge Notes 2	needs_name	2	12
aed5df7f287becf4	Foundations	Language That Sells	Knowledge Notes 2	needs_name	2	13
4cdcb0392772a59b	Foundations	Language That Sells	Knowledge Notes 2	needs_name	2	14
378a0d9d8cba9c85	Foundations	Language That Sells	Knowledge Notes 2	needs_name	2	15
43acc07619ba14a6	Foundations	Language That Sells	Knowledge Notes 2	needs_name	2	16
f642dfda2cb8bf14	Foundations	Language That Sells	Knowledge Notes 3	needs_name	3	17
270557ca37fc405d	Foundations	Language That Sells	Knowledge Notes 3	needs_name	3	18
be25d924038de476	Foundations	Language That Sells	Knowledge Notes 3	needs_name	3	19
55c7d18450c97495	Foundations	Language That Sells	Knowledge Notes 3	needs_name	3	20
7a80211c67a5d20a	Foundations	Language That Sells	Knowledge Notes 3	needs_name	3	21
c854e7a32775a5cb	Foundations	Language That Sells	Knowledge Notes 3	needs_name	3	22
d9e5e4e22a08917e	Foundations	Language That Sells	Knowledge Notes 3	needs_name	3	23
d2d6320ee88d8a93	Foundations	Language That Sells	Knowledge Notes 3	needs_name	3	24
47157e81f907de8c	Foundations	Language That Sells	Knowledge Notes 4	needs_name	4	25
19172e116153ae1a	Foundations	Language That Sells	Knowledge Notes 4	needs_name	4	26
3536bd59e02cc385	Foundations	Language That Sells	Knowledge Notes 4	needs_name	4	27
59903e1892d579b2	Foundations	Language That Sells	Knowledge Notes 4	needs_name	4	28
f635b4e6b1b8ee84	Foundations	Language That Sells	Knowledge Notes 4	needs_name	4	29
68b93ae272e3475e	Foundations	Language That Sells	Knowledge Notes 4	needs_name	4	30
05b3bd0fb2a9ca40	Foundations	Language That Sells	Knowledge Notes 4	needs_name	4	31
7b8bba7b0bc7ceb4	Foundations	Language That Sells	Knowledge Notes 4	needs_name	4	32
5cc555bfd66d6ba0	Foundations	Language That Sells	Knowledge Notes 5	needs_name	5	33
243f3e62bfd1f0c5	Foundations	Language That Sells	Knowledge Notes 5	needs_name	5	34
a7aeba1f1e99e08d	Foundations	Language That Sells	Knowledge Notes 5	needs_name	5	35
cd3d6e78a50f754e	Foundations	Language That Sells	Knowledge Notes 5	needs_name	5	36
291582e5b1a7048f	Foundations	Language That Sells	Knowledge Notes 5	needs_name	5	37
0e8c12392c602131	Foundations	Language That Sells	Knowledge Notes 5	needs_name	5	38
bacc9e33fbc5a8b1	Foundations	Language That Sells	Knowledge Notes 5	needs_name	5	39
4f5d715cf7f75d7a	Foundations	Language That Sells	Knowledge Notes 5	needs_name	5	40
33ac5133543a03d0	Foundations	Language That Sells	Knowledge Notes 6	needs_name	6	41
c453cb468f9ef8f4	Foundations	Language That Sells	Knowledge Notes 6	needs_name	6	42
aa599729479f568f	Foundations	Language That Sells	Knowledge Notes 6	needs_name	6	43
923e69a4d91505c9	Foundations	Language That Sells	Knowledge Notes 6	needs_name	6	44
d4dddaeb520741e7	Foundations	Language That Sells	Knowledge Notes 6	needs_name	6	45
fc7d38e32eccfb8b	Foundations	Language That Sells	Closing Strategies	needs_name	7	46
753e95727b3dcc14	Foundations	Language That Sells	Closing Strategies	needs_name	7	47
aec1ccdba46b9a39	Foundations	Language That Sells	Closing Strategies	needs_name	7	48
92634b2e5cf5c973	Foundations	Language That Sells	Closing Strategies	needs_name	7	49
cc47b4ce02197618	Foundations	Language That Sells	Closing Strategies	needs_name	7	50
9f0a098fd34702f2	Foundations	Language That Sells	Closing Strategies	needs_name	7	51
c4306192d7b1e86c	Foundations	Mindset & Philosophy	Knowledge Notes 1	needs_name	1	1
2c0362004e57479c	Foundations	Mindset & Philosophy	Knowledge Notes 1	needs_name	1	2
76c1f62434a83b3c	Foundations	Mindset & Philosophy	Knowledge Notes 1	needs_name	1	3
41c605e223d50487	Foundations	Mindset & Philosophy	Knowledge Notes 1	needs_name	1	4
f52c8682cf65c4d0	Foundations	Mindset & Philosophy	Knowledge Notes 1	needs_name	1	5
5470bc4f6326d42d	Foundations	Mindset & Philosophy	Knowledge Notes 1	needs_name	1	6
ef59a2b5b57c529a	Foundations	Mindset & Philosophy	Knowledge Notes 1	needs_name	1	7
cecde01c285a5c72	Foundations	Mindset & Philosophy	Knowledge Notes 1	needs_name	1	8
2ebbb4c609730ef4	Foundations	Mindset & Philosophy	Knowledge Notes 2	needs_name	2	9
c0194d061b1244b4	Foundations	Mindset & Philosophy	Knowledge Notes 2	needs_name	2	10
6fc02f441ee23b34	Foundations	Mindset & Philosophy	Knowledge Notes 2	needs_name	2	11
1dae677c9d40a8f8	Foundations	Mindset & Philosophy	Knowledge Notes 2	needs_name	2	12
a44864906e6c66ef	Foundations	Mindset & Philosophy	Knowledge Notes 2	needs_name	2	13
3e7ec796b4fe412d	Foundations	Mindset & Philosophy	Knowledge Notes 2	needs_name	2	14
b614411fdc9cfe5f	Foundations	Mindset & Philosophy	Knowledge Notes 2	needs_name	2	15
4845ed36aa654fc9	Foundations	Mindset & Philosophy	Knowledge Notes 2	needs_name	2	16
0bb49ecb6850e910	Foundations	Mindset & Philosophy	Knowledge Notes 3	needs_name	3	17
10c8b29ee3636620	Foundations	Mindset & Philosophy	Knowledge Notes 3	needs_name	3	18
3b67f403dc93e812	Foundations	Mindset & Philosophy	Knowledge Notes 3	needs_name	3	19
b6a20697b882d4de	Foundations	Mindset & Philosophy	Knowledge Notes 3	needs_name	3	20
22d7e7a16e5d1325	Foundations	Mindset & Philosophy	Knowledge Notes 3	needs_name	3	21
e56b33bde4f32f3f	Foundations	Mindset & Philosophy	Knowledge Notes 3	needs_name	3	22
ae45253cbcf93c65	Foundations	Mindset & Philosophy	Knowledge Notes 3	needs_name	3	23
531620de26f02fb3	Foundations	Mindset & Philosophy	Knowledge Notes 3	needs_name	3	24
905d1ae35bf99885	Foundations	Mindset & Philosophy	Knowledge Notes 4	needs_name	4	25
bbfc0cd17ca59e11	Foundations	Mindset & Philosophy	Knowledge Notes 4	needs_name	4	26
ad82abf3f0c873f8	Foundations	Mindset & Philosophy	Knowledge Notes 4	needs_name	4	27
108e5a23e779aea6	Foundations	Mindset & Philosophy	Knowledge Notes 4	needs_name	4	28
8b345c0f3a50591a	Foundations	Mindset & Philosophy	Knowledge Notes 4	needs_name	4	29
f5a33a02bca9fc99	Foundations	Mindset & Philosophy	Knowledge Notes 4	needs_name	4	30
9fb491f85c731d3b	Foundations	Mindset & Philosophy	Knowledge Notes 4	needs_name	4	31
cbce853f5170a51a	Foundations	Mindset & Philosophy	Knowledge Notes 4	needs_name	4	32
ab79b49984815c6c	Foundations	Mindset & Philosophy	Knowledge Notes 5	needs_name	5	33
cb9bbbe7c66fb340	Foundations	Mindset & Philosophy	Knowledge Notes 5	needs_name	5	34
5e71880387b6ca0c	Foundations	Mindset & Philosophy	Knowledge Notes 5	needs_name	5	35
e1ad96867644d865	Foundations	Mindset & Philosophy	Knowledge Notes 5	needs_name	5	36
a8575df99de926f8	Foundations	Mindset & Philosophy	Knowledge Notes 5	needs_name	5	37
a30959c272443888	Foundations	Mindset & Philosophy	Knowledge Notes 5	needs_name	5	38
d8f64600c5f03d53	Foundations	Mindset & Philosophy	Knowledge Notes 5	needs_name	5	39
2fff16accde39bf6	Foundations	Mindset & Philosophy	Knowledge Notes 5	needs_name	5	40
6b507b38bf53229c	Foundations	Mindset & Philosophy	Knowledge Notes 6	needs_name	6	41
73cf90e3507812d4	Foundations	Mindset & Philosophy	Knowledge Notes 6	needs_name	6	42
4352102e4ef41dba	Foundations	Mindset & Philosophy	Knowledge Notes 6	needs_name	6	43
b857e4b334b9c12a	Foundations	Mindset & Philosophy	Knowledge Notes 6	needs_name	6	44
9e5d673c5ff32568	Foundations	Mindset & Philosophy	Knowledge Notes 6	needs_name	6	45
9bfb651f994a0b0e	Foundations	Mindset & Philosophy	Knowledge Notes 6	needs_name	6	46
2f82d427e60767a6	Foundations	Mindset & Philosophy	Knowledge Notes 6	needs_name	6	47
417487230f6d69d8	Foundations	Mindset & Philosophy	Knowledge Notes 6	needs_name	6	48
f7110e69a72ff1fe	Foundations	Mindset & Philosophy	Knowledge Notes 7	needs_name	7	49
f9b2906873eb51dc	Foundations	Mindset & Philosophy	Knowledge Notes 7	needs_name	7	50
305ebab2de611f79	Foundations	Mindset & Philosophy	Knowledge Notes 7	needs_name	7	51
ae56e7e7ce296d16	Foundations	Mindset & Philosophy	Knowledge Notes 7	needs_name	7	52
e88921fac0d58ce0	Foundations	Mindset & Philosophy	Knowledge Notes 7	needs_name	7	53
02db2311396fe07d	Foundations	Mindset & Philosophy	Knowledge Notes 7	needs_name	7	54
5595c32c41a89271	Foundations	Mindset & Philosophy	Knowledge Notes 7	needs_name	7	55
95f63445aeb33988	Foundations	Mindset & Philosophy	Knowledge Notes 7	needs_name	7	56
de7bee1ae2b26296	Foundations	Mindset & Philosophy	Knowledge Notes 8	needs_name	8	57
7b668fb918f31af6	Foundations	Mindset & Philosophy	Knowledge Notes 8	needs_name	8	58
3ab69ee089436e66	Foundations	Mindset & Philosophy	Knowledge Notes 8	needs_name	8	59
eb394d3f67b1ddd3	Foundations	Mindset & Philosophy	Knowledge Notes 8	needs_name	8	60
31329991a244bb37	Foundations	Mindset & Philosophy	Knowledge Notes 8	needs_name	8	61
001dd1708a3ac968	Foundations	Mindset & Philosophy	Knowledge Notes 8	needs_name	8	62
9d4b34390a79e6e7	Foundations	Mindset & Philosophy	Knowledge Notes 8	needs_name	8	63
6bfd84230032a70b	Foundations	Mindset & Philosophy	Knowledge Notes 8	needs_name	8	64
b4acc767e7dca9a4	Foundations	Mindset & Philosophy	Knowledge Notes 9	needs_name	9	65
c94105842de2f2c4	Foundations	Mindset & Philosophy	Knowledge Notes 9	needs_name	9	66
e0e14f2f34e5af3a	Foundations	Mindset & Philosophy	Knowledge Notes 9	needs_name	9	67
975b1fdb133f6bf5	Foundations	Mindset & Philosophy	Knowledge Notes 9	needs_name	9	68
210e140fc0ab17b9	Foundations	Mindset & Philosophy	Knowledge Notes 9	needs_name	9	69
f243928b313bdc4c	Foundations	Mindset & Philosophy	Knowledge Notes 9	needs_name	9	70
d271524ce6d4558c	Foundations	Mindset & Philosophy	Knowledge Notes 9	needs_name	9	71
451b0009c2cfb2af	Foundations	Mindset & Philosophy	Knowledge Notes 9	needs_name	9	72
cf964e7b1f58d1ed	Foundations	Mindset & Philosophy	Knowledge Notes 10	needs_name	10	73
19e1c5624e0b80e7	Foundations	Mindset & Philosophy	Knowledge Notes 10	needs_name	10	74
17809da3cb91ffac	Foundations	Mindset & Philosophy	Knowledge Notes 10	needs_name	10	75
d4c132ebdba2ab51	Foundations	Mindset & Philosophy	Knowledge Notes 10	needs_name	10	76
b2845caf07b42683	Foundations	Mindset & Philosophy	Knowledge Notes 10	needs_name	10	77
c75cca28538d9a73	Foundations	Mindset & Philosophy	Knowledge Notes 10	needs_name	10	78
3a8630ca71a32230	Foundations	Mindset & Philosophy	Knowledge Notes 10	needs_name	10	79
b2fd69df7e16c904	Foundations	Mindset & Philosophy	Knowledge Notes 10	needs_name	10	80
ce3492b5c40f45d5	Foundations	Mindset & Philosophy	Knowledge Notes 11	needs_name	11	81
8601a1b62e0a49e7	Foundations	Mindset & Philosophy	Knowledge Notes 11	needs_name	11	82
873be1a3ec5cd0f3	Foundations	Mindset & Philosophy	Knowledge Notes 11	needs_name	11	83
cb5fd3157e46a7fa	Foundations	Mindset & Philosophy	Knowledge Notes 11	needs_name	11	84
02cb1943abb18597	Foundations	Mindset & Philosophy	Knowledge Notes 11	needs_name	11	85
1d3dec0190258dc9	Foundations	Mindset & Philosophy	Knowledge Notes 11	needs_name	11	86
7e335b2cb46076bd	Foundations	Mindset & Philosophy	Knowledge Notes 11	needs_name	11	87
f7818a21a5baa789	Foundations	Mindset & Philosophy	Knowledge Notes 11	needs_name	11	88
c4406c8a1bfe4e5d	Foundations	Mindset & Philosophy	Knowledge Notes 12	needs_name	12	89
069eb0dead414934	Foundations	Mindset & Philosophy	Knowledge Notes 12	needs_name	12	90
6bcda756415a0763	Foundations	Mindset & Philosophy	Knowledge Notes 12	needs_name	12	91
7cdfc696e38fe368	Foundations	Mindset & Philosophy	Knowledge Notes 12	needs_name	12	92
ac7f0b27e03b43c3	Foundations	Mindset & Philosophy	Knowledge Notes 12	needs_name	12	93
a1909047f1ff6272	Foundations	Mindset & Philosophy	Knowledge Notes 12	needs_name	12	94
c7548d220a34e54e	Foundations	Mindset & Philosophy	Knowledge Notes 12	needs_name	12	95
cdff8879943b6530	Foundations	Mindset & Philosophy	Closing Strategies	needs_name	13	96
bdd4d67fb865ef57	Foundations	Mindset & Philosophy	Closing Strategies	needs_name	13	97
0761dc42e1330da9	Foundations	Mindset & Philosophy	Closing Strategies	needs_name	13	98
f9f54c215d1dc924	Foundations	Mindset & Philosophy	Closing Strategies	needs_name	13	99
958abc7c175c215e	Foundations	Mindset & Philosophy	Closing Strategies	needs_name	13	100
a39d1918f52a0c5c	Foundations	Mindset & Philosophy	Closing Strategies	needs_name	13	101
acc51e3e2bcf1b19	Foundations	Mindset & Philosophy	Closing Strategies	needs_name	13	102
024c737981eec10f	Foundations	Mindset & Philosophy	Closing Strategies	needs_name	13	103
d954348783b01bc2	Foundations	Objection Handling	Knowledge Notes 1	needs_name	1	1
bffbbf710d0ecc39	Foundations	Objection Handling	Knowledge Notes 1	needs_name	1	2
98ef001c74e2db41	Foundations	Objection Handling	Knowledge Notes 1	needs_name	1	3
1692dd3f4c6b9607	Foundations	Objection Handling	Knowledge Notes 1	needs_name	1	4
ca70514ec8139e72	Foundations	Objection Handling	Knowledge Notes 1	needs_name	1	5
1f04b412d51999f0	Foundations	Objection Handling	Knowledge Notes 1	needs_name	1	6
d0f1792d7e7b3a37	Foundations	Objection Handling	Knowledge Notes 1	needs_name	1	7
6722959e3aa46412	Foundations	Objection Handling	Knowledge Notes 1	needs_name	1	8
384ddc7e61dd6186	Foundations	Objection Handling	Knowledge Notes 2	needs_name	2	9
3e9ca0c00d9ce047	Foundations	Objection Handling	Knowledge Notes 2	needs_name	2	10
e32ea827219bde97	Foundations	Objection Handling	Knowledge Notes 2	needs_name	2	11
953069f102830a23	Foundations	Objection Handling	Knowledge Notes 2	needs_name	2	12
73ec0159322988ba	Foundations	Objection Handling	Knowledge Notes 2	needs_name	2	13
19e54fea3559dd07	Foundations	Objection Handling	Knowledge Notes 2	needs_name	2	14
355cafb18985c707	Foundations	Objection Handling	Knowledge Notes 2	needs_name	2	15
6f32f6d6fa3667b2	Foundations	Objection Handling	Knowledge Notes 2	needs_name	2	16
9bc4bfbd5dc414f4	Foundations	Objection Handling	Knowledge Notes 3	needs_name	3	17
8f2ab822d6ac219d	Foundations	Objection Handling	Knowledge Notes 3	needs_name	3	18
5af0890ecdec33c6	Foundations	Objection Handling	Knowledge Notes 3	needs_name	3	19
3a362dbc7b6cff84	Foundations	Objection Handling	Knowledge Notes 3	needs_name	3	20
c16ff56eaa10417e	Foundations	Objection Handling	Knowledge Notes 3	needs_name	3	21
875ba8149b44dcc9	Foundations	Objection Handling	Knowledge Notes 3	needs_name	3	22
e4c3b2bb104e9418	Foundations	Objection Handling	Knowledge Notes 3	needs_name	3	23
6bc1904d94298537	Foundations	Objection Handling	Knowledge Notes 3	needs_name	3	24
45152fa88db2b790	Foundations	Objection Handling	Knowledge Notes 4	needs_name	4	25
69282e3a0dbad871	Foundations	Objection Handling	Knowledge Notes 4	needs_name	4	26
cbd720dda7c37c1f	Foundations	Objection Handling	Knowledge Notes 4	needs_name	4	27
30bb1a035718d323	Foundations	Objection Handling	Closing Strategies	needs_name	5	28
76cfc0220666138c	Foundations	Objection Handling	Closing Strategies	needs_name	5	29
9e418e25eebd101f	Foundations	Six-Step Advanced Selling	Knowledge Notes 1	needs_name	1	1
ff18260430915eb2	Foundations	Six-Step Advanced Selling	Knowledge Notes 1	needs_name	1	2
f1b7c0ab2b6de93d	Foundations	Six-Step Advanced Selling	Knowledge Notes 1	needs_name	1	3
d2f39dccae567d0b	Foundations	Six-Step Advanced Selling	Knowledge Notes 1	needs_name	1	4
fe7051bf894f92a8	Foundations	Six-Step Advanced Selling	Knowledge Notes 1	needs_name	1	5
3cf743d614742a14	Foundations	Six-Step Advanced Selling	Knowledge Notes 1	needs_name	1	6
c6a486b8aa384fd9	Foundations	Six-Step Advanced Selling	Knowledge Notes 1	needs_name	1	7
0cd6ba2cc45ed459	Foundations	Six-Step Advanced Selling	Knowledge Notes 1	needs_name	1	8
20c7f2f71c99f75c	Foundations	Six-Step Advanced Selling	Knowledge Notes 2	needs_name	2	9
8e3c9a16831e1fc7	Foundations	Six-Step Advanced Selling	Knowledge Notes 2	needs_name	2	10
396d90aca8cfdca9	Foundations	Six-Step Advanced Selling	Knowledge Notes 2	needs_name	2	11
04cac4662853bdb1	Foundations	Six-Step Advanced Selling	Knowledge Notes 2	needs_name	2	12
d8bb1f3ea8230039	Foundations	Six-Step Advanced Selling	Knowledge Notes 2	needs_name	2	13
24225f3ecfe2c544	Foundations	Six-Step Advanced Selling	Knowledge Notes 2	needs_name	2	14
6b17ddbe20fc0e4b	Foundations	Six-Step Advanced Selling	Knowledge Notes 2	needs_name	2	15
992c40908347a39d	Foundations	Six-Step Advanced Selling	Knowledge Notes 2	needs_name	2	16
03417b4180a3f12f	Foundations	Six-Step Advanced Selling	Knowledge Notes 3	needs_name	3	17
01e123e0bc9bded2	Foundations	Six-Step Advanced Selling	Knowledge Notes 3	needs_name	3	18
dd9a3941153f3ad9	Foundations	Six-Step Advanced Selling	Knowledge Notes 3	needs_name	3	19
6a1b8de986849409	Foundations	Six-Step Advanced Selling	Knowledge Notes 3	needs_name	3	20
7e11ea31553a49ed	Foundations	Six-Step Advanced Selling	Knowledge Notes 3	needs_name	3	21
5fff7359008d7c83	Foundations	Six-Step Advanced Selling	Knowledge Notes 3	needs_name	3	22
a8c26fc89ba3e5bf	Foundations	Six-Step Advanced Selling	Knowledge Notes 3	needs_name	3	23
acafcb7f67cd4447	Foundations	Six-Step Advanced Selling	Knowledge Notes 3	needs_name	3	24
65b6c78e07c91a20	Foundations	Six-Step Advanced Selling	Knowledge Notes 4	needs_name	4	25
1cd870d7ba3150a8	Foundations	Six-Step Advanced Selling	Knowledge Notes 4	needs_name	4	26
290b46cbcf97a7ba	Foundations	Six-Step Advanced Selling	Knowledge Notes 4	needs_name	4	27
c0621749a0f9dca8	Foundations	Six-Step Advanced Selling	Knowledge Notes 4	needs_name	4	28
00f5f4db296467bd	Foundations	Six-Step Advanced Selling	Knowledge Notes 4	needs_name	4	29
6ee8d1f9f66f785a	Foundations	Six-Step Advanced Selling	Knowledge Notes 4	needs_name	4	30
172a338976f4f284	Foundations	Six-Step Advanced Selling	Knowledge Notes 4	needs_name	4	31
692fd665e6ff3743	Foundations	Six-Step Advanced Selling	Knowledge Notes 4	needs_name	4	32
3c420c07c08accf6	Foundations	Start Here	Accountability	ok	1	1
ec9b66f82023d883	Foundations	Start Here	Accountability	ok	1	2
8e72f485ea05facc	Foundations	Start Here	Accountability	ok	1	3
5379c8e4956ff8d7	Foundations	Start Here	Accountability	ok	1	4
e4fb46500e964f92	Foundations	Start Here	Knowledge Notes 1	needs_name	2	5
cfdb40bca0693034	Foundations	Start Here	Knowledge Notes 1	needs_name	2	6
7ae9ef158a4c3b6f	Foundations	Start Here	Knowledge Notes 1	needs_name	2	7
e3acd957c523129c	Foundations	Start Here	Knowledge Notes 1	needs_name	2	8
ff6af1908b14ec78	Foundations	Start Here	Knowledge Notes 1	needs_name	2	9
8150487530b726eb	Foundations	Start Here	Knowledge Notes 1	needs_name	2	10
5eb992558d690eb4	Foundations	Start Here	Knowledge Notes 1	needs_name	2	11
fddd118abb6669fe	Foundations	Start Here	Knowledge Notes 1	needs_name	2	12
62ec70fa94584cf2	Foundations	Start Here	Knowledge Notes 2	needs_name	3	13
982218520bbfab51	Foundations	Start Here	Closing Strategies 1	needs_name	4	14
cfd7a2d44d62c046	Foundations	Start Here	Closing Strategies 1	needs_name	4	15
10e766a9a6ba20bc	Foundations	Start Here	Closing Strategies 1	needs_name	4	16
13f372608ea68e9c	Foundations	Start Here	Closing Strategies 1	needs_name	4	17
418da194122d59b4	Foundations	Start Here	Closing Strategies 1	needs_name	4	18
ce0c562ee885c345	Foundations	Start Here	Closing Strategies 1	needs_name	4	19
28cb78ed3acb7dd0	Foundations	Start Here	Closing Strategies 1	needs_name	4	20
47c90a4dc5b928ec	Foundations	Start Here	Closing Strategies 1	needs_name	4	21
0c5848b167b2601e	Foundations	Start Here	Closing Strategies 2	needs_name	5	22
e85fe0b49bc9a6e0	Foundations	Start Here	Closing Strategies 2	needs_name	5	23
70492c9043e692d4	Foundations	Start Here	Closing Strategies 2	needs_name	5	24
7d3b535d9d18b703	Foundations	Start Here	Closing Strategies 2	needs_name	5	25
b9e666f036d7063c	Foundations	The 4-Step Close	Knowledge Notes 1	needs_name	1	1
3edad09a44a3f9a3	Foundations	The 4-Step Close	Knowledge Notes 1	needs_name	1	2
291464de0758fad4	Foundations	The 4-Step Close	Knowledge Notes 1	needs_name	1	3
eb0986722c6df1f6	Foundations	The 4-Step Close	Knowledge Notes 1	needs_name	1	4
a0df2fc403bb0544	Foundations	The 4-Step Close	Knowledge Notes 1	needs_name	1	5
f113b410204dd6dc	Foundations	The 4-Step Close	Knowledge Notes 1	needs_name	1	6
e9b65cc5877177cd	Foundations	The 4-Step Close	Knowledge Notes 1	needs_name	1	7
d8f345aa701b0935	Foundations	The 4-Step Close	Knowledge Notes 1	needs_name	1	8
70c5d1fbe35aa023	Foundations	The 4-Step Close	Knowledge Notes 2	needs_name	2	9
65d9a6d11f4ebcbb	Foundations	The 4-Step Close	Knowledge Notes 2	needs_name	2	10
888c92a0b9e47c15	Foundations	The 4-Step Close	Knowledge Notes 2	needs_name	2	11
5e610c3443ec4ed4	Foundations	The 4-Step Close	Knowledge Notes 2	needs_name	2	12
1c3c5f82722a4d5f	Foundations	The 4-Step Close	Knowledge Notes 2	needs_name	2	13
08d1ff651487c317	Foundations	The MOC Warranty Program	Knowledge Notes 1	needs_name	1	1
9fb4ae132f635ff5	Foundations	The MOC Warranty Program	Knowledge Notes 1	needs_name	1	2
809b424acb6b8bc5	Foundations	The MOC Warranty Program	Knowledge Notes 1	needs_name	1	3
43b1763125ac442f	Foundations	The MOC Warranty Program	Knowledge Notes 1	needs_name	1	4
e18388fa455f19a0	Foundations	The MOC Warranty Program	Knowledge Notes 1	needs_name	1	5
bde44efb32cbb4d8	Foundations	The MOC Warranty Program	Knowledge Notes 1	needs_name	1	6
1374d12f7a66b454	Foundations	The MOC Warranty Program	Knowledge Notes 1	needs_name	1	7
23a3e9817dddf227	Foundations	The MOC Warranty Program	Knowledge Notes 1	needs_name	1	8
e5616cd690485c5c	Foundations	The MOC Warranty Program	Knowledge Notes 2	needs_name	2	9
9b47aa9e0c2d43d0	Foundations	The MOC Warranty Program	Knowledge Notes 2	needs_name	2	10
38807632f4c37842	Foundations	The MOC Warranty Program	Knowledge Notes 2	needs_name	2	11
5ce3690683319477	Foundations	The MOC Warranty Program	Knowledge Notes 2	needs_name	2	12
568cc53f67a1c917	Foundations	The MOC Warranty Program	Closing Strategies 1	needs_name	3	13
a6c3e050cfa0ba2a	Foundations	The MOC Warranty Program	Closing Strategies 1	needs_name	3	14
d3cc7389377f7b95	Foundations	The MOC Warranty Program	Closing Strategies 1	needs_name	3	15
08914d4e703e5dcd	Foundations	The MOC Warranty Program	Closing Strategies 1	needs_name	3	16
95d0b0fd2385c46c	Foundations	The MOC Warranty Program	Closing Strategies 1	needs_name	3	17
327a1617e7c7d489	Foundations	The MOC Warranty Program	Closing Strategies 1	needs_name	3	18
5810f159ed3e3b43	Foundations	The MOC Warranty Program	Closing Strategies 1	needs_name	3	19
cc53dc84c2bbaa31	Foundations	The MOC Warranty Program	Closing Strategies 1	needs_name	3	20
7c273676a814fa55	Foundations	The MOC Warranty Program	Closing Strategies 2	needs_name	4	21
ebd001f98b5b1309	Foundations	The MOC Warranty Program	Closing Strategies 2	needs_name	4	22
1cd92fd1a4be0e23	Foundations	The MOC Warranty Program	Closing Strategies 2	needs_name	4	23
fe92b261ac339787	Foundations	The MOC Warranty Program	Closing Strategies 2	needs_name	4	24
292972c72f769ae4	Foundations	The MOC Warranty Program	Closing Strategies 2	needs_name	4	25
6bc3be6e945a5938	Foundations	The MOC Warranty Program	Closing Strategies 2	needs_name	4	26
a0c26f9ef29e20ee	Foundations	The MOC Warranty Program	Closing Strategies 2	needs_name	4	27
0e3eefeb5454d3b0	Foundations	The MOC Warranty Program	Closing Strategies 2	needs_name	4	28
90bc9ed87067a2cb	Foundations	The MOC Warranty Program	Closing Strategies 3	needs_name	5	29
404a4e39c4b21d91	Foundations	The MOC Warranty Program	Closing Strategies 3	needs_name	5	30
9d77156b8e8ec71e	Foundations	The MOC Warranty Program	Closing Strategies 3	needs_name	5	31
ede094ac51815222	Foundations	The MOC Warranty Program	Closing Strategies 3	needs_name	5	32
ed10fb1d5121c0a3	Foundations	The MOC Warranty Program	Closing Strategies 3	needs_name	5	33
27a5e4af86a42ddb	Foundations	The MOC Warranty Program	Closing Strategies 3	needs_name	5	34
528234cd0b3facb9	Foundations	The MOC Warranty Program	Closing Strategies 3	needs_name	5	35
942a69639444a2e3	Foundations	The MOC Warranty Program	Closing Strategies 3	needs_name	5	36
78d6ecf8fd92fcb8	Foundations	The MOC Warranty Program	Closing Strategies 4	needs_name	6	37
e5df2bfa6f762d4b	Foundations	The MOC Warranty Program	Closing Strategies 4	needs_name	6	38
772556462abb3d64	Foundations	The MOC Warranty Program	Closing Strategies 4	needs_name	6	39
6f614563d19b614f	Foundations	The MOC Warranty Program	Closing Strategies 4	needs_name	6	40
3b443e96e567986e	Foundations	The MOC Warranty Program	Closing Strategies 4	needs_name	6	41
c7caa998e5c06514	Foundations	The MOC Warranty Program	Closing Strategies 4	needs_name	6	42
514e5cc1377ce1cb	Foundations	The Multi-Point Inspection	Knowledge Notes	needs_name	1	1
c7a3e4ac34bb9b98	Foundations	The Multi-Point Inspection	Knowledge Notes	needs_name	1	2
abdb624ffdd800f5	Foundations	The Multi-Point Inspection	Knowledge Notes	needs_name	1	3
397e328642d25efc	Foundations	The Multi-Point Inspection	Knowledge Notes	needs_name	1	4
aebadd8b7b42f287	Foundations	The Multi-Point Inspection	Knowledge Notes	needs_name	1	5
21056222392b6f39	Foundations	The Multi-Point Inspection	Knowledge Notes	needs_name	1	6
99618be1ebb51a91	Foundations	The Multi-Point Inspection	Knowledge Notes	needs_name	1	7
a64439b5ecb726d9	Foundations	The Multi-Point Inspection	Knowledge Notes	needs_name	1	8
6a9941314eb9fa04	Foundations	The Success Cycle	Knowledge Notes 1	needs_name	1	1
7455ce61431b715f	Foundations	The Success Cycle	Knowledge Notes 1	needs_name	1	2
ace1819edf883d28	Foundations	The Success Cycle	Knowledge Notes 1	needs_name	1	3
4478f5705e629e31	Foundations	The Success Cycle	Knowledge Notes 1	needs_name	1	4
0c41ae1b26acc22e	Foundations	The Success Cycle	Knowledge Notes 1	needs_name	1	5
760bf480767f6d01	Foundations	The Success Cycle	Knowledge Notes 1	needs_name	1	6
9326242f75cdb111	Foundations	The Success Cycle	Knowledge Notes 1	needs_name	1	7
412e2188690c5615	Foundations	The Success Cycle	Knowledge Notes 1	needs_name	1	8
ee0033ab352645ff	Foundations	The Success Cycle	Knowledge Notes 2	needs_name	2	9
1299c2bc82dd2c80	Foundations	The Success Cycle	Knowledge Notes 2	needs_name	2	10
922f3eaaf7b70e12	Foundations	The Success Cycle	Knowledge Notes 2	needs_name	2	11
e2fa702b726df4c2	Foundations	The Success Cycle	Knowledge Notes 2	needs_name	2	12
a7fbc0ff35764672	Foundations	The Success Cycle	Knowledge Notes 2	needs_name	2	13
7e04619864203460	Foundations	The Success Cycle	Knowledge Notes 2	needs_name	2	14
c0f2a2aa48685771	Foundations	The Success Cycle	Knowledge Notes 2	needs_name	2	15
0e5132bc52c694b3	Foundations	The Success Cycle	Knowledge Notes 2	needs_name	2	16
9197ad5fa00f40ce	Foundations	The Success Cycle	Knowledge Notes 3	needs_name	3	17
09e97946530414a6	Foundations	The Success Cycle	Knowledge Notes 3	needs_name	3	18
34de26b89c5e93b5	Foundations	The Success Cycle	Knowledge Notes 3	needs_name	3	19
ddc21544a03d59e7	Foundations	The Success Cycle	Knowledge Notes 3	needs_name	3	20
0c5d4e02fa794ee9	Foundations	The Success Cycle	Knowledge Notes 3	needs_name	3	21
994d4263301185a4	Foundations	The Success Cycle	Knowledge Notes 3	needs_name	3	22
2eec9fe1d7b84d38	Foundations	The Success Cycle	Knowledge Notes 3	needs_name	3	23
6227ced4d68d1838	Foundations	The Success Cycle	Knowledge Notes 3	needs_name	3	24
bc6ab3f3d940a7a0	Foundations	The Success Cycle	Knowledge Notes 4	needs_name	4	25
ab012be440cc053a	Foundations	The Success Cycle	Knowledge Notes 4	needs_name	4	26
0baed94e62766a79	Foundations	The Success Cycle	Knowledge Notes 4	needs_name	4	27
150521a95a5e72dc	Foundations	The Success Cycle	Knowledge Notes 4	needs_name	4	28
d06098c8b42ef432	Foundations	The Success Cycle	Knowledge Notes 4	needs_name	4	29
5feedbe9be27f585	Foundations	The Success Cycle	Knowledge Notes 4	needs_name	4	30
91e1870e505e5ffa	Foundations	The Success Cycle	Knowledge Notes 4	needs_name	4	31
555f955c2eb57971	Foundations	The Success Cycle	Knowledge Notes 4	needs_name	4	32
8399bb16badd8cfa	Foundations	The Success Cycle	Knowledge Notes 5	needs_name	5	33
32b96c7ef2236801	Foundations	The Success Cycle	Knowledge Notes 5	needs_name	5	34
dab1ab3b6a27cce0	Foundations	The Success Cycle	Knowledge Notes 5	needs_name	5	35
1244ee3deabb247a	Foundations	The Success Cycle	Knowledge Notes 5	needs_name	5	36
419cd0502e1e8edf	Foundations	The Success Cycle	Knowledge Notes 5	needs_name	5	37
e7b0ce7bc312c4d3	Foundations	The Success Cycle	Knowledge Notes 5	needs_name	5	38
450106a69929aafd	Foundations	The Success Cycle	Knowledge Notes 5	needs_name	5	39
b6f4d08a93e71853	Foundations	The Success Cycle	Knowledge Notes 5	needs_name	5	40
f4597099e219e137	Foundations	The Success Cycle	Knowledge Notes 6	needs_name	6	41
ae64025a87015daa	Foundations	The Success Cycle	Knowledge Notes 6	needs_name	6	42
5ec0da51dd111554	Foundations	The Success Cycle	Knowledge Notes 6	needs_name	6	43
cacd18ed771f55a9	Foundations	The Success Cycle	Knowledge Notes 6	needs_name	6	44
8a6a2a1d5b2c316c	Foundations	The Success Cycle	Knowledge Notes 6	needs_name	6	45
d5587af9df0f727f	Foundations	The Success Cycle	Knowledge Notes 6	needs_name	6	46
90af28fd9b5662b0	Foundations	The Success Cycle	Knowledge Notes 6	needs_name	6	47
849d68bc10b0b809	Foundations	The Success Cycle	Knowledge Notes 6	needs_name	6	48
7b62c591a79dd995	Foundations	The Success Cycle	Knowledge Notes 7	needs_name	7	49
35a94d21d7ce56bc	Foundations	The Success Cycle	Knowledge Notes 7	needs_name	7	50
e5e771cadcabef0c	Foundations	The Success Cycle	Knowledge Notes 7	needs_name	7	51
26a49a65bf642d40	Foundations	The Success Cycle	Knowledge Notes 7	needs_name	7	52
c0ce5c5f956946d4	Foundations	The Success Cycle	Knowledge Notes 7	needs_name	7	53
277b6db4f1b733ca	Foundations	The Success Cycle	Knowledge Notes 7	needs_name	7	54
c989a83188b24ca3	Foundations	The Success Cycle	Knowledge Notes 7	needs_name	7	55
33f94d842c38af9e	Foundations	The Walk-Around	1. The Walk-Around Routine	ok	1	1
2444d8f2bd4070a8	Foundations	The Walk-Around	1. The Walk-Around Routine	ok	1	2
371c3ee03c10a901	Foundations	The Walk-Around	1. The Walk-Around Routine	ok	1	3
1bbc67b6f7cb1c13	Foundations	The Walk-Around	1. The Walk-Around Routine	ok	1	4
6c4de7ff20c8fefa	Foundations	The Walk-Around	2. What the Vehicle Tells You	ok	2	5
b601a925d241afa7	Foundations	The Walk-Around	2. What the Vehicle Tells You	ok	2	6
e9f48f0e62a75888	Foundations	The Walk-Around	2. What the Vehicle Tells You	ok	2	7
c1b5690b44adcf13	Foundations	The Walk-Around	2. What the Vehicle Tells You	ok	2	8
ce395736e96cd010	Foundations	The Walk-Around	2. What the Vehicle Tells You	ok	2	9
2822f1c99390cefb	Foundations	The Walk-Around	2. What the Vehicle Tells You	ok	2	10
917b5040cf032e0b	Foundations	The Walk-Around	4. Raising a Problem Well	ok	4	11
b1825827fe9bf30b	Foundations	The Walk-Around	4. Raising a Problem Well	ok	4	12
5c885afccd871008	Foundations	The Walk-Around	4. Raising a Problem Well	ok	4	13
b065952873294234	Foundations	The Walk-Around	4. Raising a Problem Well	ok	4	14
2010a18861de5f74	Foundations	The Walk-Around	3. Reading the Customer	ok	3	15
49259d2df8ad3994	Foundations	The Walk-Around	3. Reading the Customer	ok	3	16
e77b8c2b27848dab	Foundations	The Walk-Around	3. Reading the Customer	ok	3	17
a04b470728d19ae2	Foundations	The Walk-Around	3. Reading the Customer	ok	3	18
b01fa74aacf2b6e1	Foundations	The Walk-Around	3. Reading the Customer	ok	3	19
41adefea1cb91d85	Foundations	The Walk-Around	5. Tires on the Drive	ok	5	20
b01fe20ccda61551	Foundations	The Walk-Around	5. Tires on the Drive	ok	5	21
a61d4e54e9f26c73	Foundations	The Walk-Around	5. Tires on the Drive	ok	5	22
c0ecb101e8376109	Foundations	The Walk-Around	5. Tires on the Drive	ok	5	23
7aba41fa479e9721	Foundations	The Walk-Around	5. Tires on the Drive	ok	5	24
0cae0e874d5e2378	Foundations	The Walk-Around	5. Tires on the Drive	ok	5	25
0cae0e874d5e2378	Foundations	The Walk-Around	5. Tires on the Drive	ok	5	26
7aba41fa479e9721	Foundations	The Walk-Around	5. Tires on the Drive	ok	5	27
0cae0e874d5e2378	Foundations	The Walk-Around	5. Tires on the Drive	ok	5	28
6bdd4dc27af86f22	Foundations	The Walk-Around	6. Visibility and Wipers	ok	6	29
31bf353bee22e761	Foundations	The Walk-Around	6. Visibility and Wipers	ok	6	30
3aa625b39ff98b3c	Foundations	The Walk-Around	6. Visibility and Wipers	ok	6	31
5aa17cebd8408c4a	Foundations	The Walk-Around	6. Visibility and Wipers	ok	6	32
860bfdfeeff025b8	Foundations	The Walk-Around	7. The Handback	ok	7	33
678f717194ead188	Foundations	The Walk-Around	7. The Handback	ok	7	34
ffd0f7cc88d19145	Foundations	The Walk-Around	7. The Handback	ok	7	35
901a1e1e3f0db9d5	Foundations	The Walk-Around	7. The Handback	ok	7	36
0a617566e03c03e9	Foundations	The Walk-Around	8. Field Notes	ok	8	37
989c319a4549fd73	Product Knowledge		Decarb Service Product Knowledge	ok	1	1
5e2079cee57d4451	Product Knowledge		Decarb Service Product Knowledge	ok	1	2
339cb0d1779a6b97	Product Knowledge		Decarb Service Product Knowledge	ok	1	3
3d3d1f44e55510f6	Product Knowledge		Decarb Service Product Knowledge	ok	1	4
3181087a430b48ed	Product Knowledge		Knowledge Notes 1	needs_name	2	5
9c35a46707b21649	Product Knowledge		Knowledge Notes 1	needs_name	2	6
7d88b780b9810578	Product Knowledge		Knowledge Notes 1	needs_name	2	7
5d3e97b3a763a497	Product Knowledge		Knowledge Notes 1	needs_name	2	8
62bf4a7f0ecb0941	Product Knowledge		Knowledge Notes 1	needs_name	2	9
4fa23945bd0206fa	Product Knowledge		Knowledge Notes 1	needs_name	2	10
2df3f4fd1ba1eabd	Product Knowledge		Knowledge Notes 1	needs_name	2	11
5308a705fac60656	Product Knowledge		Knowledge Notes 1	needs_name	2	12
eec6f8b15266be39	Product Knowledge		Knowledge Notes 2	needs_name	3	13
42648f6e0ca9db8b	Product Knowledge		Knowledge Notes 2	needs_name	3	14
fd0c7ebd1260cbf3	Product Knowledge		Knowledge Notes 2	needs_name	3	15
b5e1641dd743cd29	Product Knowledge		Knowledge Notes 2	needs_name	3	16
98c9b0b4732a71ba	Product Knowledge		Knowledge Notes 2	needs_name	3	17
5c2ca39f5a1061dc	Product Knowledge		Knowledge Notes 2	needs_name	3	18
c36fe0b7a72a6679	Product Knowledge	Battery	Knowledge Notes 1	needs_name	1	1
b8e278beee8ed046	Product Knowledge	Battery	Knowledge Notes 1	needs_name	1	2
f31451503fc46d73	Product Knowledge	Battery	Knowledge Notes 1	needs_name	1	3
5534ec355d407123	Product Knowledge	Battery	Knowledge Notes 1	needs_name	1	4
19ac194dffc17c26	Product Knowledge	Battery	Knowledge Notes 1	needs_name	1	5
1667d79b8de8fd23	Product Knowledge	Battery	Knowledge Notes 1	needs_name	1	6
3ef3eaa36600af04	Product Knowledge	Battery	Knowledge Notes 1	needs_name	1	7
f8cce34a25f930de	Product Knowledge	Battery	Knowledge Notes 1	needs_name	1	8
cb4d4bf4800a2195	Product Knowledge	Battery	Knowledge Notes 2	needs_name	2	9
59fc30e0e35cb461	Product Knowledge	Battery	Knowledge Notes 2	needs_name	2	10
3c93f1b29c203733	Product Knowledge	Battery	Knowledge Notes 2	needs_name	2	11
d1821406b56df910	Product Knowledge	Battery	Knowledge Notes 2	needs_name	2	12
5ee8aebaddd8842d	Product Knowledge	Battery	Knowledge Notes 2	needs_name	2	13
bc4e28eb0804afb6	Product Knowledge	Battery	Knowledge Notes 2	needs_name	2	14
6d4601af34db2f0c	Product Knowledge	Battery	Knowledge Notes 2	needs_name	2	15
c3c4f7560141aaf8	Product Knowledge	Battery	Closing Strategies 1	needs_name	3	16
247d06cf60e35bf5	Product Knowledge	Battery	Closing Strategies 1	needs_name	3	17
ab115253c9ebfe78	Product Knowledge	Battery	Closing Strategies 1	needs_name	3	18
3cc9c01167e08cbc	Product Knowledge	Battery	Closing Strategies 1	needs_name	3	19
4cfd8aa2af59fc22	Product Knowledge	Battery	Closing Strategies 1	needs_name	3	20
b325c44401e7f931	Product Knowledge	Battery	Closing Strategies 1	needs_name	3	21
9ef49acbd826d531	Product Knowledge	Battery	Closing Strategies 1	needs_name	3	22
e1e2e37c1b6a9108	Product Knowledge	Battery	Closing Strategies 1	needs_name	3	23
584fb0f4ebe64ae0	Product Knowledge	Battery	Closing Strategies 2	needs_name	4	24
9e7fe4edb6e54d0a	Product Knowledge	Battery	Closing Strategies 2	needs_name	4	25
ce9f0e29891c3848	Product Knowledge	Battery	Closing Strategies 2	needs_name	4	26
8978291703bf568e	Product Knowledge	Battery	Closing Strategies 2	needs_name	4	27
ef0a004269d6b825	Product Knowledge	Battery	Closing Strategies 2	needs_name	4	28
dc85fa7960bb6406	Product Knowledge	Battery	Closing Strategies 2	needs_name	4	29
fa9126ceb5de59ba	Product Knowledge	Battery	Closing Strategies 2	needs_name	4	30
aa40303c50bd32a1	Product Knowledge	Battery	Closing Strategies 2	needs_name	4	31
7d19ab83c92e7046	Product Knowledge	Battery	Closing Strategies 3	needs_name	5	32
9accbe04890f0a78	Product Knowledge	Battery	Closing Strategies 3	needs_name	5	33
489ea1c1dc6c96fa	Product Knowledge	Battery	Closing Strategies 3	needs_name	5	34
b9b91314ac3fec40	Product Knowledge	Battery	Closing Strategies 3	needs_name	5	35
4a03b24361fe5703	Product Knowledge	Battery	Closing Strategies 3	needs_name	5	36
04e6a00ee642391c	Product Knowledge	Battery	Closing Strategies 3	needs_name	5	37
c657aeeeee7178a7	Product Knowledge	Battery	Closing Strategies 3	needs_name	5	38
c83bac1af90f65ab	Product Knowledge	Battery	Closing Strategies 3	needs_name	5	39
5bcd9d6b7664b499	Product Knowledge	Battery	Closing Strategies 4	needs_name	6	40
565180cbd4bc3928	Product Knowledge	Battery	Closing Strategies 4	needs_name	6	41
95707eef3160d68d	Product Knowledge	Battery	Closing Strategies 4	needs_name	6	42
88fadad844ceba1c	Product Knowledge	Battery	Closing Strategies 4	needs_name	6	43
4e984dc285a1ca9d	Product Knowledge	Battery	Closing Strategies 4	needs_name	6	44
8eb78b10e3002363	Product Knowledge	Battery	Closing Strategies 4	needs_name	6	45
bb97e062c6ea0485	Product Knowledge	Battery	Closing Strategies 4	needs_name	6	46
0935ca84cc45482d	Product Knowledge	Battery & Elec	Knowledge Notes	needs_name	1	1
346c47e68b2a2470	Product Knowledge	Battery & Elec	Knowledge Notes	needs_name	1	2
4f08fe14d9859ea0	Product Knowledge	Battery & Elec	Knowledge Notes	needs_name	1	3
6c9f049b88d4e93c	Product Knowledge	Battery & Elec	Knowledge Notes	needs_name	1	4
4363aab6b72ee47f	Product Knowledge	Battery & Elec	Knowledge Notes	needs_name	1	5
42d4b0a15d34a0f7	Product Knowledge	Battery & Elec	Closing Strategies	needs_name	2	6
227014083c21f924	Product Knowledge	Battery & Elec	Closing Strategies	needs_name	2	7
53ecd966073e78ee	Product Knowledge	Battery & Elec	Closing Strategies	needs_name	2	8
6b705e07f01b0510	Product Knowledge	Battery & Elec	Closing Strategies	needs_name	2	9
4034dbc8a99429a2	Product Knowledge	Battery & Elec	Closing Strategies	needs_name	2	10
c100749a7749ba5e	Product Knowledge	Belts	Knowledge Notes	needs_name	1	1
218b2f941a6414b2	Product Knowledge	Belts	Knowledge Notes	needs_name	1	2
7ff3f5af464a20e0	Product Knowledge	Belts	Knowledge Notes	needs_name	1	3
0eda0fbf2b8f3591	Product Knowledge	Belts	Knowledge Notes	needs_name	1	4
55d1f2106ec73848	Product Knowledge	Belts	Knowledge Notes	needs_name	1	5
6f105bf3b0a29e55	Product Knowledge	Belts	Knowledge Notes	needs_name	1	6
8acec62dc67eac94	Product Knowledge	Belts	Knowledge Notes	needs_name	1	7
0dfc6d18024d28d4	Product Knowledge	Belts	Closing Strategies 1	needs_name	2	8
2e80aee127d40ac8	Product Knowledge	Belts	Closing Strategies 1	needs_name	2	9
a28405bcb253e38d	Product Knowledge	Belts	Closing Strategies 1	needs_name	2	10
9c4e206debf9f1e9	Product Knowledge	Belts	Closing Strategies 1	needs_name	2	11
27157ed5827a8932	Product Knowledge	Belts	Closing Strategies 1	needs_name	2	12
c719191683e7dcd5	Product Knowledge	Belts	Closing Strategies 1	needs_name	2	13
7eef8c87cbf7e1b2	Product Knowledge	Belts	Closing Strategies 1	needs_name	2	14
b5efcf27c5e75770	Product Knowledge	Belts	Closing Strategies 1	needs_name	2	15
35505a35bc2f67a9	Product Knowledge	Belts	Closing Strategies 2	needs_name	3	16
f336a13c271f85c1	Product Knowledge	Belts	Closing Strategies 2	needs_name	3	17
ab707e857d716f27	Product Knowledge	Belts	Closing Strategies 2	needs_name	3	18
d583d7f1b9a4cc2e	Product Knowledge	Belts	Closing Strategies 2	needs_name	3	19
f35eb08c1c310dfa	Product Knowledge	Belts	Closing Strategies 2	needs_name	3	20
0d497cf8b78c143d	Product Knowledge	Belts & Hoses	Knowledge Notes	needs_name	1	1
a264f2ac7e3cc0a5	Product Knowledge	Belts & Hoses	Knowledge Notes	needs_name	1	2
0adebed776644296	Product Knowledge	Belts & Hoses	Knowledge Notes	needs_name	1	3
f4f49eef2710e6e6	Product Knowledge	Belts & Hoses	Knowledge Notes	needs_name	1	4
d86761a605ba3375	Product Knowledge	Belts & Hoses	Knowledge Notes	needs_name	1	5
1c18e2a8679967fc	Product Knowledge	Belts & Hoses	Closing Strategies	needs_name	2	6
15774de398f2bedf	Product Knowledge	Belts & Hoses	Closing Strategies	needs_name	2	7
7633467525292156	Product Knowledge	Belts & Hoses	Closing Strategies	needs_name	2	8
e51ca819941f0715	Product Knowledge	Belts & Hoses	Closing Strategies	needs_name	2	9
67b7ec1e1fb361d9	Product Knowledge	Belts & Hoses	Closing Strategies	needs_name	2	10
2ba1c071645051ba	Product Knowledge	Brakes	Brake Fluid Bundle	ok	1	1
5b4d6cd21dddb869	Product Knowledge	Brakes	Brake Fluid Bundle	ok	1	2
4d1aab4d07d461e3	Product Knowledge	Brakes	Brake Fluid Bundle	ok	1	3
e6e216c39faa7864	Product Knowledge	Brakes	Brake Fluid Exchange Warranty	ok	2	4
71ce7a75a4f1fc24	Product Knowledge	Brakes	Brake Fluid Exchange Warranty	ok	2	5
c4ad63ff0f5d97bd	Product Knowledge	Brakes	Brake Fluid Exchange Warranty	ok	2	6
9dc78f89bbd6bfca	Product Knowledge	Brakes	Knowledge Notes 1	needs_name	3	7
d1ad2d7a0616d323	Product Knowledge	Brakes	Knowledge Notes 1	needs_name	3	8
5aea938983aa33ce	Product Knowledge	Brakes	Knowledge Notes 1	needs_name	3	9
885efe47c8f901d8	Product Knowledge	Brakes	Knowledge Notes 1	needs_name	3	10
0d2e274146dfafc3	Product Knowledge	Brakes	Knowledge Notes 1	needs_name	3	11
be0320b7b1332b70	Product Knowledge	Brakes	Knowledge Notes 1	needs_name	3	12
ec374ef26d2a9f7c	Product Knowledge	Brakes	Knowledge Notes 1	needs_name	3	13
c4df980cd0bcfeb9	Product Knowledge	Brakes	Knowledge Notes 1	needs_name	3	14
8f39f48dbe051503	Product Knowledge	Brakes	Knowledge Notes 2	needs_name	4	15
4d33124aade125ef	Product Knowledge	Brakes	Knowledge Notes 2	needs_name	4	16
b058e130ee1481f6	Product Knowledge	Brakes	Knowledge Notes 2	needs_name	4	17
ea4e235b1640fa03	Product Knowledge	Brakes	Knowledge Notes 2	needs_name	4	18
22d346ce8da6ab25	Product Knowledge	Brakes	Knowledge Notes 2	needs_name	4	19
bff435ee6053891d	Product Knowledge	Brakes	Knowledge Notes 2	needs_name	4	20
c59612c044a1c76a	Product Knowledge	Brakes	Closing Strategies 1	needs_name	5	21
3c5af739c95df3bf	Product Knowledge	Brakes	Closing Strategies 1	needs_name	5	22
b69f3c80f01b7bfb	Product Knowledge	Brakes	Closing Strategies 1	needs_name	5	23
d94f611ba65fe55f	Product Knowledge	Brakes	Closing Strategies 1	needs_name	5	24
612a6baca29f1e6a	Product Knowledge	Brakes	Closing Strategies 1	needs_name	5	25
331a208b450494a4	Product Knowledge	Brakes	Closing Strategies 1	needs_name	5	26
c2bd780762ba6e0e	Product Knowledge	Brakes	Closing Strategies 1	needs_name	5	27
e39bd78fce184edd	Product Knowledge	Brakes	Closing Strategies 1	needs_name	5	28
55f8dd69a98c590e	Product Knowledge	Brakes	Closing Strategies 2	needs_name	6	29
3dc05818a87e0e41	Product Knowledge	Brakes	Closing Strategies 2	needs_name	6	30
6c00b2e8c2dc6daf	Product Knowledge	Brakes	Closing Strategies 2	needs_name	6	31
2e626e48edf93045	Product Knowledge	Brakes	Closing Strategies 2	needs_name	6	32
755a9e59e30f616e	Product Knowledge	Brakes	Closing Strategies 2	needs_name	6	33
8382cf0497d59725	Product Knowledge	Brakes	Closing Strategies 2	needs_name	6	34
4e54336034c7d231	Product Knowledge	Brakes	Closing Strategies 2	needs_name	6	35
0d7192be052d67f3	Product Knowledge	Brakes	Closing Strategies 2	needs_name	6	36
6bb8cbaa95feeb91	Product Knowledge	Brakes	Closing Strategies 3	needs_name	7	37
fad7a2431bc5e897	Product Knowledge	Brakes	Closing Strategies 3	needs_name	7	38
4a506f4c91d61026	Product Knowledge	Brakes	Closing Strategies 3	needs_name	7	39
a1eb1cd6d388f88b	Product Knowledge	Brakes	Closing Strategies 3	needs_name	7	40
1678a45164ad45df	Product Knowledge	Brakes	Closing Strategies 3	needs_name	7	41
caf15ef1eb627bef	Product Knowledge	Brakes	Closing Strategies 3	needs_name	7	42
071b2e493a83d690	Product Knowledge	Brakes	Closing Strategies 3	needs_name	7	43
62e4613b66184ed3	Product Knowledge	Brakes	Closing Strategies 3	needs_name	7	44
7b0773daaef6153b	Product Knowledge	Brakes	Closing Strategies 4	needs_name	8	45
b0de39be3473e59b	Product Knowledge	Brakes	Closing Strategies 4	needs_name	8	46
40ef1ba11cd5f836	Product Knowledge	CAF	Knowledge Notes	needs_name	1	1
0abdb6297a9376e9	Product Knowledge	CAF	Knowledge Notes	needs_name	1	2
e109f484d71ed86d	Product Knowledge	CAF	Knowledge Notes	needs_name	1	3
bb381647002eddfe	Product Knowledge	CAF	Closing Strategies	needs_name	2	4
cb8bd25cf9ff1848	Product Knowledge	CAF	Closing Strategies	needs_name	2	5
2c8929ee29d4ff61	Product Knowledge	CAF	Closing Strategies	needs_name	2	6
8c491d45a55e750e	Product Knowledge	CAF	Closing Strategies	needs_name	2	7
4cb3fc9b0f63b315	Product Knowledge	CAF	Closing Strategies	needs_name	2	8
5f69492319852f54	Product Knowledge	CAF	Closing Strategies	needs_name	2	9
8dcd03bea3067b21	Product Knowledge	CAF	Closing Strategies	needs_name	2	10
6c0d39fe6a6c4543	Product Knowledge	CAF	Closing Strategies	needs_name	2	11
cf60b64436f6811f	Product Knowledge	EAF	Knowledge Notes	needs_name	1	1
b02b0cac407bc9e3	Product Knowledge	EAF	Knowledge Notes	needs_name	1	2
452621dcf9b4e7db	Product Knowledge	EAF	Knowledge Notes	needs_name	1	3
690f7e04b9aea0ee	Product Knowledge	EAF	Closing Strategies	needs_name	2	4
a1fd21af734c4535	Product Knowledge	EAF	Closing Strategies	needs_name	2	5
9798126d4ed623cb	Product Knowledge	EAF	Closing Strategies	needs_name	2	6
7ecaa6649c595b5f	Product Knowledge	EAF	Closing Strategies	needs_name	2	7
e0ed27a0c8d5d196	Product Knowledge	EAF	Closing Strategies	needs_name	2	8
3c2724220e409463	Product Knowledge	Engine & Perf	Knowledge Notes 1	needs_name	1	1
5eff1d409a22aa07	Product Knowledge	Engine & Perf	Knowledge Notes 1	needs_name	1	2
2acb67215f048849	Product Knowledge	Engine & Perf	Knowledge Notes 1	needs_name	1	3
2295f1511c33eac5	Product Knowledge	Engine & Perf	Knowledge Notes 1	needs_name	1	4
c4d5a8a075d438bf	Product Knowledge	Engine & Perf	Knowledge Notes 1	needs_name	1	5
f204ecbfaee0b07a	Product Knowledge	Engine & Perf	Knowledge Notes 1	needs_name	1	6
653871096af02e4c	Product Knowledge	Engine & Perf	Knowledge Notes 1	needs_name	1	7
adb1e813e401f919	Product Knowledge	Engine & Perf	Knowledge Notes 1	needs_name	1	8
693225c49e40fa65	Product Knowledge	Engine & Perf	Knowledge Notes 2	needs_name	2	9
b0ce014961af9f7c	Product Knowledge	Engine & Perf	Knowledge Notes 2	needs_name	2	10
32187d1e1bd6f9cc	Product Knowledge	Engine & Perf	Closing Strategies 1	needs_name	3	11
a0f6332358f70952	Product Knowledge	Engine & Perf	Closing Strategies 1	needs_name	3	12
99e795d121c3332b	Product Knowledge	Engine & Perf	Closing Strategies 1	needs_name	3	13
21cb4b64bd2a82cd	Product Knowledge	Engine & Perf	Closing Strategies 1	needs_name	3	14
a6724e7390c05736	Product Knowledge	Engine & Perf	Closing Strategies 1	needs_name	3	15
0b5ff2f33b020150	Product Knowledge	Engine & Perf	Closing Strategies 1	needs_name	3	16
74702b5f4dba3a00	Product Knowledge	Engine & Perf	Closing Strategies 1	needs_name	3	17
0f24a813bf4d9005	Product Knowledge	Engine & Perf	Closing Strategies 1	needs_name	3	18
346cced58dbef005	Product Knowledge	Engine & Perf	Closing Strategies 2	needs_name	4	19
c6d40ff842d8140e	Product Knowledge	Engine & Perf	Closing Strategies 2	needs_name	4	20
3ed48c642ff3657b	Product Knowledge	Engine & Perf	Closing Strategies 2	needs_name	4	21
13edb68a11110e69	Product Knowledge	Filters	Knowledge Notes	needs_name	1	1
b9bc0d2c6ffb395d	Product Knowledge	Filters	Knowledge Notes	needs_name	1	2
a9e50f806bbbb0b7	Product Knowledge	Filters	Knowledge Notes	needs_name	1	3
a224436c0b7bec49	Product Knowledge	Filters	Knowledge Notes	needs_name	1	4
073bcc91a4af2844	Product Knowledge	Filters	Knowledge Notes	needs_name	1	5
066b10aa8f30ac32	Product Knowledge	Filters	Knowledge Notes	needs_name	1	6
f425d7e2bcd9fa69	Product Knowledge	Filters	Knowledge Notes	needs_name	1	7
7e77b2251fae3aa3	Product Knowledge	Filters	Knowledge Notes	needs_name	1	8
81ab9a8a88b3f9e0	Product Knowledge	Filters	Closing Strategies	needs_name	2	9
576b94cf4a539b30	Product Knowledge	Filters	Closing Strategies	needs_name	2	10
72469f1bd459af7e	Product Knowledge	Filters	Closing Strategies	needs_name	2	11
d9b22273b8352c0d	Product Knowledge	Filters	Closing Strategies	needs_name	2	12
accff3903f2da7fe	Product Knowledge	Filters	Closing Strategies	needs_name	2	13
0f5b7b3828fa5451	Product Knowledge	Filters	Closing Strategies	needs_name	2	14
52336324d270af6a	Product Knowledge	Filters	Closing Strategies	needs_name	2	15
77c3e59619d6319d	Product Knowledge	Filters	Closing Strategies	needs_name	2	16
d4b1ed336288e97b	Product Knowledge	Fluid Exchanges	Knowledge Notes	needs_name	1	1
dab206e449499d4b	Product Knowledge	Fluid Exchanges	Knowledge Notes	needs_name	1	2
81dcc54eeb96bac3	Product Knowledge	Fluid Exchanges	Knowledge Notes	needs_name	1	3
d9e3270de758c68d	Product Knowledge	Fluid Exchanges	Knowledge Notes	needs_name	1	4
607d3ec66e8a6554	Product Knowledge	Fluid Exchanges	Knowledge Notes	needs_name	1	5
654e00243b82ec8e	Product Knowledge	Fluid Exchanges	Knowledge Notes	needs_name	1	6
dfc570e4456789ec	Product Knowledge	Fluid Exchanges	Knowledge Notes	needs_name	1	7
643bc2a972dc3105	Product Knowledge	Fluid Exchanges	Knowledge Notes	needs_name	1	8
f6f95089e4fb35fa	Product Knowledge	Fluid Exchanges	Closing Strategies	needs_name	2	9
1c194353b41c1e21	Product Knowledge	Fluid Exchanges	Closing Strategies	needs_name	2	10
68994e3a61d4ffa6	Product Knowledge	Fluid Exchanges	Closing Strategies	needs_name	2	11
de3f0e30e13e23bc	Product Knowledge	Fluid Exchanges	Closing Strategies	needs_name	2	12
a34f776e8750caea	Product Knowledge	Fluid Exchanges	Closing Strategies	needs_name	2	13
e83689fcec3dfb31	Product Knowledge	Fluid Exchanges	Closing Strategies	needs_name	2	14
84e5b0a72de46555	Product Knowledge	Fluid Exchanges	Closing Strategies	needs_name	2	15
23c2cf901129e800	Product Knowledge	Fluid Exchanges	Closing Strategies	needs_name	2	16
d1d50fb76053571a	Product Knowledge	Headlights	Knowledge Notes 1	needs_name	1	1
826860d1e488db04	Product Knowledge	Headlights	Knowledge Notes 1	needs_name	1	2
5aac1914f7395af4	Product Knowledge	Headlights	Knowledge Notes 1	needs_name	1	3
bbce0f0887d04bde	Product Knowledge	Headlights	Knowledge Notes 1	needs_name	1	4
cf3662db7d065133	Product Knowledge	Headlights	Knowledge Notes 1	needs_name	1	5
0541f95b8880e659	Product Knowledge	Headlights	Knowledge Notes 1	needs_name	1	6
8bc0bc30a78854c1	Product Knowledge	Headlights	Knowledge Notes 1	needs_name	1	7
fcb4bf6f3874f705	Product Knowledge	Headlights	Knowledge Notes 1	needs_name	1	8
f699f44f638caacf	Product Knowledge	Headlights	Knowledge Notes 2	needs_name	2	9
cbd68d0537aef2ea	Product Knowledge	Headlights	Knowledge Notes 2	needs_name	2	10
684033f8199c777c	Product Knowledge	Headlights	Knowledge Notes 2	needs_name	2	11
bd9326b8fa14c55c	Product Knowledge	Headlights	Knowledge Notes 2	needs_name	2	12
7d08fa725aec5459	Product Knowledge	Headlights	Knowledge Notes 2	needs_name	2	13
198cf201cbad2b85	Product Knowledge	Headlights	Knowledge Notes 2	needs_name	2	14
6017522146e34d69	Product Knowledge	Headlights	Closing Strategies 1	needs_name	3	15
7319ac0c8e9d7893	Product Knowledge	Headlights	Closing Strategies 1	needs_name	3	16
2e1b6ab67d138ab9	Product Knowledge	Headlights	Closing Strategies 1	needs_name	3	17
5758d3d9b560c9ac	Product Knowledge	Headlights	Closing Strategies 1	needs_name	3	18
790d72c4623b1065	Product Knowledge	Headlights	Closing Strategies 1	needs_name	3	19
dfd0faca53fef72a	Product Knowledge	Headlights	Closing Strategies 1	needs_name	3	20
9328a7a0cf07072d	Product Knowledge	Headlights	Closing Strategies 1	needs_name	3	21
fc1b8764e95dde6e	Product Knowledge	Headlights	Closing Strategies 1	needs_name	3	22
c43674af8de3ecbd	Product Knowledge	Headlights	Closing Strategies 2	needs_name	4	23
50a0dbcc4984b29a	Product Knowledge	Headlights	Closing Strategies 2	needs_name	4	24
661f5bb23db93e13	Product Knowledge	Headlights	Closing Strategies 2	needs_name	4	25
b4c8c03192bfe56f	Product Knowledge	Headlights	Closing Strategies 2	needs_name	4	26
9a3aa04166613b50	Product Knowledge	Headlights	Closing Strategies 2	needs_name	4	27
5069c94be45e957a	Product Knowledge	Headlights	Closing Strategies 2	needs_name	4	28
ee825897febe3df6	Product Knowledge	Headlights	Closing Strategies 2	needs_name	4	29
c34a594bf84563c2	Product Knowledge	Headlights	Closing Strategies 2	needs_name	4	30
5bc8565ae4a307a7	Product Knowledge	Headlights	Closing Strategies 3	needs_name	5	31
1bd51a91798c7854	Product Knowledge	Headlights	Closing Strategies 3	needs_name	5	32
8afa8e0d6d44fb59	Product Knowledge	Headlights	Closing Strategies 3	needs_name	5	33
973d337c7310661e	Product Knowledge	Headlights	Closing Strategies 3	needs_name	5	34
fede7c239f98b455	Product Knowledge	Headlights	Closing Strategies 3	needs_name	5	35
693d10a7b5c087f4	Product Knowledge	Headlights	Closing Strategies 3	needs_name	5	36
29abd2843b0b5141	Product Knowledge	Headlights	Closing Strategies 3	needs_name	5	37
4c845ea511ce2c77	Product Knowledge	Headlights	Closing Strategies 3	needs_name	5	38
67f52e122592f295	Product Knowledge	Headlights	Closing Strategies 4	needs_name	6	39
e88a7e0be029a839	Product Knowledge	Headlights	Closing Strategies 4	needs_name	6	40
3574e66213ee831e	Product Knowledge	Headlights	Closing Strategies 4	needs_name	6	41
4c14c5cec8fef335	Product Knowledge	Headlights	Closing Strategies 4	needs_name	6	42
ef659e90b0f7cf46	Product Knowledge	Headlights	Closing Strategies 4	needs_name	6	43
3047663804748a4a	Product Knowledge	Hoses	Knowledge Notes 1	needs_name	1	1
8ce591f5d38b33ff	Product Knowledge	Hoses	Knowledge Notes 1	needs_name	1	2
bbe2709810d883fe	Product Knowledge	Hoses	Knowledge Notes 1	needs_name	1	3
a37abbb2323035bf	Product Knowledge	Hoses	Knowledge Notes 1	needs_name	1	4
d635ab27f5b23479	Product Knowledge	Hoses	Knowledge Notes 1	needs_name	1	5
9addc1cedbc3b5b9	Product Knowledge	Hoses	Knowledge Notes 1	needs_name	1	6
0e5ff23f210e0c70	Product Knowledge	Hoses	Knowledge Notes 1	needs_name	1	7
6436c99e980918fd	Product Knowledge	Hoses	Knowledge Notes 1	needs_name	1	8
26b10d8b96e896d7	Product Knowledge	Hoses	Knowledge Notes 2	needs_name	2	9
d8bb176a7ec3e73b	Product Knowledge	Hoses	Knowledge Notes 2	needs_name	2	10
e4d33899ddb32a54	Product Knowledge	Hoses	Knowledge Notes 2	needs_name	2	11
c12dccd3f74c2fab	Product Knowledge	Hoses	Knowledge Notes 2	needs_name	2	12
de53883da9e56066	Product Knowledge	Hoses	Knowledge Notes 2	needs_name	2	13
f1b6f096b3c4097b	Product Knowledge	Hoses	Knowledge Notes 2	needs_name	2	14
87a3bee8a52c6917	Product Knowledge	Hoses	Knowledge Notes 2	needs_name	2	15
bc6259f9fe6da782	Product Knowledge	Hoses	Closing Strategies 1	needs_name	3	16
a028ce6179d611ef	Product Knowledge	Hoses	Closing Strategies 1	needs_name	3	17
9fdbf775e6026eef	Product Knowledge	Hoses	Closing Strategies 1	needs_name	3	18
134da3013e97c1c8	Product Knowledge	Hoses	Closing Strategies 1	needs_name	3	19
ec137ea87347467c	Product Knowledge	Hoses	Closing Strategies 1	needs_name	3	20
62f3e50866af3ec7	Product Knowledge	Hoses	Closing Strategies 1	needs_name	3	21
b169241745b565d1	Product Knowledge	Hoses	Closing Strategies 1	needs_name	3	22
a7a84928ee3dbbdf	Product Knowledge	Hoses	Closing Strategies 1	needs_name	3	23
42ee1902d3ea894f	Product Knowledge	Hoses	Closing Strategies 2	needs_name	4	24
c0d3bacbb51af2e5	Product Knowledge	Hoses	Closing Strategies 2	needs_name	4	25
794dd405c1e022b5	Product Knowledge	Hoses	Closing Strategies 2	needs_name	4	26
8196a5699e62da13	Product Knowledge	Hoses	Closing Strategies 2	needs_name	4	27
01fe1e17dffc405a	Product Knowledge	Hoses	Closing Strategies 2	needs_name	4	28
2b5805a1756a0517	Product Knowledge	Hoses	Closing Strategies 2	needs_name	4	29
0c236b206818b254	Product Knowledge	Hoses	Closing Strategies 2	needs_name	4	30
9c43484fec994651	Product Knowledge	Hoses	Closing Strategies 2	needs_name	4	31
a55cffd8cee366f3	Product Knowledge	Hoses	Closing Strategies 3	needs_name	5	32
3d929ba125046d92	Product Knowledge	Hoses	Closing Strategies 3	needs_name	5	33
a7aa9539f4eb9f14	Product Knowledge	Hoses	Closing Strategies 3	needs_name	5	34
3185aa4774d62fd2	Product Knowledge	Hoses	Closing Strategies 3	needs_name	5	35
fbbe95da6a1bd702	Product Knowledge	Hoses	Closing Strategies 3	needs_name	5	36
19c34042bbd507f7	Product Knowledge	Hoses	Closing Strategies 3	needs_name	5	37
0e58cbc3bec86df0	Product Knowledge	Hoses	Closing Strategies 3	needs_name	5	38
e4330e5c92f232e9	Product Knowledge	Hoses	Closing Strategies 3	needs_name	5	39
e3823e2831a921f7	Product Knowledge	Hoses	Closing Strategies 4	needs_name	6	40
9ef6d029d58ec79d	Product Knowledge	Hoses	Closing Strategies 4	needs_name	6	41
e6483724de9ea218	Product Knowledge	Hoses	Closing Strategies 4	needs_name	6	42
3780ae54e043042d	Product Knowledge	Hoses	Closing Strategies 4	needs_name	6	43
21fd1eb3ee628f88	Product Knowledge	Hoses	Closing Strategies 4	needs_name	6	44
4300626703de1a27	Product Knowledge	Hoses	Closing Strategies 4	needs_name	6	45
1b69643ae016c1f2	Product Knowledge	Hoses	Closing Strategies 4	needs_name	6	46
db4ea051030d2fad	Product Knowledge	Hoses	Closing Strategies 4	needs_name	6	47
66ec0a988a7b6e23	Product Knowledge	Hoses	Closing Strategies 5	needs_name	7	48
5feda753b6f77a0b	Product Knowledge	Plugs	Knowledge Notes 1	needs_name	1	1
f5af4377631c9c07	Product Knowledge	Plugs	Knowledge Notes 1	needs_name	1	2
7ed585a4f1f0e030	Product Knowledge	Plugs	Knowledge Notes 1	needs_name	1	3
77213a01b053348e	Product Knowledge	Plugs	Knowledge Notes 1	needs_name	1	4
0e31b636ff1c1546	Product Knowledge	Plugs	Knowledge Notes 1	needs_name	1	5
a02a690592eabeb3	Product Knowledge	Plugs	Knowledge Notes 1	needs_name	1	6
e02a0af1a1623620	Product Knowledge	Plugs	Knowledge Notes 1	needs_name	1	7
15550151461593ee	Product Knowledge	Plugs	Knowledge Notes 1	needs_name	1	8
49b20bae5dbc20ba	Product Knowledge	Plugs	Knowledge Notes 2	needs_name	2	9
2b9eed070b22c068	Product Knowledge	Plugs	Knowledge Notes 2	needs_name	2	10
8f2b033cce98c657	Product Knowledge	Plugs	Closing Strategies 1	needs_name	3	11
366acecf69c3d4aa	Product Knowledge	Plugs	Closing Strategies 1	needs_name	3	12
e8ceb8f190a38dfd	Product Knowledge	Plugs	Closing Strategies 1	needs_name	3	13
096d313e338d3be3	Product Knowledge	Plugs	Closing Strategies 1	needs_name	3	14
05a3738c71ae2a22	Product Knowledge	Plugs	Closing Strategies 1	needs_name	3	15
62d0501042b4b8d9	Product Knowledge	Plugs	Closing Strategies 1	needs_name	3	16
fb3e6482a9ce88f1	Product Knowledge	Plugs	Closing Strategies 1	needs_name	3	17
f76a6946aa82ca5c	Product Knowledge	Plugs	Closing Strategies 1	needs_name	3	18
235f2407342cf5f3	Product Knowledge	Plugs	Closing Strategies 2	needs_name	4	19
9521fa580ae13290	Product Knowledge	Plugs	Closing Strategies 2	needs_name	4	20
ea8c0e9fc6ebae5d	Product Knowledge	Plugs	Closing Strategies 2	needs_name	4	21
7e4fbfd234303950	Product Knowledge	Plugs	Closing Strategies 2	needs_name	4	22
6959ac52cc9ea162	Product Knowledge	Plugs	Closing Strategies 2	needs_name	4	23
53be1f8ac29d5dfa	Product Knowledge	Plugs	Closing Strategies 2	needs_name	4	24
ac6d1eea5554f638	Product Knowledge	Plugs	Closing Strategies 2	needs_name	4	25
5598e4abb6ca99ff	Product Knowledge	Plugs	Closing Strategies 2	needs_name	4	26
9778e3454b3bfc6f	Product Knowledge	Plugs	Closing Strategies 3	needs_name	5	27
ba361fa9a8f4852f	Product Knowledge	Plugs	Closing Strategies 3	needs_name	5	28
79a2ee88f843de0d	Product Knowledge	Plugs	Closing Strategies 3	needs_name	5	29
b780204c6c79784f	Product Knowledge	Plugs	Closing Strategies 3	needs_name	5	30
308d6e3cd43fc527	Product Knowledge	Timing Belt	Knowledge Notes	needs_name	1	1
181746f6091c3f54	Product Knowledge	Timing Belt	Knowledge Notes	needs_name	1	2
d70bfdcd496b5bc3	Product Knowledge	Timing Belt	Knowledge Notes	needs_name	1	3
5c2c9043bf1ff811	Product Knowledge	Timing Belt	Knowledge Notes	needs_name	1	4
de57f4bbb0d1999d	Product Knowledge	Timing Belt	Knowledge Notes	needs_name	1	5
5a1e8b2e0fe887b5	Product Knowledge	Timing Belt	Knowledge Notes	needs_name	1	6
b1371d6bc696c494	Product Knowledge	Timing Belt	Knowledge Notes	needs_name	1	7
bf4727dcb9642fdc	Product Knowledge	Timing Belt	Knowledge Notes	needs_name	1	8
dc4ab8fdb6b5c48b	Product Knowledge	Timing Belt	Closing Strategies 1	needs_name	2	9
03640040d9344ebf	Product Knowledge	Timing Belt	Closing Strategies 1	needs_name	2	10
c7823831d37c67f0	Product Knowledge	Timing Belt	Closing Strategies 1	needs_name	2	11
39eb6b646f39a76a	Product Knowledge	Timing Belt	Closing Strategies 1	needs_name	2	12
60dc1720bea6f0ae	Product Knowledge	Timing Belt	Closing Strategies 1	needs_name	2	13
f41b2eebfba622bd	Product Knowledge	Timing Belt	Closing Strategies 1	needs_name	2	14
b02aadb81ce305b2	Product Knowledge	Timing Belt	Closing Strategies 1	needs_name	2	15
c923d368037654d4	Product Knowledge	Timing Belt	Closing Strategies 1	needs_name	2	16
40a485f34e37e95a	Product Knowledge	Timing Belt	Closing Strategies 2	needs_name	3	17
95697be37312cdd3	Product Knowledge	Timing Belt	Closing Strategies 2	needs_name	3	18
f9e5991106129014	Product Knowledge	Timing Belt	Closing Strategies 2	needs_name	3	19
887d37dc3ec12fbc	Product Knowledge	Timing Belt	Closing Strategies 2	needs_name	3	20
a1b2464bda93a269	Product Knowledge	Timing Belt	Closing Strategies 2	needs_name	3	21
437efbfd0c257c62	Product Knowledge	Timing Belt	Closing Strategies 2	needs_name	3	22
13a484f0402cbaad	Product Knowledge	Timing Belt	Closing Strategies 2	needs_name	3	23
252fe10b9833a606	Product Knowledge	Timing Belt	Closing Strategies 2	needs_name	3	24
b5af445f51441ccc	Product Knowledge	Tires	Knowledge Notes 1	needs_name	1	1
29b6d238d290e8d4	Product Knowledge	Tires	Knowledge Notes 1	needs_name	1	2
37e0cce8aba311e9	Product Knowledge	Tires	Knowledge Notes 1	needs_name	1	3
bf50d2372cc045e5	Product Knowledge	Tires	Knowledge Notes 1	needs_name	1	4
74bf837a2d281017	Product Knowledge	Tires	Knowledge Notes 1	needs_name	1	5
902007b48fc89b42	Product Knowledge	Tires	Knowledge Notes 1	needs_name	1	6
6867896d1e729c33	Product Knowledge	Tires	Knowledge Notes 1	needs_name	1	7
b2c6e5f69fde80c6	Product Knowledge	Tires	Knowledge Notes 1	needs_name	1	8
19f469c4d16d2e2a	Product Knowledge	Tires	Knowledge Notes 2	needs_name	2	9
d225a0ef71553613	Product Knowledge	Tires	Knowledge Notes 2	needs_name	2	10
34a93887d4bf219d	Product Knowledge	Tires	Knowledge Notes 2	needs_name	2	11
3237a394b3b95a0f	Product Knowledge	Tires	Knowledge Notes 2	needs_name	2	12
4a369b3caaf1b877	Product Knowledge	Tires	Knowledge Notes 2	needs_name	2	13
03c456bbded864d3	Product Knowledge	Tires	Knowledge Notes 2	needs_name	2	14
7945316ad5017e44	Product Knowledge	Tires	Closing Strategies 1	needs_name	3	15
b1fd6dac5989ef81	Product Knowledge	Tires	Closing Strategies 1	needs_name	3	16
92e930fad8213f82	Product Knowledge	Tires	Closing Strategies 1	needs_name	3	17
7c1144c957bd8ca4	Product Knowledge	Tires	Closing Strategies 1	needs_name	3	18
a39dce17d9e1bba2	Product Knowledge	Tires	Closing Strategies 1	needs_name	3	19
1e1a49dcda390e85	Product Knowledge	Tires	Closing Strategies 1	needs_name	3	20
65e8ece8a72d517c	Product Knowledge	Tires	Closing Strategies 1	needs_name	3	21
209ff59e9ca25579	Product Knowledge	Tires	Closing Strategies 1	needs_name	3	22
7daf557a480a5fe4	Product Knowledge	Tires	Closing Strategies 2	needs_name	4	23
8a1e9de2e6a3d428	Product Knowledge	Tires	Closing Strategies 2	needs_name	4	24
e2399c7e2c8c4e67	Product Knowledge	Tires	Closing Strategies 2	needs_name	4	25
781800f91bbcb9cf	Product Knowledge	Tires	Closing Strategies 2	needs_name	4	26
7150f75765607684	Product Knowledge	Tires	Closing Strategies 2	needs_name	4	27
64f882e5ba81bcfc	Product Knowledge	Tires	Closing Strategies 2	needs_name	4	28
61720bb60ef32258	Product Knowledge	Tires	Closing Strategies 2	needs_name	4	29
eb10125e58b06a9c	Product Knowledge	Tires	Closing Strategies 2	needs_name	4	30
fd6d8703e6119c2c	Product Knowledge	Tires	Closing Strategies 3	needs_name	5	31
0dd1c44811aee973	Product Knowledge	Tires	Closing Strategies 3	needs_name	5	32
b325ef079d519778	Product Knowledge	Tires	Closing Strategies 3	needs_name	5	33
0c6f99939d8bf632	Product Knowledge	Wipers	Fall Bundle	ok	1	1
4fdc449a56d760aa	Product Knowledge	Wipers	Fall Bundle	ok	1	2
a26c0604cdd2e9bf	Product Knowledge	Wipers	Fall Bundle	ok	1	3
5b376a0d5a944f66	Product Knowledge	Wipers	Show the Streak	ok	2	4
21de6d11d90eb63a	Product Knowledge	Wipers	Show the Streak	ok	2	5
7d998ff8e6b2d7ab	Product Knowledge	Wipers	Show the Streak	ok	2	6
500dda825ce8641e	Product Knowledge	Wipers	Knowledge Notes	needs_name	3	7
d3f071cfec613cc3	Product Knowledge	Wipers	Knowledge Notes	needs_name	3	8
d2745de705a670f5	Product Knowledge	Wipers	Knowledge Notes	needs_name	3	9
ba9f1fca0f063fd0	Product Knowledge	Wipers	Knowledge Notes	needs_name	3	10
7c55755378ff6962	Product Knowledge	Wipers	Knowledge Notes	needs_name	3	11
8b926be96eaeef25	Product Knowledge	Wipers	Closing Strategies 1	needs_name	4	12
ca8417c4d6646f12	Product Knowledge	Wipers	Closing Strategies 1	needs_name	4	13
8d6de59655f3c941	Product Knowledge	Wipers	Closing Strategies 1	needs_name	4	14
80d12206c7557251	Product Knowledge	Wipers	Closing Strategies 1	needs_name	4	15
871c1de6a623bd61	Product Knowledge	Wipers	Closing Strategies 1	needs_name	4	16
98a9846d0599ecaf	Product Knowledge	Wipers	Closing Strategies 1	needs_name	4	17
4f41b1dbcb8a2046	Product Knowledge	Wipers	Closing Strategies 1	needs_name	4	18
aba522c5566e2897	Product Knowledge	Wipers	Closing Strategies 1	needs_name	4	19
3947b872debfed50	Product Knowledge	Wipers	Closing Strategies 2	needs_name	5	20
6782d32b1d1c8f6a	Product Knowledge	Wipers	Closing Strategies 2	needs_name	5	21
b93857098d8cf475	Product Knowledge	Wipers	Closing Strategies 2	needs_name	5	22
62abe14aded3f036	Product Knowledge	Wipers	Closing Strategies 2	needs_name	5	23
4f93087ae47feb2b	Product Knowledge	Wipers	Closing Strategies 2	needs_name	5	24
450d419f593ac632	Product Knowledge	Wipers	Closing Strategies 2	needs_name	5	25
9e3838b30b06932b	Product Knowledge	Wipers	Closing Strategies 2	needs_name	5	26
c2f3d68045f426e0	Service Knowledge	AC HVAC	Beat the Heat	ok	1	1
68d326945a6c423b	Service Knowledge	AC HVAC	Beat the Heat	ok	1	2
6472594a37ba0446	Service Knowledge	AC HVAC	Beat the Heat	ok	1	3
8c709956657d0214	Service Knowledge	AC HVAC	Arctic Blast	ok	2	4
b339bdb548115362	Service Knowledge	AC HVAC	Arctic Blast	ok	2	5
ee76a536ab508c71	Service Knowledge	AC HVAC	Arctic Blast	ok	2	6
1d1baad71e788e42	Service Knowledge	AC HVAC	Arctic Blast	ok	2	7
a38a161be978c9f1	Service Knowledge	AC HVAC	Arctic Blast	ok	2	8
a46d9080c8e78197	Service Knowledge	AC HVAC	Knowledge Notes 1	needs_name	3	9
a1fa2447a20154c8	Service Knowledge	AC HVAC	Knowledge Notes 1	needs_name	3	10
a9c125d71a3e1b50	Service Knowledge	AC HVAC	Knowledge Notes 1	needs_name	3	11
8a144f8043447403	Service Knowledge	AC HVAC	Knowledge Notes 1	needs_name	3	12
d155a014fcbe24b0	Service Knowledge	AC HVAC	Knowledge Notes 1	needs_name	3	13
389a969152da0f88	Service Knowledge	AC HVAC	Knowledge Notes 1	needs_name	3	14
83547942134f0a31	Service Knowledge	AC HVAC	Knowledge Notes 1	needs_name	3	15
1ea22417988d5e6b	Service Knowledge	AC HVAC	Knowledge Notes 1	needs_name	3	16
237eef3bc8de0577	Service Knowledge	AC HVAC	Knowledge Notes 2	needs_name	4	17
63e7d3341f555740	Service Knowledge	AC HVAC	Knowledge Notes 2	needs_name	4	18
2c009174e33cc572	Service Knowledge	AC HVAC	Knowledge Notes 2	needs_name	4	19
91884a97e9a6e633	Service Knowledge	AC HVAC	Knowledge Notes 2	needs_name	4	20
54eab16d6d898584	Service Knowledge	AC HVAC	Knowledge Notes 2	needs_name	4	21
0bbed0fa43b5eb78	Service Knowledge	AC HVAC	Knowledge Notes 2	needs_name	4	22
eec6995b7b479640	Service Knowledge	AC HVAC	Knowledge Notes 2	needs_name	4	23
1f209e8fcd925069	Service Knowledge	AC HVAC	Knowledge Notes 2	needs_name	4	24
5bd186ab8a2c1d3c	Service Knowledge	AC HVAC	Knowledge Notes 3	needs_name	5	25
ec07b6049b659898	Service Knowledge	AC HVAC	Knowledge Notes 3	needs_name	5	26
94d35c45e66ea4b4	Service Knowledge	AC HVAC	Knowledge Notes 3	needs_name	5	27
27fbbf0f521a3281	Service Knowledge	AC HVAC	Knowledge Notes 3	needs_name	5	28
79e83e9d4c0d5747	Service Knowledge	AC HVAC	Knowledge Notes 3	needs_name	5	29
68bc5b281bea3ab8	Service Knowledge	AC HVAC	Knowledge Notes 3	needs_name	5	30
9d11a6eca1e1cefc	Service Knowledge	AC HVAC	Knowledge Notes 3	needs_name	5	31
6be79d7e1d7dbcb3	Service Knowledge	AC HVAC	Knowledge Notes 3	needs_name	5	32
50ff98a7ca847289	Service Knowledge	AC HVAC	Knowledge Notes 4	needs_name	6	33
137db2681a79bf7b	Service Knowledge	AC HVAC	Knowledge Notes 4	needs_name	6	34
34837ccd3720d1ea	Service Knowledge	AC HVAC	Knowledge Notes 4	needs_name	6	35
c919a27778a2b97b	Service Knowledge	AC HVAC	Knowledge Notes 4	needs_name	6	36
252ff2727cee82e4	Service Knowledge	AC HVAC	Knowledge Notes 4	needs_name	6	37
4c9a5bda7a19f86e	Service Knowledge	AC HVAC	Knowledge Notes 4	needs_name	6	38
a61528df41e52b3e	Service Knowledge	AC HVAC	Closing Strategies 1	needs_name	7	39
dbe6aee824011fa1	Service Knowledge	AC HVAC	Closing Strategies 1	needs_name	7	40
cd91eff3adcf5e54	Service Knowledge	AC HVAC	Closing Strategies 1	needs_name	7	41
ac0d258d382600be	Service Knowledge	AC HVAC	Closing Strategies 1	needs_name	7	42
358a7eae8c4d4b70	Service Knowledge	AC HVAC	Closing Strategies 1	needs_name	7	43
d66c8d8f08177ffd	Service Knowledge	AC HVAC	Closing Strategies 1	needs_name	7	44
72ad11ebaae3fbae	Service Knowledge	AC HVAC	Closing Strategies 1	needs_name	7	45
14cd2eb8a7da9f03	Service Knowledge	AC HVAC	Closing Strategies 1	needs_name	7	46
7353785bd37504a9	Service Knowledge	AC HVAC	Closing Strategies 2	needs_name	8	47
da2a9b7662461374	Service Knowledge	AC HVAC	Closing Strategies 2	needs_name	8	48
9752ca0479071b96	Service Knowledge	AC HVAC	Closing Strategies 2	needs_name	8	49
30ae7d18c36d95ce	Service Knowledge	AC HVAC	Closing Strategies 2	needs_name	8	50
6e22242cbc18e696	Service Knowledge	AC HVAC	Closing Strategies 2	needs_name	8	51
b8bef495b4d7e825	Service Knowledge	AC HVAC	Closing Strategies 2	needs_name	8	52
fad6ce57b61ff0e8	Service Knowledge	AC HVAC	Closing Strategies 2	needs_name	8	53
e7bb537555887383	Service Knowledge	AC HVAC	Closing Strategies 2	needs_name	8	54
626c52df4b3c7e11	Service Knowledge	AC HVAC	Closing Strategies 3	needs_name	9	55
e7d71e3ac679eb00	Service Knowledge	AC HVAC	Closing Strategies 3	needs_name	9	56
3ee5b195684d10bb	Service Knowledge	AC HVAC	Closing Strategies 3	needs_name	9	57
e90c66bd43c8d8eb	Service Knowledge	AC HVAC	Closing Strategies 3	needs_name	9	58
a7befb089391693b	Service Knowledge	AC HVAC	Closing Strategies 3	needs_name	9	59
7ea85bdcd0109dc1	Service Knowledge	AC HVAC	Closing Strategies 3	needs_name	9	60
f5ad429eb1130279	Service Knowledge	AC HVAC	Closing Strategies 3	needs_name	9	61
76d77eecda23d675	Service Knowledge	AC HVAC	Closing Strategies 3	needs_name	9	62
5a28e8cdabb6c905	Service Knowledge	AC HVAC	Closing Strategies 4	needs_name	10	63
8616cc4dcafe268e	Service Knowledge	AC HVAC	Closing Strategies 4	needs_name	10	64
12066e82279721c2	Service Knowledge	AC HVAC	Closing Strategies 4	needs_name	10	65
151e6d2a111f1e59	Service Knowledge	AC HVAC	Closing Strategies 4	needs_name	10	66
49f66b4dc4771db6	Service Knowledge	AC HVAC	Closing Strategies 4	needs_name	10	67
015d70cec53acdcf	Service Knowledge	AC HVAC	Closing Strategies 4	needs_name	10	68
301680dee36fe4da	Service Knowledge	AC HVAC	Closing Strategies 4	needs_name	10	69
160571e2c5a9d39c	Service Knowledge	AC HVAC	Closing Strategies 4	needs_name	10	70
e8d48a2a267db7d0	Service Knowledge	AC HVAC	Closing Strategies 5	needs_name	11	71
aa1d7f57de46d72f	Service Knowledge	AC HVAC	Closing Strategies 5	needs_name	11	72
4b56255919b85f3e	Service Knowledge	AC HVAC	Closing Strategies 5	needs_name	11	73
3530718b9b26ac09	Service Knowledge	AC HVAC	Closing Strategies 5	needs_name	11	74
349db30e0b9f5b18	Service Knowledge	AC HVAC	Closing Strategies 5	needs_name	11	75
fc0d607302f228a2	Service Knowledge	AC HVAC	Closing Strategies 5	needs_name	11	76
d2cfa6b9fb35bb39	Service Knowledge	AC HVAC	Closing Strategies 5	needs_name	11	77
1f2ac73d3cd0c381	Service Knowledge	AC HVAC	Closing Strategies 5	needs_name	11	78
d6ccdb53420c01ca	Service Knowledge	AC HVAC	Closing Strategies 6	needs_name	12	79
6d05548c52ff4636	Service Knowledge	AC HVAC	Closing Strategies 6	needs_name	12	80
f49d89b7087fefab	Service Knowledge	AC HVAC	Closing Strategies 6	needs_name	12	81
5d71d53396dbda7c	Service Knowledge	AC HVAC	Closing Strategies 6	needs_name	12	82
2566163ca12514b5	Service Knowledge	AC HVAC	Closing Strategies 6	needs_name	12	83
3ec6ec63d884a458	Service Knowledge	AC HVAC	Closing Strategies 6	needs_name	12	84
324cb9e10376c647	Service Knowledge	AC HVAC	Closing Strategies 6	needs_name	12	85
56d142323a61228e	Service Knowledge	AC HVAC	Closing Strategies 6	needs_name	12	86
51e0fc0c1602c14b	Service Knowledge	AC HVAC	Closing Strategies 7	needs_name	13	87
9fd29c70feddffad	Service Knowledge	AC HVAC	Closing Strategies 7	needs_name	13	88
5fdb5bc393bc4ed6	Service Knowledge	AC HVAC	Closing Strategies 7	needs_name	13	89
27d4536cdd8893c6	Service Knowledge	AC HVAC	Closing Strategies 7	needs_name	13	90
ba8d4c9383056384	Service Knowledge	AC HVAC	Closing Strategies 7	needs_name	13	91
73a415866e9f0972	Service Knowledge	AC HVAC	Closing Strategies 7	needs_name	13	92
58ad2376ada5d7b6	Service Knowledge	AC HVAC	Closing Strategies 7	needs_name	13	93
33ae40ae4de33c91	Service Knowledge	AC HVAC	Closing Strategies 7	needs_name	13	94
bf5a96d3dbeeea68	Service Knowledge	AC HVAC	Closing Strategies 8	needs_name	14	95
0ddb16142cd979b9	Service Knowledge	Brake Fluid	Brake Fluid Science	ok	1	1
e6c389c58c62a0aa	Service Knowledge	Brake Fluid	Brake Fluid Science	ok	1	2
295171f651e23337	Service Knowledge	Brake Fluid	Brake Fluid Science	ok	1	3
ed7e4ce02e8da95f	Service Knowledge	Brake Fluid	Brake Fluid Science	ok	1	4
1d100a5349d0a06f	Service Knowledge	Brake Fluid	Brake Fluid Science	ok	1	5
89247807da5bac7f	Service Knowledge	Brake Fluid	Brake Fluid Warranty	ok	2	6
66df8a74b1f5c6d0	Service Knowledge	Brake Fluid	Brake Fluid Warranty	ok	2	7
c7c687a0fd8d3d7e	Service Knowledge	Brake Fluid	Brake Fluid Warranty	ok	2	8
095bb9ea12278af1	Service Knowledge	Brake Fluid	Brake Fluid Warranty	ok	2	9
e948a63ae4d53cdd	Service Knowledge	Brake Fluid	Brake Fluid Warranty	ok	2	10
3344a4c66f296108	Service Knowledge	Brake Fluid	Brake Fluid Warranty	ok	2	11
1fd2bb12f51843e0	Service Knowledge	Brake Fluid	Brake Fluid Warranty	ok	2	12
05ac44c9283c855e	Service Knowledge	Brake Fluid	Knowledge Notes 1	needs_name	3	13
ad873fae8669f198	Service Knowledge	Brake Fluid	Knowledge Notes 1	needs_name	3	14
6ea1579172081859	Service Knowledge	Brake Fluid	Knowledge Notes 1	needs_name	3	15
d7ba3ba74d0c8b77	Service Knowledge	Brake Fluid	Knowledge Notes 1	needs_name	3	16
1b0abca3ec76778b	Service Knowledge	Brake Fluid	Knowledge Notes 1	needs_name	3	17
0dff5e77fa8d7413	Service Knowledge	Brake Fluid	Knowledge Notes 1	needs_name	3	18
9e54980df944ac0c	Service Knowledge	Brake Fluid	Knowledge Notes 1	needs_name	3	19
b2553713cef74f7b	Service Knowledge	Brake Fluid	Knowledge Notes 1	needs_name	3	20
d78ec03b389b13f2	Service Knowledge	Brake Fluid	Knowledge Notes 2	needs_name	4	21
16fb3ff837ae1c0b	Service Knowledge	Brake Fluid	Knowledge Notes 2	needs_name	4	22
d2fb7c0351c1f484	Service Knowledge	Brake Fluid	Knowledge Notes 2	needs_name	4	23
390c359f689c4660	Service Knowledge	Brake Fluid	Knowledge Notes 2	needs_name	4	24
95f001e9be059faf	Service Knowledge	Brake Fluid	Knowledge Notes 2	needs_name	4	25
8546aa335fcd21de	Service Knowledge	Brake Fluid	Knowledge Notes 2	needs_name	4	26
c120af0721880269	Service Knowledge	Brake Fluid	Knowledge Notes 2	needs_name	4	27
21fdefd079986a51	Service Knowledge	Brake Fluid	Knowledge Notes 2	needs_name	4	28
fb67a62d4b18f539	Service Knowledge	Brake Fluid	Knowledge Notes 3	needs_name	5	29
9499a663c05f7c7e	Service Knowledge	Brake Fluid	Knowledge Notes 3	needs_name	5	30
9f4cc3c56cfdc9a5	Service Knowledge	Brake Fluid	Knowledge Notes 3	needs_name	5	31
03761de0c7547aad	Service Knowledge	Brake Fluid	Closing Strategies 1	needs_name	6	32
d57123b7b3010c3a	Service Knowledge	Brake Fluid	Closing Strategies 1	needs_name	6	33
0c56e556c37bcf98	Service Knowledge	Brake Fluid	Closing Strategies 1	needs_name	6	34
3c9475a78b62f814	Service Knowledge	Brake Fluid	Closing Strategies 1	needs_name	6	35
b217efec12b989f4	Service Knowledge	Brake Fluid	Closing Strategies 1	needs_name	6	36
5947825e8f337962	Service Knowledge	Brake Fluid	Closing Strategies 1	needs_name	6	37
6f6d970fa010cddc	Service Knowledge	Brake Fluid	Closing Strategies 1	needs_name	6	38
20ec06617a1f2d1b	Service Knowledge	Brake Fluid	Closing Strategies 1	needs_name	6	39
06506fcac7ca7cd8	Service Knowledge	Brake Fluid	Closing Strategies 2	needs_name	7	40
f8f6d512022611b6	Service Knowledge	Brake Fluid	Closing Strategies 2	needs_name	7	41
ce1ed49bc7694328	Service Knowledge	Brake Fluid	Closing Strategies 2	needs_name	7	42
2472afaf0295b6aa	Service Knowledge	Brake Fluid	Closing Strategies 2	needs_name	7	43
afac88e1d04e8127	Service Knowledge	Brake Fluid	Closing Strategies 2	needs_name	7	44
9d16a274bc3ce277	Service Knowledge	Brake Fluid	Closing Strategies 2	needs_name	7	45
e51d4e894a94a438	Service Knowledge	Brake Fluid	Closing Strategies 2	needs_name	7	46
f2327fc69b81fbc3	Service Knowledge	Brake Fluid	Closing Strategies 2	needs_name	7	47
d888e68304bd2aec	Service Knowledge	Brake Fluid	Closing Strategies 3	needs_name	8	48
d7aa6ae44fd57e88	Service Knowledge	Brake Fluid	Closing Strategies 3	needs_name	8	49
0e59de3fe0d1a7ac	Service Knowledge	Brake Fluid	Closing Strategies 3	needs_name	8	50
dd852242522eee20	Service Knowledge	Brake Fluid	Closing Strategies 3	needs_name	8	51
bdc867eebd0e9776	Service Knowledge	Brake Fluid	Closing Strategies 3	needs_name	8	52
9717c5b75dde310a	Service Knowledge	Brake Fluid	Closing Strategies 3	needs_name	8	53
8fe42f64b25a75f9	Service Knowledge	Brake Fluid	Closing Strategies 3	needs_name	8	54
8595d15dcffd5540	Service Knowledge	Brake Fluid	Closing Strategies 3	needs_name	8	55
09c1c8c442bfd9bb	Service Knowledge	Brake Fluid	Closing Strategies 4	needs_name	9	56
54fde5209406cb0c	Service Knowledge	Brake Fluid	Closing Strategies 4	needs_name	9	57
067c3b60b482ff9f	Service Knowledge	Brake Fluid	Closing Strategies 4	needs_name	9	58
672dd11dc7e62783	Service Knowledge	Brake Fluid	Closing Strategies 4	needs_name	9	59
83c1eec88c07592a	Service Knowledge	Brake Fluid	Closing Strategies 4	needs_name	9	60
5c3db55397eca986	Service Knowledge	Brake Fluid	Closing Strategies 4	needs_name	9	61
ff22335bacc6c251	Service Knowledge	Brake Fluid	Closing Strategies 4	needs_name	9	62
11b514a5aea15e18	Service Knowledge	Brake Fluid	Closing Strategies 4	needs_name	9	63
87ae71942762798c	Service Knowledge	Brake Fluid	Closing Strategies 5	needs_name	10	64
1a0a53c94df69d93	Service Knowledge	Brake Fluid	Closing Strategies 5	needs_name	10	65
b7a133cbc0c282af	Service Knowledge	Brake Fluid	Closing Strategies 5	needs_name	10	66
976e6bb65d4d935b	Service Knowledge	Brake Fluid	Closing Strategies 5	needs_name	10	67
dd654dbb6d687dcc	Service Knowledge	Brake Fluid	Closing Strategies 5	needs_name	10	68
40502da56a075dea	Service Knowledge	Brake Fluid	Closing Strategies 5	needs_name	10	69
18efef8bdbdd002d	Service Knowledge	Brake Fluid	Closing Strategies 5	needs_name	10	70
65516707341673cf	Service Knowledge	Brake Fluid	Closing Strategies 5	needs_name	10	71
25eec363d85e7feb	Service Knowledge	Brake Fluid	Closing Strategies 6	needs_name	11	72
a367cc61e3394bc4	Service Knowledge	Brake Fluid	Closing Strategies 6	needs_name	11	73
834ecdc14f7764b9	Service Knowledge	Brake Fluid	Closing Strategies 6	needs_name	11	74
825efeff3f6ad4a5	Service Knowledge	Coolant	Coolant Exchanges	ok	1	1
0d9f0f23f06d76ca	Service Knowledge	Coolant	Coolant Exchanges	ok	1	2
6dec098cb243e62a	Service Knowledge	Coolant	Coolant Exchanges	ok	1	3
1493d298b67d4fe0	Service Knowledge	Coolant	Coolant Exchanges	ok	1	4
ea20590541706989	Service Knowledge	Coolant	Coolant Exchanges	ok	1	5
28f5ef0e186a440a	Service Knowledge	Coolant	Coolant Exchanges	ok	1	6
6e9c39d7f3a4d404	Service Knowledge	Coolant	Coolant Exchanges	ok	1	7
fa199469c3e68f0b	Service Knowledge	Coolant	Coolant Exchange Warranty	ok	2	8
c289a8bdd3dce6bc	Service Knowledge	Coolant	Coolant Exchange Warranty	ok	2	9
c43e9feaa43885c4	Service Knowledge	Coolant	Coolant Exchange Warranty	ok	2	10
0199ea79a3842b31	Service Knowledge	Coolant	Coolant Exchange Warranty	ok	2	11
4d1f026f3c805524	Service Knowledge	Coolant	Coolant Exchange Warranty	ok	2	12
a2c74b926f274fd5	Service Knowledge	Coolant	Coolant Exchange Word Track	ok	3	13
7720f1684d3f7edf	Service Knowledge	Coolant	Coolant Exchange Word Track	ok	3	14
a8ac01ee40f3778e	Service Knowledge	Coolant	Coolant Exchange Word Track	ok	3	15
f63eb31299e38789	Service Knowledge	Coolant	Coolant Exchange Word Track	ok	3	16
4de136313ee68b46	Service Knowledge	Coolant	Coolant Exchange Word Track	ok	3	17
4c1ca8b57ddac6d8	Service Knowledge	Coolant	Coolant Exchange Word Track	ok	3	18
2ba5ca791eb8cd3b	Service Knowledge	Coolant	Knowledge Notes 1	needs_name	4	19
e9185c6c573eefd5	Service Knowledge	Coolant	Knowledge Notes 1	needs_name	4	20
ef73e5d5acb4c091	Service Knowledge	Coolant	Knowledge Notes 1	needs_name	4	21
97b87b515e44c24e	Service Knowledge	Coolant	Knowledge Notes 1	needs_name	4	22
88cba3680fd7992b	Service Knowledge	Coolant	Knowledge Notes 1	needs_name	4	23
d9079cc41113b86d	Service Knowledge	Coolant	Knowledge Notes 1	needs_name	4	24
c975da5071dec359	Service Knowledge	Coolant	Knowledge Notes 1	needs_name	4	25
5c2c66e54f3ad664	Service Knowledge	Coolant	Knowledge Notes 1	needs_name	4	26
3da658194f5a19eb	Service Knowledge	Coolant	Knowledge Notes 2	needs_name	5	27
b6ed0e641018e457	Service Knowledge	Coolant	Knowledge Notes 2	needs_name	5	28
7e3a4855cadced3e	Service Knowledge	Coolant	Knowledge Notes 2	needs_name	5	29
8bb2a70c7e7eb3b8	Service Knowledge	Coolant	Closing Strategies 1	needs_name	6	30
0ad81382a3076c84	Service Knowledge	Coolant	Closing Strategies 1	needs_name	6	31
7a2d292864c7f17e	Service Knowledge	Coolant	Closing Strategies 1	needs_name	6	32
71809f63a5d622a8	Service Knowledge	Coolant	Closing Strategies 1	needs_name	6	33
f7f3aa203af343f9	Service Knowledge	Coolant	Closing Strategies 1	needs_name	6	34
05c0c0be106dca44	Service Knowledge	Coolant	Closing Strategies 1	needs_name	6	35
283d2b47fb757f38	Service Knowledge	Coolant	Closing Strategies 1	needs_name	6	36
de8dbdf4bc4d0106	Service Knowledge	Coolant	Closing Strategies 1	needs_name	6	37
7f8b440414f5dbe4	Service Knowledge	Coolant	Closing Strategies 2	needs_name	7	38
0495ad4992c87e65	Service Knowledge	Coolant	Closing Strategies 2	needs_name	7	39
cb5915fe9c244c2c	Service Knowledge	Coolant	Closing Strategies 2	needs_name	7	40
35adfbda3436d72d	Service Knowledge	Coolant	Closing Strategies 2	needs_name	7	41
6d6b423cfc10f8bb	Service Knowledge	Coolant	Closing Strategies 2	needs_name	7	42
cfbb64cb706be8d4	Service Knowledge	Coolant	Closing Strategies 2	needs_name	7	43
df2a5ce3e2957ab1	Service Knowledge	Coolant	Closing Strategies 2	needs_name	7	44
0b6c4f4f8339364f	Service Knowledge	Coolant	Closing Strategies 2	needs_name	7	45
15f699251b27dc0b	Service Knowledge	Coolant	Closing Strategies 3	needs_name	8	46
41890077d533453a	Service Knowledge	Coolant	Closing Strategies 3	needs_name	8	47
e883cbd17a6ab0b3	Service Knowledge	Coolant	Closing Strategies 3	needs_name	8	48
8f73ca1a983ca2bc	Service Knowledge	Coolant	Closing Strategies 3	needs_name	8	49
eea748c5a8a9e1f6	Service Knowledge	Coolant	Closing Strategies 3	needs_name	8	50
5ce059eb280965e1	Service Knowledge	Coolant	Closing Strategies 3	needs_name	8	51
6b0c92fc89eaba56	Service Knowledge	Coolant	Closing Strategies 3	needs_name	8	52
6725356ae9415646	Service Knowledge	Coolant	Closing Strategies 3	needs_name	8	53
af78665209f9a473	Service Knowledge	Coolant	Closing Strategies 4	needs_name	9	54
a5cb94f0fc4f1bd7	Service Knowledge	Coolant	Closing Strategies 4	needs_name	9	55
7a96d87c6e6b6454	Service Knowledge	Coolant	Closing Strategies 4	needs_name	9	56
23f9fb49409334c4	Service Knowledge	Coolant	Closing Strategies 4	needs_name	9	57
12ca829de1f6c6f8	Service Knowledge	Coolant	Closing Strategies 4	needs_name	9	58
1bac0a71db87f8fc	Service Knowledge	Coolant	Closing Strategies 4	needs_name	9	59
a6fa0ece860825e7	Service Knowledge	Coolant	Closing Strategies 4	needs_name	9	60
a0f125471627708c	Service Knowledge	Decarb	Decarb Service Word Track	ok	1	1
b1eb7d0f370260a1	Service Knowledge	Decarb	Decarb Service Word Track	ok	1	2
4292671bc4c9ebf4	Service Knowledge	Decarb	Decarb Service Word Track	ok	1	3
eabfe78d2d20feee	Service Knowledge	Decarb	Decarb Service Word Track	ok	1	4
9ce9aaa201c8317c	Service Knowledge	Decarb	Decarb Product Knowledge	ok	2	5
c42db33ef2602831	Service Knowledge	Decarb	Decarb Product Knowledge	ok	2	6
b4cb832f61cf07a1	Service Knowledge	Decarb	Decarb Product Knowledge	ok	2	7
e062891eabec0a27	Service Knowledge	Decarb	Knowledge Notes 1	needs_name	3	8
56a6d0ab85822201	Service Knowledge	Decarb	Knowledge Notes 1	needs_name	3	9
1dfeca4aa923b8b4	Service Knowledge	Decarb	Knowledge Notes 1	needs_name	3	10
2c3a103b815d90f2	Service Knowledge	Decarb	Knowledge Notes 1	needs_name	3	11
e84bcd564d6e032f	Service Knowledge	Decarb	Knowledge Notes 1	needs_name	3	12
9cee3f57150f2285	Service Knowledge	Decarb	Knowledge Notes 1	needs_name	3	13
d1ed6386dddb8112	Service Knowledge	Decarb	Knowledge Notes 1	needs_name	3	14
f2b926a7145531fd	Service Knowledge	Decarb	Knowledge Notes 1	needs_name	3	15
e25779205ba2c6dd	Service Knowledge	Decarb	Knowledge Notes 2	needs_name	4	16
06e0a295771be936	Service Knowledge	Decarb	Closing Strategies 1	needs_name	5	17
eba1d57157489b29	Service Knowledge	Decarb	Closing Strategies 1	needs_name	5	18
dbbac653fa606aae	Service Knowledge	Decarb	Closing Strategies 1	needs_name	5	19
fd603bf8e029d869	Service Knowledge	Decarb	Closing Strategies 1	needs_name	5	20
3dd76d1d35c7b3d0	Service Knowledge	Decarb	Closing Strategies 1	needs_name	5	21
3565a5982df08545	Service Knowledge	Decarb	Closing Strategies 1	needs_name	5	22
2359cb574d8c7921	Service Knowledge	Decarb	Closing Strategies 1	needs_name	5	23
e288faa1cccb79e4	Service Knowledge	Decarb	Closing Strategies 1	needs_name	5	24
48e6eb4675953dcf	Service Knowledge	Decarb	Closing Strategies 2	needs_name	6	25
df98aec56bf4db10	Service Knowledge	Decarb	Closing Strategies 2	needs_name	6	26
c042fb9781444dd4	Service Knowledge	Decarb	Closing Strategies 2	needs_name	6	27
60c1ee73015f7376	Service Knowledge	Decarb	Closing Strategies 2	needs_name	6	28
83983d55480c4e33	Service Knowledge	Decarb	Closing Strategies 2	needs_name	6	29
474686d45dc79783	Service Knowledge	Decarb	Closing Strategies 2	needs_name	6	30
825e79eaa5285a31	Service Knowledge	Decarb	Closing Strategies 2	needs_name	6	31
b2194fa609a594aa	Service Knowledge	Decarb	Closing Strategies 2	needs_name	6	32
369a736e670ea05e	Service Knowledge	Decarb	Closing Strategies 3	needs_name	7	33
ebf40732757ab973	Service Knowledge	Decarb	Closing Strategies 3	needs_name	7	34
57e472b90d03c91c	Service Knowledge	Decarb	Closing Strategies 3	needs_name	7	35
b4faa596e7bc087e	Service Knowledge	Decarb	Closing Strategies 3	needs_name	7	36
5b518a6a6bf198db	Service Knowledge	Decarb	Closing Strategies 3	needs_name	7	37
e94d68534047939a	Service Knowledge	Decarb	Closing Strategies 3	needs_name	7	38
6687a3c8717b0f1e	Service Knowledge	Decarb	Closing Strategies 3	needs_name	7	39
1cafbd1cd06cf015	Service Knowledge	Decarb	Closing Strategies 3	needs_name	7	40
44b5ca4447b9dee1	Service Knowledge	Decarb	Closing Strategies 4	needs_name	8	41
9302d1ced0b36605	Service Knowledge	Decarb	Closing Strategies 4	needs_name	8	42
901b0271228f7c94	Service Knowledge	Decarb	Closing Strategies 4	needs_name	8	43
ec49882de384e24d	Service Knowledge	Decarb	Closing Strategies 4	needs_name	8	44
76e9a909cc5c8e8a	Service Knowledge	Decarb	Closing Strategies 4	needs_name	8	45
0867bd203e7c3fc1	Service Knowledge	Decarb	Closing Strategies 4	needs_name	8	46
8ef768b712a70615	Service Knowledge	Diff	Differential/Transfer Case Service Warranty	ok	1	1
7cc152c489d4f4bc	Service Knowledge	Diff	Differential/Transfer Case Service Warranty	ok	1	2
414b395da47425e9	Service Knowledge	Diff	Differential/Transfer Case Service Warranty	ok	1	3
b9e998770b3ca635	Service Knowledge	Diff	Differential/Transfer Case Service Warranty	ok	1	4
f5f060154c54b948	Service Knowledge	Diff	Differential/Transfer Case Service Warranty	ok	1	5
82d50a0f3b18572d	Service Knowledge	Diff	Gear Oil Product Knowledge	ok	2	6
773330b77a724b56	Service Knowledge	Diff	Gear Oil Product Knowledge	ok	2	7
f3b8c69e3a8a949d	Service Knowledge	Diff	Gear Oil Product Knowledge	ok	2	8
46b0df4d98c51829	Service Knowledge	Diff	Gear Oil Product Knowledge	ok	2	9
82d5b3703242ba86	Service Knowledge	Diff	Gear Oil Product Knowledge	ok	2	10
74c7bf2d70cfcf45	Service Knowledge	Diff	Gear Oil Product Knowledge	ok	2	11
e8afa3d8aa7dff38	Service Knowledge	Diff	Differential Warranty	ok	3	12
1c660cc532df724a	Service Knowledge	Diff	Differential Warranty	ok	3	13
3144bf603151e62d	Service Knowledge	Diff	Differential Warranty	ok	3	14
783f91c622f028ae	Service Knowledge	Diff	Differential Warranty	ok	3	15
2c07b019cef0c99b	Service Knowledge	Diff	Differential Warranty	ok	3	16
5ec0d6c932ef5bb0	Service Knowledge	Diff	Differential Warranty	ok	3	17
f68b6d6f7d6d17cd	Service Knowledge	Diff	Differential Mindset	ok	4	18
d046f0e7361f804e	Service Knowledge	Diff	Differential Mindset	ok	4	19
455e880ab9cd7f06	Service Knowledge	Diff	Differential Mindset	ok	4	20
69a18d2e74b25a9c	Service Knowledge	Diff	Differential Mindset	ok	4	21
6c33fb5934e9828f	Service Knowledge	Diff	Knowledge Notes 1	needs_name	5	22
0c0cb48f287445e5	Service Knowledge	Diff	Knowledge Notes 1	needs_name	5	23
d13ddca8c043c2f9	Service Knowledge	Diff	Knowledge Notes 1	needs_name	5	24
f53bf98b62ea5344	Service Knowledge	Diff	Knowledge Notes 1	needs_name	5	25
f878fa27b4391a17	Service Knowledge	Diff	Knowledge Notes 1	needs_name	5	26
7f60736dbf6a60f9	Service Knowledge	Diff	Knowledge Notes 1	needs_name	5	27
62fe855277c7e160	Service Knowledge	Diff	Knowledge Notes 1	needs_name	5	28
0792af43d8f417fd	Service Knowledge	Diff	Knowledge Notes 1	needs_name	5	29
4e17319379f29558	Service Knowledge	Diff	Knowledge Notes 2	needs_name	6	30
bbd40e58445ec9ce	Service Knowledge	Diff	Knowledge Notes 2	needs_name	6	31
251b14bfb136af29	Service Knowledge	Diff	Knowledge Notes 2	needs_name	6	32
9d6f4a0e57e66569	Service Knowledge	Diff	Knowledge Notes 2	needs_name	6	33
e286a70e0992928e	Service Knowledge	Diff	Knowledge Notes 2	needs_name	6	34
0d26d1a136db4e9d	Service Knowledge	Diff	Closing Strategies 1	needs_name	7	35
5d41fae7b7dfd54a	Service Knowledge	Diff	Closing Strategies 1	needs_name	7	36
b2386466a4c343f1	Service Knowledge	Diff	Closing Strategies 1	needs_name	7	37
dc358fb58ba82709	Service Knowledge	Diff	Closing Strategies 1	needs_name	7	38
c55b2fedcb9bbf64	Service Knowledge	Diff	Closing Strategies 1	needs_name	7	39
9b1bcc3189ef8f43	Service Knowledge	Diff	Closing Strategies 1	needs_name	7	40
06506fcac7ca7cd8	Service Knowledge	Diff	Closing Strategies 1	needs_name	7	41
62da9878a94095ee	Service Knowledge	Diff	Closing Strategies 1	needs_name	7	42
60352b12a264e5f8	Service Knowledge	Diff	Closing Strategies 2	needs_name	8	43
ea9396b128e320a5	Service Knowledge	Diff	Closing Strategies 2	needs_name	8	44
fcfc2dbcc56edd57	Service Knowledge	Diff	Closing Strategies 2	needs_name	8	45
74b4c3ace39b6441	Service Knowledge	Diff	Closing Strategies 2	needs_name	8	46
93a1b9c58f547251	Service Knowledge	Diff	Closing Strategies 2	needs_name	8	47
0ac16e5627e64dae	Service Knowledge	Diff	Closing Strategies 2	needs_name	8	48
ebfac937fa1b8110	Service Knowledge	Diff	Closing Strategies 2	needs_name	8	49
74c0940d82a74109	Service Knowledge	Diff	Closing Strategies 2	needs_name	8	50
bba85bdc557bc0b2	Service Knowledge	Diff	Closing Strategies 3	needs_name	9	51
878c886faa378788	Service Knowledge	Diff	Closing Strategies 3	needs_name	9	52
16e09ac232dffed6	Service Knowledge	Diff	Closing Strategies 3	needs_name	9	53
de7e110b818679cf	Service Knowledge	Diff	Closing Strategies 3	needs_name	9	54
b633aa381631143f	Service Knowledge	Diff	Closing Strategies 3	needs_name	9	55
faf351c69603ab89	Service Knowledge	Diff	Closing Strategies 3	needs_name	9	56
e5f1bee329a0e419	Service Knowledge	Diff	Closing Strategies 3	needs_name	9	57
2e791ecb4d1a76da	Service Knowledge	Diff	Closing Strategies 3	needs_name	9	58
0a86c8c5fff96cd6	Service Knowledge	Diff	Closing Strategies 4	needs_name	10	59
6c1b3792dee11afa	Service Knowledge	Diff	Closing Strategies 4	needs_name	10	60
0af0bb21b281a199	Service Knowledge	Diff	Closing Strategies 4	needs_name	10	61
f3264dc5d42c7e0f	Service Knowledge	Diff	Closing Strategies 4	needs_name	10	62
88dffa27b029661f	Service Knowledge	Diff	Closing Strategies 4	needs_name	10	63
1db59145f831ea73	Service Knowledge	Diff	Closing Strategies 4	needs_name	10	64
190060d64ab45d54	Service Knowledge	Diff	Closing Strategies 4	needs_name	10	65
5df9a53929e3b628	Service Knowledge	Diff	Closing Strategies 4	needs_name	10	66
415a91f024836369	Service Knowledge	Diff	Closing Strategies 5	needs_name	11	67
ec95782a1d329b9f	Service Knowledge	Diff	Closing Strategies 5	needs_name	11	68
f842a332b232119d	Service Knowledge	Diff	Closing Strategies 5	needs_name	11	69
14efe3b2592c6f5d	Service Knowledge	Diff	Closing Strategies 5	needs_name	11	70
9003c5443783dcab	Service Knowledge	Diff	Closing Strategies 5	needs_name	11	71
7c6fbad9dd7cdb96	Service Knowledge	Diff	Closing Strategies 5	needs_name	11	72
bbc8e96b10a70b18	Service Knowledge	Diff	Closing Strategies 5	needs_name	11	73
8c6ab0c2482085b2	Service Knowledge	Diff	Closing Strategies 5	needs_name	11	74
84a231906f6a8597	Service Knowledge	Diff	Closing Strategies 6	needs_name	12	75
64c3c822508dcd69	Service Knowledge	Diff	Closing Strategies 6	needs_name	12	76
980605e89407529b	Service Knowledge	Diff	Closing Strategies 6	needs_name	12	77
77ce741dfb2af20c	Service Knowledge	Diff	Closing Strategies 6	needs_name	12	78
86babaa1cabc9f90	Service Knowledge	Diff	Closing Strategies 6	needs_name	12	79
bed24923b6bde94f	Service Knowledge	Diff	Closing Strategies 6	needs_name	12	80
a4dd45a143a056b3	Service Knowledge	EV Hybrid	Knowledge Notes 1	needs_name	1	1
c6608ea69923ea4e	Service Knowledge	EV Hybrid	Knowledge Notes 1	needs_name	1	2
86bded6e170b8721	Service Knowledge	EV Hybrid	Knowledge Notes 1	needs_name	1	3
a77c7142fc57ad91	Service Knowledge	EV Hybrid	Knowledge Notes 1	needs_name	1	4
d7cc7ce9cc6f3936	Service Knowledge	EV Hybrid	Knowledge Notes 1	needs_name	1	5
ec2a04eda5ee82ac	Service Knowledge	EV Hybrid	Knowledge Notes 1	needs_name	1	6
97b9132466724ab5	Service Knowledge	EV Hybrid	Knowledge Notes 1	needs_name	1	7
f9990bf1d884fa9e	Service Knowledge	EV Hybrid	Knowledge Notes 1	needs_name	1	8
6b4f5a4246b2133b	Service Knowledge	EV Hybrid	Knowledge Notes 2	needs_name	2	9
2a3ce98af4719a8e	Service Knowledge	EV Hybrid	Knowledge Notes 2	needs_name	2	10
7a04e2a193f2bdb1	Service Knowledge	EV Hybrid	Knowledge Notes 2	needs_name	2	11
8f19e1e36ab6a372	Service Knowledge	EV Hybrid	Knowledge Notes 2	needs_name	2	12
bfa196450198853a	Service Knowledge	EV Hybrid	Knowledge Notes 2	needs_name	2	13
4aaa863b87163d4c	Service Knowledge	EV Hybrid	Knowledge Notes 2	needs_name	2	14
4c63c06feaa0dd44	Service Knowledge	EV Hybrid	Knowledge Notes 2	needs_name	2	15
3c9ab42f029ffa21	Service Knowledge	EV Hybrid	Knowledge Notes 2	needs_name	2	16
3acda617225fe69f	Service Knowledge	EV Hybrid	Knowledge Notes 3	needs_name	3	17
000e2fed0451d3e8	Service Knowledge	EV Hybrid	Knowledge Notes 3	needs_name	3	18
5aea27b590c5f973	Service Knowledge	EV Hybrid	Knowledge Notes 3	needs_name	3	19
f39cdb7a65a47374	Service Knowledge	EV Hybrid	Knowledge Notes 3	needs_name	3	20
a1328843d4545322	Service Knowledge	EV Hybrid	Knowledge Notes 3	needs_name	3	21
a1c507ccd177a777	Service Knowledge	EV Hybrid	Knowledge Notes 3	needs_name	3	22
4275d50532be0b6b	Service Knowledge	EV Hybrid	Knowledge Notes 3	needs_name	3	23
a32c72a3210240c0	Service Knowledge	EV Hybrid	Knowledge Notes 3	needs_name	3	24
befb810a109e8d16	Service Knowledge	EV Hybrid	Knowledge Notes 4	needs_name	4	25
21a3d49075bd4506	Service Knowledge	EV Hybrid	Knowledge Notes 4	needs_name	4	26
d9682a46a375909a	Service Knowledge	EV Hybrid	Knowledge Notes 4	needs_name	4	27
b7dcb6b0595f6f74	Service Knowledge	EV Hybrid	Knowledge Notes 4	needs_name	4	28
c63b307ba29244a2	Service Knowledge	EV Hybrid	Knowledge Notes 4	needs_name	4	29
184f5005d40b0170	Service Knowledge	EV Hybrid	Knowledge Notes 4	needs_name	4	30
3be8651f6ca643fd	Service Knowledge	EV Hybrid	Knowledge Notes 4	needs_name	4	31
1af23c3736f98175	Service Knowledge	EV Hybrid	Knowledge Notes 4	needs_name	4	32
45c098d681f8d8f9	Service Knowledge	EV Hybrid	Knowledge Notes 5	needs_name	5	33
86eeea8043c4ad41	Service Knowledge	EV Hybrid	Knowledge Notes 5	needs_name	5	34
87d952c6f4c2c51f	Service Knowledge	EV Hybrid	Knowledge Notes 5	needs_name	5	35
90ddffc040065e8b	Service Knowledge	EV Hybrid	Knowledge Notes 5	needs_name	5	36
d5d8a46c29461fbb	Service Knowledge	EV Hybrid	Knowledge Notes 5	needs_name	5	37
33c123d2daebe590	Service Knowledge	EV Hybrid	Knowledge Notes 5	needs_name	5	38
7ce39c2705d7928b	Service Knowledge	EV Hybrid	Closing Strategies 1	needs_name	6	39
df5d9652ec78ad41	Service Knowledge	EV Hybrid	Closing Strategies 1	needs_name	6	40
a12fbeb800c1a017	Service Knowledge	EV Hybrid	Closing Strategies 1	needs_name	6	41
c6c176c549f12ad6	Service Knowledge	EV Hybrid	Closing Strategies 1	needs_name	6	42
ef57959a94f7f825	Service Knowledge	EV Hybrid	Closing Strategies 1	needs_name	6	43
5f8f8044f71123a5	Service Knowledge	EV Hybrid	Closing Strategies 1	needs_name	6	44
5e11baef1c9c9430	Service Knowledge	EV Hybrid	Closing Strategies 1	needs_name	6	45
dab36dcfb989b560	Service Knowledge	EV Hybrid	Closing Strategies 1	needs_name	6	46
4e94cc1a76af4abb	Service Knowledge	EV Hybrid	Closing Strategies 2	needs_name	7	47
3baba2d6a1da5715	Service Knowledge	EV Hybrid	Closing Strategies 2	needs_name	7	48
673e94e11e8ebfca	Service Knowledge	EV Hybrid	Closing Strategies 2	needs_name	7	49
4e7541eea16daa50	Service Knowledge	EV Hybrid	Closing Strategies 2	needs_name	7	50
5ad793d6a32964af	Service Knowledge	EV Hybrid	Closing Strategies 2	needs_name	7	51
e530eab2d3d488bb	Service Knowledge	EV Hybrid	Closing Strategies 2	needs_name	7	52
f734d3894305e864	Service Knowledge	EV Hybrid	Closing Strategies 2	needs_name	7	53
8fef9e47b2d745b3	Service Knowledge	EV Hybrid	Closing Strategies 2	needs_name	7	54
63b6bb4f36526b3f	Service Knowledge	EV Hybrid	Closing Strategies 3	needs_name	8	55
9674f648e30c4946	Service Knowledge	EV Hybrid	Closing Strategies 3	needs_name	8	56
5d2455e306c543b0	Service Knowledge	EV Hybrid	Closing Strategies 3	needs_name	8	57
365525ca323adc0f	Service Knowledge	EV Hybrid	Closing Strategies 3	needs_name	8	58
91960f1abad6c839	Service Knowledge	EV Hybrid	Closing Strategies 3	needs_name	8	59
b7b8460806979a92	Service Knowledge	EV Hybrid	Closing Strategies 3	needs_name	8	60
463fd664b5b7c9f8	Service Knowledge	EV Hybrid	Closing Strategies 3	needs_name	8	61
69168de0ad46c688	Service Knowledge	EV Hybrid	Closing Strategies 3	needs_name	8	62
b87ab8d1326eacbb	Service Knowledge	EV Hybrid	Closing Strategies 4	needs_name	9	63
49b4b9491c5a2a69	Service Knowledge	EV Hybrid	Closing Strategies 4	needs_name	9	64
a680fe50411960ba	Service Knowledge	EV Hybrid	Closing Strategies 4	needs_name	9	65
ebc313fc0f7cc2fc	Service Knowledge	EV Hybrid	Closing Strategies 4	needs_name	9	66
27a0d83df2e1c034	Service Knowledge	EV Hybrid	Closing Strategies 4	needs_name	9	67
09767cd1dd7a043c	Service Knowledge	EV Hybrid	Closing Strategies 4	needs_name	9	68
8fd303979e7ec37d	Service Knowledge	EV Hybrid	Closing Strategies 4	needs_name	9	69
826453f89e5b115b	Service Knowledge	EV Hybrid	Closing Strategies 4	needs_name	9	70
9eb99453d615016d	Service Knowledge	EV Hybrid	Closing Strategies 5	needs_name	10	71
5fd5c1103235ec97	Service Knowledge	EV Hybrid	Closing Strategies 5	needs_name	10	72
16a3da0015204c7e	Service Knowledge	EV Hybrid	Closing Strategies 5	needs_name	10	73
6303376ecf7684e1	Service Knowledge	EV Hybrid	Closing Strategies 5	needs_name	10	74
d87dc39ebe1b0989	Service Knowledge	EV Hybrid	Closing Strategies 5	needs_name	10	75
396b9f6bb78e0171	Service Knowledge	EV Hybrid	Closing Strategies 5	needs_name	10	76
6fe2892a3fa16053	Service Knowledge	EV Hybrid	Closing Strategies 5	needs_name	10	77
b046499f1b42a267	Service Knowledge	EV Hybrid	Closing Strategies 5	needs_name	10	78
7fbbe7ccb4d62b03	Service Knowledge	EV Hybrid	Closing Strategies 6	needs_name	11	79
ce3319e1374c2adc	Service Knowledge	EV Hybrid	Closing Strategies 6	needs_name	11	80
a323de3b4a0183c2	Service Knowledge	EV Hybrid	Closing Strategies 6	needs_name	11	81
23168f478bb28ee5	Service Knowledge	EV Hybrid	Closing Strategies 6	needs_name	11	82
4b6613fc12ccfd43	Service Knowledge	EV Hybrid	Closing Strategies 6	needs_name	11	83
c1ff3030ab2a3fde	Service Knowledge	EV Hybrid	Closing Strategies 6	needs_name	11	84
f7863c04f60abc3f	Service Knowledge	EV Hybrid	Closing Strategies 6	needs_name	11	85
609007c073f49e59	Service Knowledge	EV Hybrid	Closing Strategies 6	needs_name	11	86
f60fe777df166817	Service Knowledge	EV Hybrid	Closing Strategies 7	needs_name	12	87
f7acdf0dca91d4c0	Service Knowledge	EV Hybrid	Closing Strategies 7	needs_name	12	88
2aa37ee2495bc046	Service Knowledge	EV Hybrid	Closing Strategies 7	needs_name	12	89
aece30b29affbf13	Service Knowledge	Eng Flush	Knowledge Notes 1	needs_name	1	1
227570aaef8cbc06	Service Knowledge	Eng Flush	Knowledge Notes 1	needs_name	1	2
634db4f6c28d5f5c	Service Knowledge	Eng Flush	Knowledge Notes 1	needs_name	1	3
019961c675afddc1	Service Knowledge	Eng Flush	Knowledge Notes 1	needs_name	1	4
3fd88a1c8335fc7c	Service Knowledge	Eng Flush	Knowledge Notes 1	needs_name	1	5
59eb4291e71eeeb6	Service Knowledge	Eng Flush	Knowledge Notes 1	needs_name	1	6
c9f3eecb12141c14	Service Knowledge	Eng Flush	Knowledge Notes 1	needs_name	1	7
e287ccce414fa7d2	Service Knowledge	Eng Flush	Knowledge Notes 1	needs_name	1	8
8eab344cd9dddc4f	Service Knowledge	Eng Flush	Knowledge Notes 2	needs_name	2	9
268a5300b9dc71e2	Service Knowledge	Eng Flush	Knowledge Notes 2	needs_name	2	10
c55605365c42a199	Service Knowledge	Eng Flush	Knowledge Notes 2	needs_name	2	11
7f1f1ab1c3195508	Service Knowledge	Eng Flush	Knowledge Notes 2	needs_name	2	12
c45e4a83e283849b	Service Knowledge	Eng Flush	Knowledge Notes 2	needs_name	2	13
cb0ab57aa4801c43	Service Knowledge	Eng Flush	Knowledge Notes 2	needs_name	2	14
8a6fe4f82fb01671	Service Knowledge	Eng Flush	Knowledge Notes 2	needs_name	2	15
d3a3a74afcaf5218	Service Knowledge	Eng Flush	Knowledge Notes 2	needs_name	2	16
0f08a87feab28ac6	Service Knowledge	Eng Flush	Knowledge Notes 3	needs_name	3	17
a378167835f013e1	Service Knowledge	Eng Flush	Knowledge Notes 3	needs_name	3	18
09f1fd3f8b2f9955	Service Knowledge	Eng Flush	Knowledge Notes 3	needs_name	3	19
a1e0d535d327566e	Service Knowledge	Eng Flush	Knowledge Notes 3	needs_name	3	20
ed912bd68a748d08	Service Knowledge	Eng Flush	Knowledge Notes 3	needs_name	3	21
475ae066489082d6	Service Knowledge	Eng Flush	Knowledge Notes 3	needs_name	3	22
8976a519ddb689c5	Service Knowledge	Eng Flush	Knowledge Notes 3	needs_name	3	23
693dad23426ef4e7	Service Knowledge	Eng Flush	Closing Strategies 1	needs_name	4	24
bb2238c37357bb33	Service Knowledge	Eng Flush	Closing Strategies 1	needs_name	4	25
f699c29cbcee9fd6	Service Knowledge	Eng Flush	Closing Strategies 1	needs_name	4	26
3b0cf23e69737b6b	Service Knowledge	Eng Flush	Closing Strategies 1	needs_name	4	27
5769c49a0c8769e9	Service Knowledge	Eng Flush	Closing Strategies 1	needs_name	4	28
743d30bdf84513b4	Service Knowledge	Eng Flush	Closing Strategies 1	needs_name	4	29
9a2c67bd89ec7f4c	Service Knowledge	Eng Flush	Closing Strategies 1	needs_name	4	30
53aa53faddd4a223	Service Knowledge	Eng Flush	Closing Strategies 1	needs_name	4	31
323b862e634e80ef	Service Knowledge	Eng Flush	Closing Strategies 2	needs_name	5	32
e437554456d0261c	Service Knowledge	Eng Flush	Closing Strategies 2	needs_name	5	33
042353b962687517	Service Knowledge	Eng Flush	Closing Strategies 2	needs_name	5	34
e7443382a161a351	Service Knowledge	Eng Flush	Closing Strategies 2	needs_name	5	35
b8320d9944ec476d	Service Knowledge	Eng Flush	Closing Strategies 2	needs_name	5	36
fa5dd2454daf6867	Service Knowledge	Eng Flush	Closing Strategies 2	needs_name	5	37
2c19d5a1177b4e3f	Service Knowledge	Eng Flush	Closing Strategies 2	needs_name	5	38
888c6c7abc1bf3ce	Service Knowledge	Eng Flush	Closing Strategies 2	needs_name	5	39
f4ea6ab27a790178	Service Knowledge	Eng Flush	Closing Strategies 3	needs_name	6	40
e88a6b3f40d7c127	Service Knowledge	Eng Flush	Closing Strategies 3	needs_name	6	41
0910f9ca762656fe	Service Knowledge	Eng Flush	Closing Strategies 3	needs_name	6	42
f62fbcc93df4ffd8	Service Knowledge	Eng Flush	Closing Strategies 3	needs_name	6	43
2122634847d910ee	Service Knowledge	Eng Flush	Closing Strategies 3	needs_name	6	44
26aa11695f71ce2d	Service Knowledge	Eng Flush	Closing Strategies 3	needs_name	6	45
d07e3ed84fd59cdc	Service Knowledge	Eng Flush	Closing Strategies 3	needs_name	6	46
bef0f142d43feaeb	Service Knowledge	Eng Flush	Closing Strategies 3	needs_name	6	47
471891e3f225bcb7	Service Knowledge	Eng Flush	Closing Strategies 4	needs_name	7	48
57c2bd0334d57803	Service Knowledge	Eng Flush	Closing Strategies 4	needs_name	7	49
2b94710c445797d5	Service Knowledge	Eng Flush	Closing Strategies 4	needs_name	7	50
3b63ee9e3ca7cfe6	Service Knowledge	Eng Flush	Closing Strategies 4	needs_name	7	51
ecad994ea9798942	Service Knowledge	Eng Flush	Closing Strategies 4	needs_name	7	52
51db07f3fc2950c8	Service Knowledge	Eng Flush	Closing Strategies 4	needs_name	7	53
1d27b371b9588f25	Service Knowledge	Eng Flush	Closing Strategies 4	needs_name	7	54
f7ce11a25cd8e945	Service Knowledge	Eng Flush	Closing Strategies 4	needs_name	7	55
c1cb6aeb20292a3c	Service Knowledge	Eng Flush	Closing Strategies 5	needs_name	8	56
983c970e78d41373	Service Knowledge	Fuel Inj	Knowledge Notes 1	needs_name	1	1
eac9a791fcdbc737	Service Knowledge	Fuel Inj	Knowledge Notes 1	needs_name	1	2
f70abde32c58ab71	Service Knowledge	Fuel Inj	Knowledge Notes 1	needs_name	1	3
58b40a4073c4134a	Service Knowledge	Fuel Inj	Knowledge Notes 1	needs_name	1	4
4c43f35d35a81768	Service Knowledge	Fuel Inj	Knowledge Notes 1	needs_name	1	5
9418630782ab145a	Service Knowledge	Fuel Inj	Knowledge Notes 1	needs_name	1	6
676a70d5236d9d9d	Service Knowledge	Fuel Inj	Knowledge Notes 1	needs_name	1	7
76295bc11c9de431	Service Knowledge	Fuel Inj	Knowledge Notes 1	needs_name	1	8
4fd719ed7f20113c	Service Knowledge	Fuel Inj	Knowledge Notes 2	needs_name	2	9
9f5b0bf0ae5b9f26	Service Knowledge	Fuel Inj	Knowledge Notes 2	needs_name	2	10
91b6112be01b4ec8	Service Knowledge	Fuel Inj	Knowledge Notes 2	needs_name	2	11
956b81dc8f5efbea	Service Knowledge	Fuel Inj	Knowledge Notes 2	needs_name	2	12
0f4724cc9957a43e	Service Knowledge	Fuel Inj	Knowledge Notes 2	needs_name	2	13
48b1ee0e59848708	Service Knowledge	Fuel Inj	Knowledge Notes 2	needs_name	2	14
b1bb9238cab30704	Service Knowledge	Fuel Inj	Knowledge Notes 2	needs_name	2	15
be5d66faa1da7ee6	Service Knowledge	Fuel Inj	Knowledge Notes 2	needs_name	2	16
7812384ece5f4c17	Service Knowledge	Fuel Inj	Knowledge Notes 3	needs_name	3	17
01f18885803ba8b4	Service Knowledge	Fuel Inj	Knowledge Notes 3	needs_name	3	18
c03e553daf6aaff6	Service Knowledge	Fuel Inj	Knowledge Notes 3	needs_name	3	19
eeeaea7cfd543a0c	Service Knowledge	Fuel Inj	Knowledge Notes 3	needs_name	3	20
9d62522711cf159a	Service Knowledge	Fuel Inj	Closing Strategies 1	needs_name	4	21
43a537b38996473b	Service Knowledge	Fuel Inj	Closing Strategies 1	needs_name	4	22
14eff90f696de735	Service Knowledge	Fuel Inj	Closing Strategies 1	needs_name	4	23
36819f52def2fe7a	Service Knowledge	Fuel Inj	Closing Strategies 1	needs_name	4	24
d9073f0daf602932	Service Knowledge	Fuel Inj	Closing Strategies 1	needs_name	4	25
7aed5f92fe01b943	Service Knowledge	Fuel Inj	Closing Strategies 1	needs_name	4	26
b2a3e6b721568e78	Service Knowledge	Fuel Inj	Closing Strategies 1	needs_name	4	27
f0bb23b833d85d3e	Service Knowledge	Fuel Inj	Closing Strategies 1	needs_name	4	28
a62b2ac72fdb4cbe	Service Knowledge	Fuel Inj	Closing Strategies 2	needs_name	5	29
bff6567eb1a7ae5a	Service Knowledge	Fuel Inj	Closing Strategies 2	needs_name	5	30
ed10dcde2c4a1b46	Service Knowledge	Fuel Inj	Closing Strategies 2	needs_name	5	31
c9354a08cfb07467	Service Knowledge	Fuel Inj	Closing Strategies 2	needs_name	5	32
0d35e4df2005c7a2	Service Knowledge	Fuel Inj	Closing Strategies 2	needs_name	5	33
8baed75ef9b4b175	Service Knowledge	Fuel Inj	Closing Strategies 2	needs_name	5	34
fda480057b5627fc	Service Knowledge	Fuel Inj	Closing Strategies 2	needs_name	5	35
239b90f0c7b4f451	Service Knowledge	Fuel Inj	Closing Strategies 2	needs_name	5	36
55286c62fdfc4101	Service Knowledge	Fuel Inj	Closing Strategies 3	needs_name	6	37
567b78d401eb0208	Service Knowledge	Fuel Inj	Closing Strategies 3	needs_name	6	38
8a555691498dc3b6	Service Knowledge	Fuel Inj	Closing Strategies 3	needs_name	6	39
dd5cccb4b2b6bdf2	Service Knowledge	Fuel Inj	Closing Strategies 3	needs_name	6	40
bf8864e626b9cf50	Service Knowledge	Fuel Inj	Closing Strategies 3	needs_name	6	41
a596599510614099	Service Knowledge	Fuel Inj	Closing Strategies 3	needs_name	6	42
5e1e40f1560b0b87	Service Knowledge	Fuel Inj	Closing Strategies 3	needs_name	6	43
53fe0ede3d4dbf99	Service Knowledge	Fuel Inj	Closing Strategies 3	needs_name	6	44
153f4201ffde78b8	Service Knowledge	Fuel Inj	Closing Strategies 4	needs_name	7	45
570359bde78e6cc2	Service Knowledge	Fuel Inj	Closing Strategies 4	needs_name	7	46
56e5771e2d713df0	Service Knowledge	Fuel Inj	Closing Strategies 4	needs_name	7	47
2869c9e3685f73ea	Service Knowledge	Fuel Inj	Closing Strategies 4	needs_name	7	48
0ab6906ab74dadb9	Service Knowledge	Fuel Inj	Closing Strategies 4	needs_name	7	49
7e26bb71d715657b	Service Knowledge	Fuel Inj	Closing Strategies 4	needs_name	7	50
4415dfab6db21469	Service Knowledge	Fuel Inj	Closing Strategies 4	needs_name	7	51
cbfb8da22a63c6b4	Service Knowledge	Fuel Inj	Closing Strategies 4	needs_name	7	52
15ab71d183594ce9	Service Knowledge	Fuel Inj	Closing Strategies 5	needs_name	8	53
0a1ed60e4af6f9c7	Service Knowledge	Fuel Inj	Closing Strategies 5	needs_name	8	54
0c391c87d77eb24f	Service Knowledge	Fuel Inj	Closing Strategies 5	needs_name	8	55
837b40df2dd71de2	Service Knowledge	Fuel Inj	Closing Strategies 5	needs_name	8	56
78c31329905fb998	Service Knowledge	Fuel Inj	Closing Strategies 5	needs_name	8	57
b76d1d777b96e734	Service Knowledge	Fuel Inj	Closing Strategies 5	needs_name	8	58
4b60dbfe02a62461	Service Knowledge	Fuel Inj	Closing Strategies 5	needs_name	8	59
f64f80acf0fba3cd	Service Knowledge	Fuel Inj	Closing Strategies 5	needs_name	8	60
5c795ce739fe14ef	Service Knowledge	Fuel Inj	Closing Strategies 6	needs_name	9	61
3e5a4a242ab2ef38	Service Knowledge	Fuel Inj	Closing Strategies 6	needs_name	9	62
fffc3f67f980dafb	Service Knowledge	PSF	Power Steering Warranty	ok	1	1
cd183ce02e477424	Service Knowledge	PSF	Power Steering Warranty	ok	1	2
99a655fff65f0d65	Service Knowledge	PSF	Power Steering Warranty	ok	1	3
91f04570927859b3	Service Knowledge	PSF	Power Steering Warranty	ok	1	4
28dcb49c3f427179	Service Knowledge	PSF	Power Steering Warranty	ok	1	5
ffcec15e0f45e868	Service Knowledge	PSF	Power Steering Warranty	ok	1	6
ab7d6b338b6b6d5e	Service Knowledge	PSF	Knowledge Notes 1	needs_name	2	7
1f2765db25f90d89	Service Knowledge	PSF	Knowledge Notes 1	needs_name	2	8
0994610c63140575	Service Knowledge	PSF	Knowledge Notes 1	needs_name	2	9
0c6a4cccac0e50a8	Service Knowledge	PSF	Knowledge Notes 1	needs_name	2	10
235f5e3676ffb779	Service Knowledge	PSF	Knowledge Notes 1	needs_name	2	11
23febc4b3944a9d9	Service Knowledge	PSF	Knowledge Notes 1	needs_name	2	12
82a1c5d17a127d37	Service Knowledge	PSF	Knowledge Notes 1	needs_name	2	13
962cb46c27de4a6d	Service Knowledge	PSF	Knowledge Notes 1	needs_name	2	14
6d8f238a9ae14739	Service Knowledge	PSF	Knowledge Notes 2	needs_name	3	15
031e206b0038ef0f	Service Knowledge	PSF	Knowledge Notes 2	needs_name	3	16
b96999a784baef1d	Service Knowledge	PSF	Knowledge Notes 2	needs_name	3	17
5054dbc09e6368c0	Service Knowledge	PSF	Knowledge Notes 2	needs_name	3	18
45ee5c9059829db4	Service Knowledge	PSF	Knowledge Notes 2	needs_name	3	19
8a37151474632a79	Service Knowledge	PSF	Knowledge Notes 2	needs_name	3	20
a7ba891b58d273d3	Service Knowledge	PSF	Knowledge Notes 2	needs_name	3	21
155e697fc8f44142	Service Knowledge	PSF	Knowledge Notes 2	needs_name	3	22
0c317325ef0c9285	Service Knowledge	PSF	Knowledge Notes 3	needs_name	4	23
e352ec37879e0355	Service Knowledge	PSF	Knowledge Notes 3	needs_name	4	24
5fea159f9f814dff	Service Knowledge	PSF	Knowledge Notes 3	needs_name	4	25
b0c7e763380d9582	Service Knowledge	PSF	Knowledge Notes 3	needs_name	4	26
c91b33ae7a83c2d1	Service Knowledge	PSF	Closing Strategies 1	needs_name	5	27
53a3669e2b13a557	Service Knowledge	PSF	Closing Strategies 1	needs_name	5	28
1ddb3c69809891c5	Service Knowledge	PSF	Closing Strategies 1	needs_name	5	29
626d436eba876eeb	Service Knowledge	PSF	Closing Strategies 1	needs_name	5	30
5dc582304362a43a	Service Knowledge	PSF	Closing Strategies 1	needs_name	5	31
2f2b55c4e5af24df	Service Knowledge	PSF	Closing Strategies 1	needs_name	5	32
a1fe7c896fb65e20	Service Knowledge	PSF	Closing Strategies 1	needs_name	5	33
308e3e7c679a077f	Service Knowledge	PSF	Closing Strategies 1	needs_name	5	34
06506fcac7ca7cd8	Service Knowledge	PSF	Closing Strategies 2	needs_name	6	35
212640944fa5571f	Service Knowledge	PSF	Closing Strategies 2	needs_name	6	36
66d320f1dd655047	Service Knowledge	PSF	Closing Strategies 2	needs_name	6	37
061363814230e9e8	Service Knowledge	PSF	Closing Strategies 2	needs_name	6	38
3c6193d894f8781b	Service Knowledge	PSF	Closing Strategies 2	needs_name	6	39
075299d5d897b290	Service Knowledge	PSF	Closing Strategies 2	needs_name	6	40
cfc002ffb08bd36f	Service Knowledge	PSF	Closing Strategies 2	needs_name	6	41
36433d1b30591b61	Service Knowledge	PSF	Closing Strategies 2	needs_name	6	42
a3854f2a20208015	Service Knowledge	PSF	Closing Strategies 3	needs_name	7	43
1a64db89e072fdc1	Service Knowledge	PSF	Closing Strategies 3	needs_name	7	44
ff05f43447d32353	Service Knowledge	PSF	Closing Strategies 3	needs_name	7	45
06bab5b0c387a441	Service Knowledge	PSF	Closing Strategies 3	needs_name	7	46
856848c0578d2ba2	Service Knowledge	PSF	Closing Strategies 3	needs_name	7	47
70dc48b3fa2ea6ab	Service Knowledge	PSF	Closing Strategies 3	needs_name	7	48
08d625b4d88fd720	Service Knowledge	PSF	Closing Strategies 3	needs_name	7	49
57178c06bcc3139d	Service Knowledge	PSF	Closing Strategies 3	needs_name	7	50
6953f3eb109f0a41	Service Knowledge	PSF	Closing Strategies 4	needs_name	8	51
cd9311f06a30ef79	Service Knowledge	PSF	Closing Strategies 4	needs_name	8	52
dec3f801812c337a	Service Knowledge	PSF	Closing Strategies 4	needs_name	8	53
551a3b7a076a9ddc	Service Knowledge	PSF	Closing Strategies 4	needs_name	8	54
5f53d5caba93d9cb	Service Knowledge	PSF	Closing Strategies 4	needs_name	8	55
95350448c8c2a52d	Service Knowledge	PSF	Closing Strategies 4	needs_name	8	56
5e2bce0e5c3681ac	Service Knowledge	PSF	Closing Strategies 4	needs_name	8	57
75685591c87800f1	Service Knowledge	PSF	Closing Strategies 4	needs_name	8	58
dd6e79162ddec392	Service Knowledge	PSF	Closing Strategies 5	needs_name	9	59
f8adda2cfce384bd	Service Knowledge	PSF	Closing Strategies 5	needs_name	9	60
58db13135808049d	Service Knowledge	PSF	Closing Strategies 5	needs_name	9	61
6112295aa6aebecc	Service Knowledge	PSF	Closing Strategies 5	needs_name	9	62
d77405145dd584fc	Service Knowledge	PSF	Closing Strategies 5	needs_name	9	63
4cdabf61471c3bea	Service Knowledge	PSF	Closing Strategies 5	needs_name	9	64
f472bd4d9b151635	Service Knowledge	PSF	Closing Strategies 5	needs_name	9	65
892eea421313a26d	Service Knowledge	PSF	Closing Strategies 5	needs_name	9	66
7c6fbad9dd7cdb96	Service Knowledge	PSF	Closing Strategies 6	needs_name	10	67
bbc8e96b10a70b18	Service Knowledge	PSF	Closing Strategies 6	needs_name	10	68
1dbd1cdf86ef270c	Service Knowledge	PSF	Closing Strategies 6	needs_name	10	69
4f56e47293ca9f4e	Service Knowledge	PSF	Closing Strategies 6	needs_name	10	70
db100589bd88f5ef	Service Knowledge	PSF	Closing Strategies 6	needs_name	10	71
50ddb4033fa8a7f6	Service Knowledge	PSF	Closing Strategies 6	needs_name	10	72
1ed4dfec73fce49a	Service Knowledge	PSF	Closing Strategies 6	needs_name	10	73
619692f6e9d66f23	Service Knowledge	PSF	Closing Strategies 6	needs_name	10	74
46df25f8f30191f1	Service Knowledge	PSF	Closing Strategies 7	needs_name	11	75
3622ddf90c6a3671	Service Knowledge	PSF	Closing Strategies 7	needs_name	11	76
988228661e8df8d6	Service Knowledge	PSF	Closing Strategies 7	needs_name	11	77
7268c6de24304f10	Service Knowledge	PSF	Closing Strategies 7	needs_name	11	78
80e3d18ea0934024	Service Knowledge	Tank Add	Knowledge Notes 1	needs_name	1	1
e51fda436ef057f3	Service Knowledge	Tank Add	Knowledge Notes 1	needs_name	1	2
5d60e4df236394d2	Service Knowledge	Tank Add	Knowledge Notes 1	needs_name	1	3
f4df35d8ebdd94b7	Service Knowledge	Tank Add	Knowledge Notes 1	needs_name	1	4
8c2e2e6cb58c3b54	Service Knowledge	Tank Add	Knowledge Notes 1	needs_name	1	5
428469cafb33b46a	Service Knowledge	Tank Add	Knowledge Notes 1	needs_name	1	6
af2af1530c4d145e	Service Knowledge	Tank Add	Knowledge Notes 1	needs_name	1	7
0ab97f5fccb61cf0	Service Knowledge	Tank Add	Knowledge Notes 1	needs_name	1	8
f0b398d93e389210	Service Knowledge	Tank Add	Knowledge Notes 2	needs_name	2	9
27b006fde093101a	Service Knowledge	Tank Add	Knowledge Notes 2	needs_name	2	10
4ecbfa47b1014262	Service Knowledge	Tank Add	Knowledge Notes 2	needs_name	2	11
ef01da24ed53f202	Service Knowledge	Tank Add	Knowledge Notes 2	needs_name	2	12
396be1088ecb4ef3	Service Knowledge	Tank Add	Knowledge Notes 2	needs_name	2	13
bb5df9e4d4c45090	Service Knowledge	Tank Add	Knowledge Notes 2	needs_name	2	14
090b5383efdc79bd	Service Knowledge	Tank Add	Knowledge Notes 2	needs_name	2	15
bea5ac6645f717dd	Service Knowledge	Tank Add	Closing Strategies 1	needs_name	3	16
4a0c1f116f43b0c4	Service Knowledge	Tank Add	Closing Strategies 1	needs_name	3	17
d8700794c9d1593b	Service Knowledge	Tank Add	Closing Strategies 1	needs_name	3	18
599dbca10775a558	Service Knowledge	Tank Add	Closing Strategies 1	needs_name	3	19
eb2efc8738f7fed3	Service Knowledge	Tank Add	Closing Strategies 1	needs_name	3	20
07a20deaacda27d2	Service Knowledge	Tank Add	Closing Strategies 1	needs_name	3	21
2e04d7a7febcb998	Service Knowledge	Tank Add	Closing Strategies 1	needs_name	3	22
d67df31b25d7980a	Service Knowledge	Tank Add	Closing Strategies 1	needs_name	3	23
7cae5e07e3be00d5	Service Knowledge	Tank Add	Closing Strategies 2	needs_name	4	24
f06a971859514967	Service Knowledge	Tank Add	Closing Strategies 2	needs_name	4	25
9d33e63e2a535e89	Service Knowledge	Tank Add	Closing Strategies 2	needs_name	4	26
c6438ea9c6800993	Service Knowledge	Tank Add	Closing Strategies 2	needs_name	4	27
4385f3033c605547	Service Knowledge	Tank Add	Closing Strategies 2	needs_name	4	28
0f9bcfeee987ab53	Service Knowledge	Tank Add	Closing Strategies 2	needs_name	4	29
6df25bdd172ad8a6	Service Knowledge	Tank Add	Closing Strategies 2	needs_name	4	30
6afda6a7143003f2	Service Knowledge	Tank Add	Closing Strategies 2	needs_name	4	31
9e51218af918e25a	Service Knowledge	Tank Add	Closing Strategies 3	needs_name	5	32
1b2fcbe42c5cd536	Service Knowledge	Tank Add	Closing Strategies 3	needs_name	5	33
0c890d7d7ab9dab2	Service Knowledge	Tank Add	Closing Strategies 3	needs_name	5	34
61af5cf4f8a261ba	Service Knowledge	Tank Add	Closing Strategies 3	needs_name	5	35
0b844df4b8291d24	Service Knowledge	Tank Add	Closing Strategies 3	needs_name	5	36
15b295c9aaab1536	Service Knowledge	Tank Add	Closing Strategies 3	needs_name	5	37
122ff6fb0ec6ff82	Service Knowledge	Tank Add	Closing Strategies 3	needs_name	5	38
a219e49bfb08306e	Service Knowledge	Tank Add	Closing Strategies 3	needs_name	5	39
fc09689f205ea853	Service Knowledge	Tank Add	Closing Strategies 4	needs_name	6	40
877d787181694665	Service Knowledge	Tank Add	Closing Strategies 4	needs_name	6	41
b5822df22b3433fe	Service Knowledge	Tank Add	Closing Strategies 4	needs_name	6	42
eb8404848b057737	Service Knowledge	Tank Add	Closing Strategies 4	needs_name	6	43
1912225d4cf4526d	Service Knowledge	Tank Add	Closing Strategies 4	needs_name	6	44
01e8aa53b9c10711	Service Knowledge	Tank Add	Closing Strategies 4	needs_name	6	45
c8b4d575104533f9	Service Knowledge	Tank Add	Closing Strategies 4	needs_name	6	46
03ec2382d5e7f2d6	Service Knowledge	Tank Add	Closing Strategies 4	needs_name	6	47
da73a96963372c31	Service Knowledge	Tank Add	Closing Strategies 5	needs_name	7	48
c7955edc89161516	Service Knowledge	Tank Add	Closing Strategies 5	needs_name	7	49
bd338a6a9bb146bc	Service Knowledge	Tank Add	Closing Strategies 5	needs_name	7	50
8b71abc5fbac0c64	Service Knowledge	Throttle	Knowledge Notes 1	needs_name	1	1
82f7eb61ab2b5645	Service Knowledge	Throttle	Knowledge Notes 1	needs_name	1	2
c665e5510d05ac61	Service Knowledge	Throttle	Knowledge Notes 1	needs_name	1	3
c0b092ed4ee79eca	Service Knowledge	Throttle	Knowledge Notes 1	needs_name	1	4
1bf3f681b46336a2	Service Knowledge	Throttle	Knowledge Notes 1	needs_name	1	5
18ab7d0d77b310b6	Service Knowledge	Throttle	Knowledge Notes 1	needs_name	1	6
193749d138ce5b79	Service Knowledge	Throttle	Knowledge Notes 1	needs_name	1	7
e9a952ef08d368f2	Service Knowledge	Throttle	Knowledge Notes 1	needs_name	1	8
812e3243025aa9de	Service Knowledge	Throttle	Knowledge Notes 2	needs_name	2	9
09e01afb8aa3c6f8	Service Knowledge	Throttle	Knowledge Notes 2	needs_name	2	10
a388beabd19e10a7	Service Knowledge	Throttle	Knowledge Notes 2	needs_name	2	11
d0c4b901f0c8dfa3	Service Knowledge	Throttle	Closing Strategies 1	needs_name	3	12
03f82a1295279d8d	Service Knowledge	Throttle	Closing Strategies 1	needs_name	3	13
6859c58c261acf95	Service Knowledge	Throttle	Closing Strategies 1	needs_name	3	14
3d6e85752ff11de6	Service Knowledge	Throttle	Closing Strategies 1	needs_name	3	15
211f54412719827a	Service Knowledge	Throttle	Closing Strategies 1	needs_name	3	16
09c3d19e2d9b5d63	Service Knowledge	Throttle	Closing Strategies 1	needs_name	3	17
7dd9fd771a869359	Service Knowledge	Throttle	Closing Strategies 1	needs_name	3	18
9482764b7a8f80ae	Service Knowledge	Throttle	Closing Strategies 1	needs_name	3	19
134676fb6029532f	Service Knowledge	Throttle	Closing Strategies 2	needs_name	4	20
4564c3dd7c59109a	Service Knowledge	Throttle	Closing Strategies 2	needs_name	4	21
e86565f2effbbd32	Service Knowledge	Throttle	Closing Strategies 2	needs_name	4	22
b980083e375a4ab6	Service Knowledge	Throttle	Closing Strategies 2	needs_name	4	23
f9cee860e2832234	Service Knowledge	Throttle	Closing Strategies 2	needs_name	4	24
20fed69cec9e5957	Service Knowledge	Throttle	Closing Strategies 2	needs_name	4	25
69c576588696a708	Service Knowledge	Throttle	Closing Strategies 2	needs_name	4	26
dc9aeb6f9d441b09	Service Knowledge	Throttle	Closing Strategies 2	needs_name	4	27
23a0f098ac68c0d6	Service Knowledge	Throttle	Closing Strategies 3	needs_name	5	28
2b1c12ac0cca2936	Service Knowledge	Throttle	Closing Strategies 3	needs_name	5	29
3af099033f7d4ac3	Service Knowledge	Throttle	Closing Strategies 3	needs_name	5	30
d29cdc69c1c04a51	Service Knowledge	Throttle	Closing Strategies 3	needs_name	5	31
e2907b766c610818	Service Knowledge	Throttle	Closing Strategies 3	needs_name	5	32
2983200ed1cd7860	Service Knowledge	Throttle	Closing Strategies 3	needs_name	5	33
2a5d1edce9a5c4d2	Service Knowledge	Throttle	Closing Strategies 3	needs_name	5	34
4e608f111383ff14	Service Knowledge	Throttle	Closing Strategies 3	needs_name	5	35
811f40d2b3c0b1ce	Service Knowledge	Throttle	Closing Strategies 4	needs_name	6	36
48ca2f8517bd0f9f	Service Knowledge	Throttle	Closing Strategies 4	needs_name	6	37
98a1c15a087598ee	Service Knowledge	Trans	Chemical Warranty	ok	1	1
1d5dadfc59937d52	Service Knowledge	Trans	Chemical Warranty	ok	1	2
8294c37ee9a9a9b9	Service Knowledge	Trans	Chemical Warranty	ok	1	3
63c2093b4e94c253	Service Knowledge	Trans	Chemical Warranty	ok	1	4
8d4800af25559182	Service Knowledge	Trans	Chemical Warranty	ok	1	5
a81aafea5c8180b9	Service Knowledge	Trans	Knowledge Notes 1	needs_name	2	6
d01ed807574adfb6	Service Knowledge	Trans	Knowledge Notes 1	needs_name	2	7
d4ed14d3d0352645	Service Knowledge	Trans	Knowledge Notes 1	needs_name	2	8
d891b26da01de0d7	Service Knowledge	Trans	Knowledge Notes 1	needs_name	2	9
4161f415587aa65d	Service Knowledge	Trans	Knowledge Notes 1	needs_name	2	10
4902eb3192b329f0	Service Knowledge	Trans	Knowledge Notes 1	needs_name	2	11
e8d56edc4c462aa4	Service Knowledge	Trans	Knowledge Notes 1	needs_name	2	12
898693ec1117ee78	Service Knowledge	Trans	Knowledge Notes 1	needs_name	2	13
e4c19312c97c7832	Service Knowledge	Trans	Knowledge Notes 2	needs_name	3	14
9c511c787098cf54	Service Knowledge	Trans	Knowledge Notes 2	needs_name	3	15
ec914b79b88d3a0f	Service Knowledge	Trans	Knowledge Notes 2	needs_name	3	16
14ed989168979c63	Service Knowledge	Trans	Knowledge Notes 2	needs_name	3	17
43f69810df618d53	Service Knowledge	Trans	Knowledge Notes 2	needs_name	3	18
778c683cd02b48f2	Service Knowledge	Trans	Knowledge Notes 2	needs_name	3	19
6a1763a22dc538d1	Service Knowledge	Trans	Knowledge Notes 2	needs_name	3	20
8acdcd5fc6f33f50	Service Knowledge	Trans	Knowledge Notes 2	needs_name	3	21
4315c53a2f2c0036	Service Knowledge	Trans	Knowledge Notes 3	needs_name	4	22
e8a53ff375895b62	Service Knowledge	Trans	Knowledge Notes 3	needs_name	4	23
393b30b949c490c6	Service Knowledge	Trans	Knowledge Notes 3	needs_name	4	24
b4aace334c3c7772	Service Knowledge	Trans	Knowledge Notes 3	needs_name	4	25
da8722f440c1fb39	Service Knowledge	Trans	Knowledge Notes 3	needs_name	4	26
1351edcc1e06a004	Service Knowledge	Trans	Closing Strategies 1	needs_name	5	27
38da17521d150711	Service Knowledge	Trans	Closing Strategies 1	needs_name	5	28
80a91e9c30b3f7e9	Service Knowledge	Trans	Closing Strategies 1	needs_name	5	29
efea43a0f8c92d8b	Service Knowledge	Trans	Closing Strategies 1	needs_name	5	30
b85a77bcbe5f73cf	Service Knowledge	Trans	Closing Strategies 1	needs_name	5	31
70dcd6e66ca86452	Service Knowledge	Trans	Closing Strategies 1	needs_name	5	32
1535cd6506b8fcbb	Service Knowledge	Trans	Closing Strategies 1	needs_name	5	33
5cc42cb8c3b8a68d	Service Knowledge	Trans	Closing Strategies 1	needs_name	5	34
8cfcb50148e22984	Service Knowledge	Trans	Closing Strategies 2	needs_name	6	35
09e5f250e49c9715	Service Knowledge	Trans	Closing Strategies 2	needs_name	6	36
06506fcac7ca7cd8	Service Knowledge	Trans	Closing Strategies 2	needs_name	6	37
7bf4cc3ddf1ba92c	Service Knowledge	Trans	Closing Strategies 2	needs_name	6	38
edb332c6d277046e	Service Knowledge	Trans	Closing Strategies 2	needs_name	6	39
32a2d842271f0d1d	Service Knowledge	Trans	Closing Strategies 2	needs_name	6	40
fd766c46fd487f27	Service Knowledge	Trans	Closing Strategies 2	needs_name	6	41
68708309788b2bbc	Service Knowledge	Trans	Closing Strategies 2	needs_name	6	42
d66f62fa14c204f9	Service Knowledge	Trans	Closing Strategies 3	needs_name	7	43
015d495dec3cdd34	Service Knowledge	Trans	Closing Strategies 3	needs_name	7	44
c49e429a939a890e	Service Knowledge	Trans	Closing Strategies 3	needs_name	7	45
421d0cfa6e97ea63	Service Knowledge	Trans	Closing Strategies 3	needs_name	7	46
e59f48c38a3ac7e8	Service Knowledge	Trans	Closing Strategies 3	needs_name	7	47
6e0112ba4dd51a47	Service Knowledge	Trans	Closing Strategies 3	needs_name	7	48
9fe32692a531887a	Service Knowledge	Trans	Closing Strategies 3	needs_name	7	49
d034481e9c9f4ad3	Service Knowledge	Trans	Closing Strategies 3	needs_name	7	50
0ecb668ea31eaf30	Service Knowledge	Trans	Closing Strategies 4	needs_name	8	51
969d3c562f34e606	Service Knowledge	Trans	Closing Strategies 4	needs_name	8	52
e0bdc5b4ee37f0d0	Service Knowledge	Trans	Closing Strategies 4	needs_name	8	53
9c1fd167429f4d0c	Service Knowledge	Trans	Closing Strategies 4	needs_name	8	54
55b6a7e122d2c024	Service Knowledge	Trans	Closing Strategies 4	needs_name	8	55
7816e1e7c75b07ab	Service Knowledge	Trans	Closing Strategies 4	needs_name	8	56
9332be4a8e1c2682	Service Knowledge	Trans	Closing Strategies 4	needs_name	8	57
024ff5e5bf52e5ed	Service Knowledge	Trans	Closing Strategies 4	needs_name	8	58
9e39f7274b7c1753	Service Knowledge	Trans	Closing Strategies 5	needs_name	9	59
71f32533e6186ee5	Service Knowledge	Trans	Closing Strategies 5	needs_name	9	60
254143fe0cc4fe57	Service Knowledge	Trans	Closing Strategies 5	needs_name	9	61
1c2b25db65e6c1af	Service Knowledge	Trans	Closing Strategies 5	needs_name	9	62
18c83f824901dbf3	Service Knowledge	Trans	Closing Strategies 5	needs_name	9	63
c8a066be32e8a3b7	Service Knowledge	Trans	Closing Strategies 5	needs_name	9	64
ccffb97a980c5d00	Service Knowledge	Trans	Closing Strategies 5	needs_name	9	65
495e526845c2a4ca	Service Knowledge	Trans	Closing Strategies 5	needs_name	9	66
095a8ad04c4ac66a	Service Knowledge	Trans	Closing Strategies 6	needs_name	10	67
bc538a4729e5269f	Service Knowledge	Trans	Closing Strategies 6	needs_name	10	68
67ff8cd6503b7b90	Service Knowledge	Trans	Closing Strategies 6	needs_name	10	69
fded9e9a178c365b	Service Knowledge	Trans	Closing Strategies 6	needs_name	10	70
7c6fbad9dd7cdb96	Service Knowledge	Trans	Closing Strategies 6	needs_name	10	71
bbc8e96b10a70b18	Service Knowledge	Trans	Closing Strategies 6	needs_name	10	72
8e957e316b39a477	Service Knowledge	Trans	Closing Strategies 6	needs_name	10	73
5fb67e8d6baafbe3	Service Knowledge	Trans	Closing Strategies 6	needs_name	10	74
7e4320c795fc844f	Service Knowledge	Trans	Closing Strategies 7	needs_name	11	75
e02bcd2005e59b91	Service Knowledge	Trans	Closing Strategies 7	needs_name	11	76
c1b1981caa34c016	Service Knowledge	Trans	Closing Strategies 7	needs_name	11	77
cf7d1c2dda506a62	Service Knowledge	Trans	Closing Strategies 7	needs_name	11	78
499ea9eaf97c951c	Service Knowledge	Trans	Closing Strategies 7	needs_name	11	79
66bb1d8b39e9f0fc	Service Knowledge	Trans	Closing Strategies 7	needs_name	11	80
2c80d97454ef264d	Service Knowledge	Trans	Closing Strategies 7	needs_name	11	81
5945418579931f60	Service Knowledge	Trans	Closing Strategies 7	needs_name	11	82
